shipment_id,customer_id,route_id,origin_address,destination_address,weight_kg,package_type,service_type,pickup_date,estimated_delivery,actual_delivery,status,total_cost_idr,tracking_number
SHP00001,CUS0422,RTE014,"Jl. Melati No. 279, Jakarta","Jl. Asia Afrika No. 228, Pekanbaru",25.2,paket_besar,express,2023-08-17,2023-08-20,2023-08-23,delivered,793800,TRK2308170001
SHP00002,CUS0217,RTE029,"Jl. Setiabudi No. 233, Surabaya","Jl. Kenanga No. 196, Manado",5.8,paket_besar,regular,2023-12-20,2023-12-25,2023-12-30,delivered,98600,TRK2312200001
SHP00003,CUS0476,RTE053,"Jl. Kebon Jeruk No. 203, Makassar","Jl. Sudirman No. 192, Denpasar",39.1,paket_sedang,regular,2023-06-26,2023-06-30,2023-06-30,delivered,449650,TRK2306260001
SHP00004,CUS0425,RTE031,"Jl. Sudirman No. 213, Surabaya","Jl. Thamrin No. 8, Pekanbaru",1.4,paket_besar,express,2023-10-13,2023-10-16,2023-10-16,delivered,56700,TRK2310130001
SHP00005,CUS0586,RTE056,"Jl. Veteran No. 285, Makassar","Jl. Imam Bonjol No. 99, Kendari",30.9,paket_kecil,regular,2024-05-28,2024-05-31,2024-05-31,delivered,293550,TRK2405280001
SHP00006,CUS0400,RTE023,"Jl. Imam Bonjol No. 163, Surabaya","Jl. Anggrek No. 82, Denpasar",21.9,dokumen,regular,2024-10-29,2024-11-01,2024-11-01,delivered,208050,TRK2410290001
SHP00007,CUS0591,RTE051,"Jl. Setiabudi No. 134, Medan","Jl. Kenanga No. 82, Batam",47.4,paket_kecil,regular,2022-02-22,2022-02-26,2022-02-26,delivered,568800,TRK2202220001
SHP00008,CUS0157,RTE004,"Jl. Cempaka No. 279, Jakarta","Jl. Gatot Subroto No. 293, Bekasi",19.2,paket_besar,regular,2024-07-18,2024-07-19,2024-07-20,delivered,134400,TRK2407180001
SHP00009,CUS0367,RTE024,"Jl. Veteran No. 114, Surabaya","Jl. Pemuda No. 100, Bandung",26.8,paket_kecil,same_day,2024-02-14,2024-02-14,2024-02-16,delivered,944700,TRK2402140001
SHP00010,CUS0053,RTE036,"Jl. Gatot Subroto No. 74, Bandung","Jl. Kebon Jeruk No. 12, Solo",32.0,paket_sedang,regular,2022-08-16,2022-08-19,2022-08-20,delivered,304000,TRK2208160001
SHP00011,CUS0126,RTE014,"Jl. Diponegoro No. 145, Jakarta","Jl. Ahmad Yani No. 93, Pekanbaru",4.7,paket_sedang,regular,2023-03-02,2023-03-07,2023-03-07,delivered,65800,TRK2303020001
SHP00012,CUS0503,RTE003,"Jl. Cendrawasih No. 38, Jakarta","Jl. Melati No. 40, Tangerang",10.6,paket_sedang,regular,2024-07-12,2024-07-13,2024-07-15,delivered,74200,TRK2407120001
SHP00013,CUS0185,RTE039,"Jl. Sudirman No. 92, Bandung","Jl. Raya Bogor No. 291, Denpasar",31.6,paket_besar,regular,2023-12-04,2023-12-08,2023-12-13,delivered,426600,TRK2312040001
SHP00014,CUS0496,RTE079,"Jl. Cempaka No. 280, Pontianak","Jl. Sudirman No. 82, Jakarta",26.1,paket_kecil,regular,2023-01-30,2023-02-03,2023-02-04,delivered,300150,TRK2301300001
SHP00015,CUS0549,RTE003,"Jl. Anggrek No. 263, Jakarta","Jl. Setiabudi No. 79, Tangerang",10.9,paket_kecil,regular,2022-03-02,2022-03-03,2022-03-03,delivered,76300,TRK2203020001
SHP00016,CUS0226,RTE011,"Jl. Pajajaran No. 65, Jakarta","Jl. Ahmad Yani No. 141, Medan",24.1,fragile,regular,2023-08-26,2023-08-31,2023-09-01,delivered,433800,TRK2308260001
SHP00017,CUS0508,RTE056,"Jl. Anggrek No. 205, Makassar","Jl. Merdeka No. 129, Kendari",8.7,paket_sedang,same_day,2023-07-30,2023-07-30,2023-08-04,delivered,247950,TRK2307300001
SHP00018,CUS0106,RTE075,"Jl. Setiabudi No. 160, Palembang","Jl. Pahlawan No. 106, Padang",47.7,paket_sedang,regular,2024-05-17,2024-05-21,2024-05-22,delivered,643950,TRK2405170001
SHP00019,CUS0279,RTE041,"Jl. Cempaka No. 56, Semarang","Jl. Cempaka No. 197, Solo",21.5,paket_sedang,regular,2022-05-12,2022-05-14,2022-05-14,delivered,161250,TRK2205120001
SHP00020,CUS0035,RTE066,"Jl. Ahmad Yani No. 210, Yogyakarta","Jl. Pemuda No. 272, Bandung",17.7,dokumen,regular,2023-10-23,2023-10-26,2023-10-26,delivered,168150,TRK2310230001
SHP00021,CUS0191,RTE046,"Jl. Veteran No. 38, Medan","Jl. Merdeka No. 191, Padang",18.7,paket_besar,regular,2022-01-20,2022-01-23,2022-01-23,delivered,205700,TRK2201200001
SHP00022,CUS0012,RTE043,"Jl. Merdeka No. 239, Semarang","Jl. Mangga No. 165, Surabaya",44.9,paket_sedang,regular,2023-08-04,2023-08-07,2023-08-08,delivered,404100,TRK2308040001
SHP00023,CUS0540,RTE028,"Jl. Asia Afrika No. 288, Surabaya","Jl. Ahmad Yani No. 39, Balikpapan",28.7,paket_sedang,express,2024-06-10,2024-06-12,2024-06-12,delivered,688800,TRK2406100001
SHP00024,CUS0328,RTE026,"Jl. Merdeka No. 26, Surabaya","Jl. Melati No. 256, Solo",2.4,paket_kecil,regular,2022-09-12,2022-09-14,2022-09-15,delivered,20400,TRK2209120001
SHP00025,CUS0335,RTE076,"Jl. Imam Bonjol No. 122, Palembang","Jl. Mangga No. 11, Jakarta",14.3,paket_sedang,express,2022-01-10,2022-01-12,2022-01-15,delivered,264550,TRK2201100001
SHP00026,CUS0292,RTE017,"Jl. Imam Bonjol No. 19, Jakarta","Jl. Kenanga No. 271, Balikpapan",2.1,paket_sedang,regular,2024-08-20,2024-08-25,,in_transit,31500,TRK2408200001
SHP00027,CUS0098,RTE054,"Jl. Pajajaran No. 155, Makassar","Jl. Ahmad Yani No. 163, Balikpapan",37.7,paket_sedang,express,2023-10-04,2023-10-06,,in_transit,867100,TRK2310040001
SHP00028,CUS0506,RTE079,"Jl. Thamrin No. 202, Pontianak","Jl. Pemuda No. 233, Jakarta",24.7,paket_sedang,regular,2024-02-05,2024-02-09,2024-02-12,delivered,284050,TRK2402050001
SHP00029,CUS0106,RTE004,"Jl. Veteran No. 25, Jakarta","Jl. Sudirman No. 72, Bekasi",5.3,paket_kecil,express,2024-06-11,2024-06-12,2024-06-12,delivered,82150,TRK2406110001
SHP00030,CUS0091,RTE025,"Jl. Pajajaran No. 189, Surabaya","Jl. Kenanga No. 3, Makassar",46.7,paket_besar,regular,2022-03-30,2022-04-03,2022-04-03,delivered,560400,TRK2203300001
SHP00031,CUS0312,RTE010,"Jl. Ahmad Yani No. 169, Jakarta","Jl. Margonda No. 195, Denpasar",13.6,paket_kecil,regular,2024-08-01,2024-08-05,2024-08-05,delivered,190400,TRK2408010001
SHP00032,CUS0327,RTE019,"Jl. Setiabudi No. 300, Jakarta","Jl. Cendrawasih No. 229, Banjarmasin",33.4,paket_sedang,regular,2024-09-05,2024-09-09,2024-09-10,delivered,450900,TRK2409050001
SHP00033,CUS0288,RTE042,"Jl. Setiabudi No. 248, Semarang","Jl. Veteran No. 48, Malang",13.3,paket_kecil,regular,2023-12-24,2023-12-27,2023-12-28,delivered,126350,TRK2312240001
SHP00034,CUS0249,RTE027,"Jl. Margonda No. 40, Surabaya","Jl. Gatot Subroto No. 254, Medan",3.1,dokumen,regular,2024-08-16,2024-08-22,2024-08-24,delivered,65100,TRK2408160001
SHP00035,CUS0193,RTE063,"Jl. Asia Afrika No. 175, Yogyakarta","Jl. Merdeka No. 271, Malang",25.7,paket_kecil,regular,2024-07-18,2024-07-21,2024-07-22,delivered,244150,TRK2407180002
SHP00036,CUS0517,RTE014,"Jl. Diponegoro No. 113, Jakarta","Jl. Gajah Mada No. 198, Pekanbaru",48.8,paket_besar,express,2023-02-20,2023-02-23,,in_transit,1537200,TRK2302200001
SHP00037,CUS0410,RTE025,"Jl. Gatot Subroto No. 143, Surabaya","Jl. Cendrawasih No. 85, Makassar",34.3,fragile,express,2022-07-29,2022-07-31,2022-07-31,delivered,840350,TRK2207290001
SHP00038,CUS0110,RTE015,"Jl. Veteran No. 9, Jakarta","Jl. Mawar No. 96, Makassar",13.4,paket_sedang,express,2024-07-16,2024-07-19,2024-07-19,delivered,435500,TRK2407160001
SHP00039,CUS0122,RTE071,"Jl. Gatot Subroto No. 182, Pekanbaru","Jl. Cendrawasih No. 109, Padang",7.6,paket_sedang,express,2023-11-15,2023-11-16,,in_transit,155800,TRK2311150001
SHP00040,CUS0055,RTE057,"Jl. Ahmad Yani No. 190, Denpasar","Jl. Asia Afrika No. 26, Mataram",32.5,paket_besar,regular,2023-02-02,2023-02-04,2023-02-04,delivered,260000,TRK2302020001
SHP00041,CUS0413,RTE023,"Jl. Cempaka No. 142, Surabaya","Jl. Anggrek No. 253, Denpasar",26.0,paket_kecil,regular,2023-05-25,2023-05-28,,in_transit,247000,TRK2305250001
SHP00042,CUS0114,RTE029,"Jl. Asia Afrika No. 28, Surabaya","Jl. Thamrin No. 295, Manado",13.4,dokumen,regular,2023-07-19,2023-07-24,2023-07-24,delivered,227800,TRK2307190001
SHP00043,CUS0415,RTE051,"Jl. Imam Bonjol No. 52, Medan","Jl. Veteran No. 138, Batam",24.8,paket_kecil,regular,2023-12-13,2023-12-17,,lost,297600,TRK2312130001
SHP00044,CUS0295,RTE077,"Jl. Pemuda No. 2, Pontianak","Jl. Asia Afrika No. 95, Singkawang",25.2,paket_besar,express,2023-09-18,2023-09-19,2023-09-22,delivered,441000,TRK2309180001
SHP00045,CUS0245,RTE022,"Jl. Hayam Wuruk No. 36, Surabaya","Jl. Pahlawan No. 96, Semarang",16.7,paket_sedang,regular,2024-08-29,2024-09-01,2024-09-01,delivered,150300,TRK2408290001
SHP00046,CUS0022,RTE023,"Jl. Ahmad Yani No. 40, Surabaya","Jl. Pahlawan No. 5, Denpasar",29.7,fragile,express,2022-01-03,2022-01-04,2022-01-05,delivered,623700,TRK2201030001
SHP00047,CUS0254,RTE061,"Jl. Asia Afrika No. 24, Denpasar","Jl. Sudirman No. 291, Yogyakarta",34.0,paket_kecil,regular,2024-12-11,2024-12-14,2024-12-15,delivered,374000,TRK2412110001
SHP00048,CUS0151,RTE013,"Jl. Asia Afrika No. 156, Jakarta","Jl. Pajajaran No. 172, Padang",22.7,paket_besar,express,2023-06-12,2023-06-15,,returned,737750,TRK2306120001
SHP00049,CUS0499,RTE033,"Jl. Gajah Mada No. 235, Bandung","Jl. Sudirman No. 181, Semarang",15.1,paket_kecil,express,2024-09-18,2024-09-20,,returned,286900,TRK2409180001
SHP00050,CUS0116,RTE035,"Jl. Raya Bogor No. 266, Bandung","Jl. Pajajaran No. 11, Surabaya",7.5,paket_sedang,regular,2022-10-18,2022-10-22,2022-10-22,delivered,86250,TRK2210180001
SHP00051,CUS0032,RTE032,"Jl. Mangga No. 221, Bandung","Jl. Gajah Mada No. 106, Bogor",37.2,paket_kecil,regular,2022-08-10,2022-08-12,2022-08-17,delivered,297600,TRK2208100001
SHP00052,CUS0558,RTE058,"Jl. Anggrek No. 90, Denpasar","Jl. Ahmad Yani No. 179, Surabaya",44.4,paket_kecil,regular,2023-07-20,2023-07-23,2023-07-23,delivered,421800,TRK2307200001
SHP00053,CUS0043,RTE075,"Jl. Anggrek No. 176, Palembang","Jl. Cempaka No. 63, Padang",21.7,paket_sedang,regular,2023-08-14,2023-08-18,,lost,292950,TRK2308140001
SHP00054,CUS0113,RTE002,"Jl. Melati No. 76, Jakarta","Jl. Mawar No. 77, Bogor",26.2,paket_kecil,express,2022-11-30,2022-12-01,2022-12-01,delivered,419200,TRK2211300001
SHP00055,CUS0296,RTE009,"Jl. Pemuda No. 8, Jakarta","Jl. Mawar No. 21, Malang",10.9,paket_besar,regular,2022-04-19,2022-04-23,,in_transit,130800,TRK2204190001
SHP00056,CUS0501,RTE040,"Jl. Sudirman No. 221, Semarang","Jl. Gajah Mada No. 1, Yogyakarta",2.6,paket_kecil,regular,2024-10-25,2024-10-27,,returned,19500,TRK2410250001
SHP00057,CUS0575,RTE020,"Jl. Gatot Subroto No. 139, Surabaya","Jl. Diponegoro No. 101, Malang",21.7,fragile,regular,2023-03-25,2023-03-26,2023-03-25,delivered,162750,TRK2303250001
SHP00058,CUS0364,RTE032,"Jl. Raya Bogor No. 198, Bandung","Jl. Cendrawasih No. 205, Bogor",48.3,dokumen,regular,2023-09-11,2023-09-13,2023-09-14,delivered,386400,TRK2309110001
SHP00059,CUS0178,RTE073,"Jl. Cendrawasih No. 166, Pekanbaru","Jl. Mangga No. 72, Medan",34.2,paket_kecil,regular,2024-05-02,2024-05-05,2024-05-06,delivered,324900,TRK2405020001
SHP00060,CUS0309,RTE040,"Jl. Gatot Subroto No. 153, Semarang","Jl. Mangga No. 237, Yogyakarta",27.3,paket_kecil,regular,2022-07-16,2022-07-18,2022-07-18,delivered,204750,TRK2207160001
SHP00061,CUS0453,RTE041,"Jl. Anggrek No. 184, Semarang","Jl. Mawar No. 182, Solo",21.4,paket_sedang,regular,2024-08-02,2024-08-04,2024-08-03,delivered,160500,TRK2408020001
SHP00062,CUS0573,RTE004,"Jl. Setiabudi No. 216, Jakarta","Jl. Gatot Subroto No. 72, Bekasi",30.8,paket_kecil,regular,2024-11-14,2024-11-15,2024-11-15,delivered,215600,TRK2411140001
SHP00063,CUS0557,RTE073,"Jl. Pemuda No. 28, Pekanbaru","Jl. Setiabudi No. 202, Medan",6.4,paket_sedang,regular,2024-11-26,2024-11-29,,in_transit,60800,TRK2411260001
SHP00064,CUS0472,RTE007,"Jl. Gatot Subroto No. 29, Jakarta","Jl. Ahmad Yani No. 55, Yogyakarta",16.7,dokumen,regular,2024-09-13,2024-09-16,,lost,175350,TRK2409130001
SHP00065,CUS0340,RTE008,"Jl. Asia Afrika No. 300, Jakarta","Jl. Raya Bogor No. 262, Solo",37.0,dokumen,regular,2024-11-23,2024-11-26,2024-11-26,delivered,388500,TRK2411230001
SHP00066,CUS0508,RTE018,"Jl. Veteran No. 80, Jakarta","Jl. Pemuda No. 160, Pontianak",36.0,fragile,express,2023-02-16,2023-02-19,2023-02-19,delivered,846000,TRK2302160001
SHP00067,CUS0001,RTE020,"Jl. Cempaka No. 62, Surabaya","Jl. Anggrek No. 50, Malang",12.4,paket_kecil,regular,2024-11-01,2024-11-02,,in_transit,93000,TRK2411010001
SHP00068,CUS0455,RTE051,"Jl. Thamrin No. 63, Medan","Jl. Pemuda No. 208, Batam",24.2,paket_kecil,regular,2025-01-24,2025-01-28,2025-01-28,delivered,290400,TRK2501240001
SHP00069,CUS0450,RTE079,"Jl. Asia Afrika No. 222, Pontianak","Jl. Diponegoro No. 12, Jakarta",9.3,paket_besar,express,2023-05-08,2023-05-11,,returned,209250,TRK2305080001
SHP00070,CUS0175,RTE066,"Jl. Pajajaran No. 280, Yogyakarta","Jl. Merdeka No. 244, Bandung",24.1,paket_kecil,regular,2024-10-06,2024-10-09,,in_transit,228950,TRK2410060001
SHP00071,CUS0377,RTE036,"Jl. Imam Bonjol No. 198, Bandung","Jl. Margonda No. 55, Solo",23.3,paket_besar,regular,2022-02-27,2022-03-02,2022-03-02,delivered,221350,TRK2202270001
SHP00072,CUS0124,RTE073,"Jl. Imam Bonjol No. 6, Pekanbaru","Jl. Mangga No. 156, Medan",1.8,paket_sedang,express,2024-06-29,2024-06-30,2024-06-29,delivered,41400,TRK2406290001
SHP00073,CUS0364,RTE018,"Jl. Mawar No. 235, Jakarta","Jl. Ahmad Yani No. 5, Pontianak",49.1,paket_kecil,express,2023-03-08,2023-03-11,,in_transit,1153850,TRK2303080001
SHP00074,CUS0358,RTE068,"Jl. Imam Bonjol No. 263, Balikpapan","Jl. Gatot Subroto No. 90, Banjarmasin",32.8,paket_kecil,same_day,2023-11-26,2023-11-26,2023-11-27,delivered,1057800,TRK2311260001
SHP00075,CUS0144,RTE036,"Jl. Setiabudi No. 156, Bandung","Jl. Imam Bonjol No. 35, Solo",45.8,paket_sedang,regular,2024-08-24,2024-08-27,2024-08-28,delivered,435100,TRK2408240001
SHP00076,CUS0185,RTE074,"Jl. Margonda No. 260, Palembang","Jl. Setiabudi No. 270, Lampung",13.0,paket_sedang,express,2023-12-14,2023-12-15,,delivered,299000,TRK2312140001
SHP00077,CUS0599,RTE080,"Jl. Imam Bonjol No. 35, Manado","Jl. Thamrin No. 16, Gorontalo",42.6,paket_kecil,regular,2022-08-06,2022-08-09,2022-08-10,delivered,404700,TRK2208060001
SHP00078,CUS0488,RTE042,"Jl. Setiabudi No. 119, Semarang","Jl. Setiabudi No. 122, Malang",5.4,paket_besar,same_day,2024-02-26,2024-02-26,2024-02-28,delivered,149850,TRK2402260001
SHP00079,CUS0431,RTE009,"Jl. Thamrin No. 129, Jakarta","Jl. Asia Afrika No. 20, Malang",42.4,dokumen,same_day,2024-02-06,2024-02-06,2024-02-07,delivered,1812600,TRK2402060001
SHP00080,CUS0031,RTE023,"Jl. Hayam Wuruk No. 56, Surabaya","Jl. Margonda No. 231, Denpasar",18.9,fragile,express,2023-02-14,2023-02-15,2023-02-15,delivered,396900,TRK2302140001
SHP00081,CUS0503,RTE057,"Jl. Raya Bogor No. 147, Denpasar","Jl. Veteran No. 104, Mataram",37.1,paket_sedang,express,2023-01-29,2023-01-30,2023-01-30,delivered,667800,TRK2301290001
SHP00082,CUS0025,RTE013,"Jl. Merdeka No. 18, Jakarta","Jl. Diponegoro No. 3, Padang",18.0,paket_sedang,express,2022-05-28,2022-05-31,2022-05-31,delivered,585000,TRK2205280001
SHP00083,CUS0541,RTE064,"Jl. Merdeka No. 107, Yogyakarta","Jl. Mangga No. 243, Semarang",25.1,paket_kecil,express,2022-10-10,2022-10-11,,returned,363950,TRK2210100001
SHP00084,CUS0069,RTE057,"Jl. Cendrawasih No. 193, Denpasar","Jl. Gatot Subroto No. 292, Mataram",4.0,paket_besar,regular,2022-07-26,2022-07-28,2022-07-28,delivered,32000,TRK2207260001
SHP00085,CUS0237,RTE007,"Jl. Cempaka No. 277, Jakarta","Jl. Hayam Wuruk No. 12, Yogyakarta",11.3,fragile,regular,2024-03-10,2024-03-13,,lost,118650,TRK2403100001
SHP00086,CUS0367,RTE009,"Jl. Pahlawan No. 148, Jakarta","Jl. Gatot Subroto No. 274, Malang",28.8,paket_besar,express,2024-10-21,2024-10-23,,delivered,820800,TRK2410210001
SHP00087,CUS0320,RTE052,"Jl. Cempaka No. 30, Makassar","Jl. Kenanga No. 57, Manado",29.2,fragile,regular,2022-03-03,2022-03-08,,in_transit,438000,TRK2203030001
SHP00088,CUS0034,RTE044,"Jl. Cendrawasih No. 134, Semarang","Jl. Merdeka No. 172, Denpasar",44.4,dokumen,regular,2025-01-25,2025-01-29,,delivered,510600,TRK2501250001
SHP00089,CUS0338,RTE008,"Jl. Veteran No. 253, Jakarta","Jl. Gatot Subroto No. 289, Solo",45.2,paket_besar,same_day,2022-03-14,2022-03-14,2022-03-14,delivered,1695000,TRK2203140001
SHP00090,CUS0073,RTE054,"Jl. Cempaka No. 42, Makassar","Jl. Kenanga No. 246, Balikpapan",47.3,paket_kecil,regular,2022-08-02,2022-08-06,2022-08-05,delivered,543950,TRK2208020001
SHP00091,CUS0520,RTE029,"Jl. Kebon Jeruk No. 180, Surabaya","Jl. Cendrawasih No. 245, Manado",15.2,paket_besar,regular,2022-02-13,2022-02-18,2022-02-21,delivered,258400,TRK2202130001
SHP00092,CUS0027,RTE026,"Jl. Kenanga No. 195, Surabaya","Jl. Raya Bogor No. 10, Solo",27.7,dokumen,same_day,2024-02-12,2024-02-12,,in_transit,831000,TRK2402120001
SHP00093,CUS0129,RTE056,"Jl. Margonda No. 219, Makassar","Jl. Kenanga No. 71, Kendari",5.9,paket_kecil,express,2024-01-24,2024-01-25,,in_transit,112100,TRK2401240001
SHP00094,CUS0361,RTE025,"Jl. Hayam Wuruk No. 224, Surabaya","Jl. Thamrin No. 122, Makassar",11.7,paket_sedang,regular,2024-04-25,2024-04-29,2024-05-01,delivered,140400,TRK2404250001
SHP00095,CUS0550,RTE073,"Jl. Thamrin No. 8, Pekanbaru","Jl. Pajajaran No. 128, Medan",40.6,dokumen,regular,2024-06-17,2024-06-20,2024-06-20,delivered,385700,TRK2406170001
SHP00096,CUS0045,RTE041,"Jl. Gajah Mada No. 126, Semarang","Jl. Pemuda No. 67, Solo",30.3,paket_sedang,regular,2022-06-07,2022-06-09,2022-06-09,delivered,227250,TRK2206070001
SHP00097,CUS0557,RTE027,"Jl. Melati No. 183, Surabaya","Jl. Veteran No. 228, Medan",35.7,fragile,same_day,2023-08-23,2023-08-23,,in_transit,2302650,TRK2308230001
SHP00098,CUS0251,RTE068,"Jl. Ahmad Yani No. 164, Balikpapan","Jl. Margonda No. 278, Banjarmasin",25.2,dokumen,regular,2024-09-22,2024-09-25,2024-09-25,delivered,239400,TRK2409220001
SHP00099,CUS0209,RTE018,"Jl. Anggrek No. 119, Jakarta","Jl. Pemuda No. 284, Pontianak",10.6,paket_kecil,regular,2022-03-15,2022-03-19,2022-03-24,delivered,121900,TRK2203150001
SHP00100,CUS0451,RTE059,"Jl. Asia Afrika No. 11, Denpasar","Jl. Melati No. 18, Lombok",13.6,paket_sedang,regular,2022-06-23,2022-06-25,,returned,108800,TRK2206230001
SHP00101,CUS0062,RTE036,"Jl. Cempaka No. 197, Bandung","Jl. Melati No. 10, Solo",43.2,paket_kecil,regular,2023-04-05,2023-04-08,2023-04-08,delivered,410400,TRK2304050001
SHP00102,CUS0189,RTE056,"Jl. Kenanga No. 27, Makassar","Jl. Raya Bogor No. 157, Kendari",1.7,paket_besar,regular,2023-11-20,2023-11-23,,in_transit,16150,TRK2311200001
SHP00103,CUS0269,RTE076,"Jl. Merdeka No. 15, Palembang","Jl. Hayam Wuruk No. 223, Jakarta",43.3,paket_besar,same_day,2022-04-27,2022-04-27,2022-04-29,delivered,1201575,TRK2204270001
SHP00104,CUS0567,RTE050,"Jl. Pajajaran No. 148, Medan","Jl. Kenanga No. 238, Jakarta",21.2,paket_besar,same_day,2024-11-28,2024-11-28,2024-11-28,delivered,1240200,TRK2411280001
SHP00105,CUS0391,RTE060,"Jl. Pajajaran No. 122, Denpasar","Jl. Diponegoro No. 8, Makassar",14.1,paket_sedang,regular,2022-06-25,2022-06-29,2022-07-04,delivered,162150,TRK2206250001
SHP00106,CUS0556,RTE038,"Jl. Hayam Wuruk No. 293, Bandung","Jl. Imam Bonjol No. 20, Cirebon",30.8,paket_kecil,express,2023-05-29,2023-05-30,2023-06-01,delivered,523600,TRK2305290001
SHP00107,CUS0013,RTE016,"Jl. Pemuda No. 292, Jakarta","Jl. Raya Bogor No. 165, Manado",41.8,paket_besar,regular,2024-08-05,2024-08-12,2024-08-11,delivered,898700,TRK2408050001
SHP00108,CUS0010,RTE060,"Jl. Thamrin No. 184, Denpasar","Jl. Melati No. 285, Makassar",11.0,dokumen,regular,2023-07-21,2023-07-25,2023-07-28,delivered,126500,TRK2307210001
SHP00109,CUS0565,RTE041,"Jl. Gatot Subroto No. 226, Semarang","Jl. Pahlawan No. 133, Solo",38.3,paket_kecil,express,2022-09-18,2022-09-19,2022-09-19,delivered,612800,TRK2209180001
SHP00110,CUS0179,RTE019,"Jl. Cempaka No. 26, Jakarta","Jl. Veteran No. 59, Banjarmasin",32.8,paket_kecil,express,2024-06-20,2024-06-23,2024-06-24,delivered,967600,TRK2406200001
SHP00111,CUS0043,RTE071,"Jl. Margonda No. 117, Pekanbaru","Jl. Thamrin No. 133, Padang",48.8,dokumen,regular,2025-01-11,2025-01-13,2025-01-15,delivered,414800,TRK2501110001
SHP00112,CUS0241,RTE045,"Jl. Asia Afrika No. 40, Semarang","Jl. Anggrek No. 228, Medan",5.7,dokumen,regular,2023-10-30,2023-11-05,2023-11-06,delivered,114000,TRK2310300001
SHP00113,CUS0426,RTE010,"Jl. Kebon Jeruk No. 219, Jakarta","Jl. Pemuda No. 74, Denpasar",1.3,paket_sedang,regular,2023-11-18,2023-11-22,2023-11-27,delivered,18200,TRK2311180001
SHP00114,CUS0384,RTE061,"Jl. Pemuda No. 16, Denpasar","Jl. Pahlawan No. 189, Yogyakarta",2.3,fragile,express,2022-02-22,2022-02-24,,in_transit,49450,TRK2202220002
SHP00115,CUS0109,RTE078,"Jl. Merdeka No. 161, Pontianak","Jl. Anggrek No. 261, Balikpapan",39.2,paket_besar,regular,2024-02-15,2024-02-19,2024-02-21,delivered,509600,TRK2402150001
SHP00116,CUS0034,RTE020,"Jl. Imam Bonjol No. 41, Surabaya","Jl. Gatot Subroto No. 115, Malang",28.3,fragile,express,2025-01-27,2025-01-28,2025-01-30,delivered,452800,TRK2501270001
SHP00117,CUS0552,RTE016,"Jl. Anggrek No. 27, Jakarta","Jl. Cempaka No. 242, Manado",33.0,paket_sedang,regular,2023-07-06,2023-07-13,,in_transit,709500,TRK2307060001
SHP00118,CUS0200,RTE074,"Jl. Pemuda No. 125, Palembang","Jl. Hayam Wuruk No. 125, Lampung",40.0,fragile,regular,2024-07-22,2024-07-25,2024-07-25,delivered,380000,TRK2407220001
SHP00119,CUS0119,RTE031,"Jl. Mawar No. 210, Surabaya","Jl. Gajah Mada No. 41, Pekanbaru",17.7,paket_sedang,regular,2024-09-18,2024-09-23,2024-09-24,delivered,300900,TRK2409180002
SHP00120,CUS0460,RTE054,"Jl. Veteran No. 292, Makassar","Jl. Diponegoro No. 276, Balikpapan",12.3,fragile,express,2022-10-10,2022-10-12,2022-10-13,delivered,282900,TRK2210100002
SHP00121,CUS0294,RTE044,"Jl. Hayam Wuruk No. 61, Semarang","Jl. Gatot Subroto No. 210, Denpasar",21.1,fragile,express,2024-10-09,2024-10-11,2024-10-12,delivered,548600,TRK2410090001
SHP00122,CUS0203,RTE024,"Jl. Mawar No. 8, Surabaya","Jl. Pahlawan No. 62, Bandung",21.0,paket_besar,same_day,2024-08-20,2024-08-20,2024-08-22,delivered,740250,TRK2408200002
SHP00123,CUS0130,RTE005,"Jl. Cendrawasih No. 13, Jakarta","Jl. Margonda No. 86, Semarang",49.5,paket_kecil,express,2024-03-05,2024-03-06,2024-03-09,delivered,1089000,TRK2403050001
SHP00124,CUS0363,RTE017,"Jl. Imam Bonjol No. 286, Jakarta","Jl. Veteran No. 151, Balikpapan",6.0,paket_besar,regular,2022-08-09,2022-08-14,2022-08-19,delivered,90000,TRK2208090001
SHP00125,CUS0047,RTE010,"Jl. Pajajaran No. 182, Jakarta","Jl. Mawar No. 210, Denpasar",31.6,paket_besar,regular,2023-08-16,2023-08-20,2023-08-22,delivered,442400,TRK2308160001
SHP00126,CUS0138,RTE024,"Jl. Pajajaran No. 261, Surabaya","Jl. Gatot Subroto No. 78, Bandung",44.8,paket_sedang,regular,2024-07-17,2024-07-21,2024-07-21,delivered,515200,TRK2407170001
SHP00127,CUS0450,RTE023,"Jl. Anggrek No. 144, Surabaya","Jl. Setiabudi No. 50, Denpasar",11.7,paket_sedang,regular,2024-11-26,2024-11-29,2024-12-02,delivered,111150,TRK2411260002
SHP00128,CUS0594,RTE066,"Jl. Cendrawasih No. 147, Yogyakarta","Jl. Hayam Wuruk No. 197, Bandung",16.0,paket_kecil,regular,2022-03-27,2022-03-30,2022-04-01,delivered,152000,TRK2203270001
SHP00129,CUS0216,RTE056,"Jl. Anggrek No. 143, Makassar","Jl. Mangga No. 161, Kendari",5.1,paket_kecil,regular,2023-08-13,2023-08-16,2023-08-16,delivered,48450,TRK2308130001
SHP00130,CUS0450,RTE029,"Jl. Pahlawan No. 148, Surabaya","Jl. Ahmad Yani No. 55, Manado",46.2,paket_sedang,regular,2022-07-16,2022-07-21,2022-07-21,delivered,785400,TRK2207160002
SHP00131,CUS0521,RTE022,"Jl. Sudirman No. 21, Surabaya","Jl. Kenanga No. 276, Semarang",40.0,dokumen,regular,2024-01-27,2024-01-30,2024-01-30,delivered,360000,TRK2401270001
SHP00132,CUS0585,RTE055,"Jl. Pajajaran No. 228, Makassar","Jl. Anggrek No. 65, Surabaya",41.6,paket_kecil,regular,2022-09-03,2022-09-07,2022-09-07,delivered,499200,TRK2209030001
SHP00133,CUS0443,RTE064,"Jl. Ahmad Yani No. 45, Yogyakarta","Jl. Diponegoro No. 143, Semarang",36.6,paket_kecil,regular,2022-06-11,2022-06-13,2022-06-15,delivered,274500,TRK2206110001
SHP00134,CUS0228,RTE010,"Jl. Hayam Wuruk No. 81, Jakarta","Jl. Anggrek No. 172, Denpasar",13.9,paket_sedang,express,2022-06-01,2022-06-04,2022-06-06,delivered,458700,TRK2206010001
SHP00135,CUS0323,RTE005,"Jl. Cendrawasih No. 52, Jakarta","Jl. Margonda No. 267, Semarang",15.9,paket_besar,express,2022-03-14,2022-03-15,2022-03-18,delivered,349800,TRK2203140002
SHP00136,CUS0009,RTE032,"Jl. Diponegoro No. 193, Bandung","Jl. Veteran No. 101, Bogor",13.3,paket_kecil,regular,2024-10-14,2024-10-16,2024-10-16,delivered,106400,TRK2410140001
SHP00137,CUS0204,RTE012,"Jl. Anggrek No. 110, Jakarta","Jl. Sudirman No. 223, Palembang",3.5,paket_sedang,regular,2022-12-31,2023-01-03,2023-01-02,delivered,33250,TRK2212310001
SHP00138,CUS0270,RTE079,"Jl. Imam Bonjol No. 299, Pontianak","Jl. Veteran No. 179, Jakarta",24.3,paket_sedang,regular,2023-09-07,2023-09-11,,in_transit,279450,TRK2309070001
SHP00139,CUS0238,RTE038,"Jl. Raya Bogor No. 249, Bandung","Jl. Melati No. 201, Cirebon",29.9,paket_sedang,regular,2022-07-17,2022-07-19,2022-07-19,delivered,239200,TRK2207170001
SHP00140,CUS0295,RTE054,"Jl. Mawar No. 167, Makassar","Jl. Veteran No. 218, Balikpapan",5.9,paket_sedang,regular,2022-08-21,2022-08-25,,in_transit,67850,TRK2208210001
SHP00141,CUS0356,RTE051,"Jl. Margonda No. 66, Medan","Jl. Setiabudi No. 248, Batam",42.0,paket_besar,express,2024-04-23,2024-04-25,2024-04-26,delivered,1071000,TRK2404230001
SHP00142,CUS0030,RTE038,"Jl. Ahmad Yani No. 260, Bandung","Jl. Merdeka No. 210, Cirebon",3.1,paket_besar,regular,2023-10-13,2023-10-15,2023-10-15,delivered,24800,TRK2310130002
SHP00143,CUS0453,RTE055,"Jl. Imam Bonjol No. 134, Makassar","Jl. Thamrin No. 138, Surabaya",24.3,paket_kecil,express,2022-04-04,2022-04-07,2022-04-07,delivered,656100,TRK2204040001
SHP00144,CUS0420,RTE029,"Jl. Mangga No. 86, Surabaya","Jl. Kenanga No. 106, Manado",39.0,paket_kecil,express,2023-11-07,2023-11-10,2023-11-10,delivered,1365000,TRK2311070001
SHP00145,CUS0553,RTE003,"Jl. Pajajaran No. 11, Jakarta","Jl. Imam Bonjol No. 47, Tangerang",39.0,paket_kecil,regular,2022-05-10,2022-05-11,2022-05-12,delivered,273000,TRK2205100001
SHP00146,CUS0532,RTE027,"Jl. Gajah Mada No. 275, Surabaya","Jl. Merdeka No. 81, Medan",41.9,paket_kecil,same_day,2023-04-15,2023-04-15,2023-04-15,delivered,2702550,TRK2304150001
SHP00147,CUS0166,RTE048,"Jl. Hayam Wuruk No. 212, Medan","Jl. Merdeka No. 284, Palembang",36.7,fragile,regular,2022-02-11,2022-02-16,2022-02-18,delivered,550500,TRK2202110001
SHP00148,CUS0540,RTE014,"Jl. Anggrek No. 204, Jakarta","Jl. Melati No. 22, Pekanbaru",7.9,paket_kecil,regular,2023-05-22,2023-05-27,2023-05-26,delivered,110600,TRK2305220001
SHP00149,CUS0127,RTE049,"Jl. Kebon Jeruk No. 206, Medan","Jl. Diponegoro No. 139, Banda Aceh",43.1,dokumen,express,2024-04-30,2024-05-01,2024-04-30,delivered,1099050,TRK2404300001
SHP00150,CUS0555,RTE078,"Jl. Diponegoro No. 49, Pontianak","Jl. Pajajaran No. 201, Balikpapan",9.8,paket_sedang,regular,2023-10-25,2023-10-29,2023-10-29,delivered,127400,TRK2310250001
SHP00151,CUS0024,RTE039,"Jl. Ahmad Yani No. 235, Bandung","Jl. Merdeka No. 52, Denpasar",13.3,paket_sedang,express,2024-02-11,2024-02-13,,in_transit,425600,TRK2402110001
SHP00152,CUS0299,RTE055,"Jl. Gatot Subroto No. 114, Makassar","Jl. Cendrawasih No. 288, Surabaya",14.0,paket_kecil,express,2024-12-28,2024-12-31,2025-01-01,delivered,378000,TRK2412280001
SHP00153,CUS0392,RTE003,"Jl. Melati No. 202, Jakarta","Jl. Gajah Mada No. 280, Tangerang",35.8,paket_sedang,express,2022-02-20,2022-02-21,2022-02-21,delivered,501200,TRK2202200001
SHP00154,CUS0238,RTE058,"Jl. Gajah Mada No. 245, Denpasar","Jl. Mangga No. 56, Surabaya",32.2,paket_kecil,express,2022-06-21,2022-06-22,2022-06-22,delivered,692300,TRK2206210001
SHP00155,CUS0174,RTE027,"Jl. Melati No. 128, Surabaya","Jl. Gatot Subroto No. 73, Medan",20.2,paket_besar,express,2023-04-22,2023-04-25,2023-04-25,delivered,868600,TRK2304220001
SHP00156,CUS0506,RTE033,"Jl. Cendrawasih No. 160, Bandung","Jl. Pajajaran No. 173, Semarang",41.7,dokumen,express,2024-04-12,2024-04-14,,in_transit,792300,TRK2404120001
SHP00157,CUS0006,RTE035,"Jl. Margonda No. 108, Bandung","Jl. Setiabudi No. 288, Surabaya",39.8,paket_sedang,regular,2023-04-28,2023-05-02,2023-05-02,delivered,457700,TRK2304280001
SHP00158,CUS0495,RTE066,"Jl. Kenanga No. 42, Yogyakarta","Jl. Asia Afrika No. 218, Bandung",35.0,paket_kecil,same_day,2022-01-28,2022-01-28,2022-01-28,delivered,1181250,TRK2201280001
SHP00159,CUS0125,RTE022,"Jl. Merdeka No. 225, Surabaya","Jl. Asia Afrika No. 20, Semarang",44.3,paket_sedang,express,2024-12-10,2024-12-11,2024-12-12,delivered,797400,TRK2412100001
SHP00160,CUS0561,RTE054,"Jl. Imam Bonjol No. 5, Makassar","Jl. Pemuda No. 61, Balikpapan",21.8,paket_kecil,express,2023-07-10,2023-07-12,2023-07-13,delivered,501400,TRK2307100001
SHP00161,CUS0381,RTE073,"Jl. Kebon Jeruk No. 85, Pekanbaru","Jl. Diponegoro No. 149, Medan",26.2,paket_kecil,express,2024-01-31,2024-02-01,2024-02-02,delivered,602600,TRK2401310001
SHP00162,CUS0258,RTE061,"Jl. Mawar No. 108, Denpasar","Jl. Hayam Wuruk No. 70, Yogyakarta",8.3,paket_besar,express,2022-01-21,2022-01-23,2022-01-23,delivered,178450,TRK2201210001
SHP00163,CUS0184,RTE020,"Jl. Melati No. 35, Surabaya","Jl. Sudirman No. 160, Malang",35.1,paket_kecil,regular,2025-01-06,2025-01-07,2025-01-08,delivered,263250,TRK2501060001
SHP00164,CUS0097,RTE008,"Jl. Cempaka No. 240, Jakarta","Jl. Cempaka No. 81, Solo",3.4,paket_sedang,regular,2023-12-08,2023-12-11,2023-12-12,delivered,35700,TRK2312080001
SHP00165,CUS0198,RTE036,"Jl. Pemuda No. 219, Bandung","Jl. Mangga No. 157, Solo",18.4,paket_besar,regular,2025-01-13,2025-01-16,,returned,174800,TRK2501130001
SHP00166,CUS0208,RTE010,"Jl. Mangga No. 79, Jakarta","Jl. Asia Afrika No. 111, Denpasar",14.1,paket_kecil,regular,2022-09-17,2022-09-21,2022-09-23,delivered,197400,TRK2209170001
SHP00167,CUS0393,RTE043,"Jl. Mangga No. 142, Semarang","Jl. Pajajaran No. 243, Surabaya",10.5,dokumen,regular,2023-03-20,2023-03-23,2023-03-23,delivered,94500,TRK2303200001
SHP00168,CUS0151,RTE019,"Jl. Pahlawan No. 244, Jakarta","Jl. Sudirman No. 166, Banjarmasin",4.0,fragile,regular,2024-11-13,2024-11-17,2024-11-19,delivered,54000,TRK2411130001
SHP00169,CUS0436,RTE061,"Jl. Hayam Wuruk No. 155, Denpasar","Jl. Anggrek No. 61, Yogyakarta",12.1,paket_kecil,same_day,2024-02-29,2024-02-29,2024-03-02,delivered,390225,TRK2402290001
SHP00170,CUS0364,RTE040,"Jl. Anggrek No. 163, Semarang","Jl. Anggrek No. 41, Yogyakarta",44.2,paket_besar,regular,2023-07-23,2023-07-25,,in_transit,331500,TRK2307230001
SHP00171,CUS0147,RTE056,"Jl. Kenanga No. 227, Makassar","Jl. Melati No. 129, Kendari",34.3,paket_sedang,regular,2023-12-15,2023-12-18,,in_transit,325850,TRK2312150001
SHP00172,CUS0183,RTE004,"Jl. Gajah Mada No. 239, Jakarta","Jl. Setiabudi No. 178, Bekasi",36.5,paket_kecil,express,2023-01-27,2023-01-28,2023-01-28,delivered,565750,TRK2301270001
SHP00173,CUS0184,RTE002,"Jl. Merdeka No. 227, Jakarta","Jl. Gajah Mada No. 270, Bogor",9.8,paket_sedang,regular,2022-07-12,2022-07-13,2022-07-16,delivered,73500,TRK2207120001
SHP00174,CUS0260,RTE065,"Jl. Sudirman No. 140, Yogyakarta","Jl. Thamrin No. 141, Surabaya",32.1,paket_kecil,express,2023-06-03,2023-06-04,2023-06-04,delivered,545700,TRK2306030001
SHP00175,CUS0059,RTE074,"Jl. Sudirman No. 242, Palembang","Jl. Cempaka No. 233, Lampung",24.6,paket_sedang,express,2025-01-22,2025-01-23,2025-01-25,delivered,565800,TRK2501220001
SHP00176,CUS0040,RTE048,"Jl. Sudirman No. 79, Medan","Jl. Margonda No. 91, Palembang",43.6,paket_kecil,regular,2022-09-02,2022-09-07,2022-09-07,delivered,654000,TRK2209020001
SHP00177,CUS0064,RTE041,"Jl. Asia Afrika No. 279, Semarang","Jl. Ahmad Yani No. 100, Solo",32.8,paket_besar,regular,2023-10-11,2023-10-13,2023-10-16,delivered,246000,TRK2310110001
SHP00178,CUS0174,RTE076,"Jl. Pajajaran No. 188, Palembang","Jl. Anggrek No. 8, Jakarta",47.0,paket_sedang,express,2022-05-06,2022-05-08,,in_transit,869500,TRK2205060001
SHP00179,CUS0067,RTE025,"Jl. Setiabudi No. 257, Surabaya","Jl. Diponegoro No. 137, Makassar",4.3,paket_sedang,regular,2023-02-11,2023-02-15,2023-02-16,delivered,51600,TRK2302110001
SHP00180,CUS0420,RTE023,"Jl. Kebon Jeruk No. 2, Surabaya","Jl. Pemuda No. 141, Denpasar",28.1,paket_kecil,regular,2022-06-26,2022-06-29,2022-06-30,delivered,266950,TRK2206260001
SHP00181,CUS0475,RTE012,"Jl. Asia Afrika No. 47, Jakarta","Jl. Pahlawan No. 45, Palembang",9.4,paket_sedang,regular,2022-12-13,2022-12-16,2022-12-18,delivered,89300,TRK2212130001
SHP00182,CUS0223,RTE048,"Jl. Mawar No. 42, Medan","Jl. Pajajaran No. 127, Palembang",15.5,paket_sedang,regular,2022-09-29,2022-10-04,2022-10-04,delivered,232500,TRK2209290001
SHP00183,CUS0389,RTE037,"Jl. Pahlawan No. 143, Bandung","Jl. Diponegoro No. 290, Malang",15.8,paket_kecil,regular,2023-07-13,2023-07-17,2023-07-20,delivered,189600,TRK2307130001
SHP00184,CUS0182,RTE038,"Jl. Ahmad Yani No. 226, Bandung","Jl. Ahmad Yani No. 48, Cirebon",24.5,paket_sedang,regular,2024-12-07,2024-12-09,2024-12-09,delivered,196000,TRK2412070001
SHP00185,CUS0175,RTE005,"Jl. Mangga No. 198, Jakarta","Jl. Diponegoro No. 276, Semarang",28.5,fragile,regular,2023-12-12,2023-12-15,2023-12-16,delivered,270750,TRK2312120001
SHP00186,CUS0296,RTE027,"Jl. Hayam Wuruk No. 258, Surabaya","Jl. Kenanga No. 138, Medan",4.6,paket_besar,regular,2023-03-23,2023-03-29,2023-03-30,delivered,96600,TRK2303230001
SHP00187,CUS0033,RTE015,"Jl. Anggrek No. 96, Jakarta","Jl. Melati No. 72, Makassar",23.4,paket_kecil,express,2024-02-13,2024-02-16,2024-02-17,delivered,760500,TRK2402130001
SHP00188,CUS0035,RTE042,"Jl. Margonda No. 54, Semarang","Jl. Kebon Jeruk No. 184, Malang",43.5,dokumen,regular,2024-08-31,2024-09-03,2024-09-03,delivered,413250,TRK2408310001
SHP00189,CUS0103,RTE024,"Jl. Gajah Mada No. 157, Surabaya","Jl. Pahlawan No. 240, Bandung",27.4,paket_besar,regular,2024-07-23,2024-07-27,2024-07-28,delivered,315100,TRK2407230001
SHP00190,CUS0446,RTE052,"Jl. Melati No. 125, Makassar","Jl. Ahmad Yani No. 192, Manado",30.1,paket_sedang,regular,2023-09-07,2023-09-12,2023-09-11,delivered,451500,TRK2309070002
SHP00191,CUS0240,RTE065,"Jl. Asia Afrika No. 216, Yogyakarta","Jl. Cendrawasih No. 138, Surabaya",47.7,paket_sedang,regular,2022-12-02,2022-12-05,2022-12-06,delivered,429300,TRK2212020001
SHP00192,CUS0308,RTE077,"Jl. Margonda No. 269, Pontianak","Jl. Merdeka No. 291, Singkawang",37.6,paket_kecil,regular,2022-04-21,2022-04-23,2022-04-28,delivered,300800,TRK2204210001
SHP00193,CUS0317,RTE019,"Jl. Gajah Mada No. 235, Jakarta","Jl. Imam Bonjol No. 85, Banjarmasin",23.1,paket_sedang,regular,2022-12-19,2022-12-23,,in_transit,311850,TRK2212190001
SHP00194,CUS0309,RTE040,"Jl. Gatot Subroto No. 95, Semarang","Jl. Veteran No. 105, Yogyakarta",21.9,paket_besar,regular,2024-02-06,2024-02-08,2024-02-07,delivered,164250,TRK2402060002
SHP00195,CUS0164,RTE045,"Jl. Asia Afrika No. 242, Semarang","Jl. Kenanga No. 202, Medan",35.0,fragile,express,2024-02-10,2024-02-13,2024-02-15,delivered,1575000,TRK2402100001
SHP00196,CUS0249,RTE013,"Jl. Imam Bonjol No. 66, Jakarta","Jl. Hayam Wuruk No. 69, Padang",20.1,paket_kecil,regular,2024-05-19,2024-05-24,2024-05-25,delivered,311550,TRK2405190001
SHP00197,CUS0547,RTE010,"Jl. Gajah Mada No. 251, Jakarta","Jl. Raya Bogor No. 14, Denpasar",11.2,paket_sedang,same_day,2023-04-27,2023-04-27,2023-04-27,delivered,554400,TRK2304270001
SHP00198,CUS0349,RTE065,"Jl. Sudirman No. 204, Yogyakarta","Jl. Gatot Subroto No. 118, Surabaya",7.0,paket_kecil,regular,2023-09-11,2023-09-14,,in_transit,63000,TRK2309110002
SHP00199,CUS0446,RTE012,"Jl. Hayam Wuruk No. 197, Jakarta","Jl. Kebon Jeruk No. 93, Palembang",21.3,paket_kecil,regular,2024-09-11,2024-09-14,2024-09-13,delivered,202350,TRK2409110001
SHP00200,CUS0432,RTE023,"Jl. Pahlawan No. 204, Surabaya","Jl. Raya Bogor No. 265, Denpasar",41.7,paket_sedang,regular,2023-12-11,2023-12-14,2023-12-15,delivered,396150,TRK2312110001
SHP00201,CUS0104,RTE052,"Jl. Sudirman No. 83, Makassar","Jl. Hayam Wuruk No. 66, Manado",28.8,paket_kecil,regular,2022-01-24,2022-01-29,2022-01-30,delivered,432000,TRK2201240001
SHP00202,CUS0412,RTE055,"Jl. Setiabudi No. 28, Makassar","Jl. Pemuda No. 218, Surabaya",13.0,paket_sedang,express,2024-07-11,2024-07-14,2024-07-15,delivered,351000,TRK2407110001
SHP00203,CUS0485,RTE043,"Jl. Kenanga No. 187, Semarang","Jl. Asia Afrika No. 92, Surabaya",49.0,paket_sedang,regular,2022-06-13,2022-06-16,2022-06-16,delivered,441000,TRK2206130001
SHP00204,CUS0346,RTE076,"Jl. Ahmad Yani No. 102, Palembang","Jl. Anggrek No. 233, Jakarta",21.8,paket_sedang,regular,2022-09-06,2022-09-09,,in_transit,207100,TRK2209060001
SHP00205,CUS0502,RTE059,"Jl. Gajah Mada No. 26, Denpasar","Jl. Cempaka No. 190, Lombok",12.7,paket_kecil,regular,2022-02-18,2022-02-20,2022-02-21,delivered,101600,TRK2202180001
SHP00206,CUS0184,RTE038,"Jl. Gajah Mada No. 214, Bandung","Jl. Sudirman No. 229, Cirebon",16.3,paket_sedang,express,2022-08-17,2022-08-18,2022-08-18,delivered,277100,TRK2208170001
SHP00207,CUS0038,RTE069,"Jl. Pajajaran No. 203, Balikpapan","Jl. Veteran No. 90, Pontianak",4.3,dokumen,same_day,2022-10-24,2022-10-24,2022-10-25,delivered,206400,TRK2210240001
SHP00208,CUS0442,RTE036,"Jl. Gajah Mada No. 235, Bandung","Jl. Margonda No. 125, Solo",45.9,fragile,same_day,2024-12-08,2024-12-08,2024-12-09,delivered,1445850,TRK2412080001
SHP00209,CUS0042,RTE010,"Jl. Hayam Wuruk No. 191, Jakarta","Jl. Thamrin No. 76, Denpasar",30.5,paket_besar,regular,2024-02-22,2024-02-26,2024-02-27,delivered,427000,TRK2402220001
SHP00210,CUS0081,RTE044,"Jl. Kebon Jeruk No. 155, Semarang","Jl. Cendrawasih No. 206, Denpasar",1.2,fragile,regular,2022-06-12,2022-06-16,,in_transit,13800,TRK2206120001
SHP00211,CUS0444,RTE015,"Jl. Merdeka No. 293, Jakarta","Jl. Ahmad Yani No. 156, Makassar",30.8,paket_sedang,regular,2022-04-11,2022-04-16,,returned,508200,TRK2204110001
SHP00212,CUS0384,RTE074,"Jl. Melati No. 111, Palembang","Jl. Setiabudi No. 224, Lampung",13.8,paket_sedang,regular,2023-07-21,2023-07-24,2023-07-25,delivered,131100,TRK2307210002
SHP00213,CUS0047,RTE078,"Jl. Imam Bonjol No. 93, Pontianak","Jl. Raya Bogor No. 146, Balikpapan",13.7,paket_sedang,regular,2024-04-28,2024-05-02,2024-05-03,delivered,178100,TRK2404280001
SHP00214,CUS0282,RTE035,"Jl. Mawar No. 163, Bandung","Jl. Asia Afrika No. 114, Surabaya",11.3,paket_besar,regular,2022-05-11,2022-05-15,2022-05-16,delivered,129950,TRK2205110001
SHP00215,CUS0472,RTE076,"Jl. Cendrawasih No. 169, Palembang","Jl. Kenanga No. 200, Jakarta",23.8,paket_sedang,regular,2023-11-29,2023-12-02,2023-12-02,delivered,226100,TRK2311290001
SHP00216,CUS0456,RTE020,"Jl. Mawar No. 256, Surabaya","Jl. Merdeka No. 273, Malang",34.9,paket_sedang,regular,2024-04-05,2024-04-06,2024-04-05,delivered,261750,TRK2404050001
SHP00217,CUS0586,RTE011,"Jl. Kebon Jeruk No. 250, Jakarta","Jl. Kenanga No. 177, Medan",4.2,paket_besar,express,2024-01-27,2024-01-30,,in_transit,157500,TRK2401270002
SHP00218,CUS0312,RTE038,"Jl. Setiabudi No. 162, Bandung","Jl. Mawar No. 240, Cirebon",1.6,paket_sedang,regular,2023-12-22,2023-12-24,2023-12-25,delivered,12800,TRK2312220001
SHP00219,CUS0426,RTE003,"Jl. Setiabudi No. 146, Jakarta","Jl. Kenanga No. 252, Tangerang",49.5,paket_kecil,express,2022-09-27,2022-09-28,,returned,693000,TRK2209270001
SHP00220,CUS0388,RTE078,"Jl. Asia Afrika No. 50, Pontianak","Jl. Imam Bonjol No. 112, Balikpapan",10.6,paket_kecil,regular,2023-01-01,2023-01-05,2023-01-08,delivered,137800,TRK2301010001
SHP00221,CUS0411,RTE071,"Jl. Cendrawasih No. 181, Pekanbaru","Jl. Setiabudi No. 112, Padang",21.0,paket_sedang,regular,2024-01-14,2024-01-16,2024-01-17,delivered,178500,TRK2401140001
SHP00222,CUS0326,RTE065,"Jl. Kenanga No. 273, Yogyakarta","Jl. Imam Bonjol No. 116, Surabaya",43.0,paket_sedang,regular,2023-08-10,2023-08-13,,in_transit,387000,TRK2308100001
SHP00223,CUS0461,RTE021,"Jl. Pahlawan No. 205, Surabaya","Jl. Pemuda No. 2, Yogyakarta",26.7,paket_kecil,regular,2022-12-19,2022-12-22,2022-12-23,delivered,240300,TRK2212190002
SHP00224,CUS0101,RTE050,"Jl. Mangga No. 215, Medan","Jl. Cendrawasih No. 211, Jakarta",9.5,dokumen,regular,2022-10-11,2022-10-16,2022-10-17,delivered,171000,TRK2210110001
SHP00225,CUS0516,RTE011,"Jl. Cempaka No. 293, Jakarta","Jl. Pajajaran No. 210, Medan",47.3,paket_kecil,regular,2022-12-07,2022-12-12,2022-12-13,delivered,851400,TRK2212070001
SHP00226,CUS0484,RTE012,"Jl. Gajah Mada No. 12, Jakarta","Jl. Pajajaran No. 200, Palembang",27.6,paket_besar,regular,2024-07-26,2024-07-29,2024-07-29,delivered,262200,TRK2407260001
SHP00227,CUS0246,RTE023,"Jl. Melati No. 103, Surabaya","Jl. Hayam Wuruk No. 68, Denpasar",14.7,paket_besar,regular,2024-08-02,2024-08-05,2024-08-06,delivered,139650,TRK2408020002
SHP00228,CUS0455,RTE031,"Jl. Pahlawan No. 237, Surabaya","Jl. Anggrek No. 57, Pekanbaru",40.2,paket_besar,regular,2023-05-17,2023-05-22,,in_transit,683400,TRK2305170001
SHP00229,CUS0474,RTE009,"Jl. Sudirman No. 17, Jakarta","Jl. Raya Bogor No. 209, Malang",43.4,fragile,regular,2022-05-25,2022-05-29,,in_transit,520800,TRK2205250001
SHP00230,CUS0428,RTE034,"Jl. Margonda No. 276, Bandung","Jl. Asia Afrika No. 274, Yogyakarta",35.8,paket_sedang,same_day,2022-05-03,2022-05-03,,in_transit,1208250,TRK2205030001
SHP00231,CUS0300,RTE051,"Jl. Pajajaran No. 21, Medan","Jl. Gajah Mada No. 205, Batam",35.9,paket_sedang,express,2024-06-20,2024-06-22,,in_transit,915450,TRK2406200002
SHP00232,CUS0439,RTE016,"Jl. Asia Afrika No. 75, Jakarta","Jl. Ahmad Yani No. 297, Manado",37.7,paket_kecil,regular,2024-01-21,2024-01-28,2024-01-28,delivered,810550,TRK2401210001
SHP00233,CUS0348,RTE019,"Jl. Veteran No. 248, Jakarta","Jl. Merdeka No. 136, Banjarmasin",4.9,paket_sedang,regular,2024-07-27,2024-07-31,2024-08-03,delivered,66150,TRK2407270001
SHP00234,CUS0504,RTE032,"Jl. Setiabudi No. 134, Bandung","Jl. Hayam Wuruk No. 152, Bogor",34.5,paket_kecil,regular,2023-06-13,2023-06-15,2023-06-16,delivered,276000,TRK2306130001
SHP00235,CUS0037,RTE018,"Jl. Diponegoro No. 268, Jakarta","Jl. Pemuda No. 14, Pontianak",11.1,paket_kecil,regular,2023-08-20,2023-08-24,2023-08-24,delivered,127650,TRK2308200001
SHP00236,CUS0163,RTE073,"Jl. Kebon Jeruk No. 157, Pekanbaru","Jl. Melati No. 226, Medan",33.7,paket_kecil,express,2022-09-21,2022-09-22,,in_transit,775100,TRK2209210001
SHP00237,CUS0151,RTE078,"Jl. Pemuda No. 197, Pontianak","Jl. Ahmad Yani No. 117, Balikpapan",1.5,paket_kecil,regular,2022-10-31,2022-11-04,2022-11-05,delivered,19500,TRK2210310001
SHP00238,CUS0266,RTE047,"Jl. Pajajaran No. 261, Medan","Jl. Pajajaran No. 265, Pekanbaru",20.4,paket_sedang,regular,2023-12-06,2023-12-09,,in_transit,193800,TRK2312060001
SHP00239,CUS0160,RTE076,"Jl. Anggrek No. 161, Palembang","Jl. Anggrek No. 192, Jakarta",19.0,fragile,express,2022-12-13,2022-12-15,2022-12-18,delivered,351500,TRK2212130002
SHP00240,CUS0494,RTE023,"Jl. Melati No. 195, Surabaya","Jl. Sudirman No. 34, Denpasar",17.2,paket_kecil,regular,2022-11-04,2022-11-07,2022-11-07,delivered,163400,TRK2211040001
SHP00241,CUS0123,RTE026,"Jl. Gajah Mada No. 256, Surabaya","Jl. Mawar No. 292, Solo",45.6,fragile,same_day,2024-12-09,2024-12-09,2024-12-12,delivered,1368000,TRK2412090001
SHP00242,CUS0208,RTE047,"Jl. Raya Bogor No. 17, Medan","Jl. Imam Bonjol No. 51, Pekanbaru",47.6,paket_sedang,regular,2024-12-31,2025-01-03,2025-01-05,delivered,452200,TRK2412310001
SHP00243,CUS0551,RTE011,"Jl. Thamrin No. 229, Jakarta","Jl. Mangga No. 268, Medan",12.5,paket_kecil,same_day,2023-01-10,2023-01-10,2023-01-11,delivered,703125,TRK2301100001
SHP00244,CUS0251,RTE030,"Jl. Margonda No. 234, Surabaya","Jl. Pahlawan No. 21, Palembang",49.0,paket_kecil,regular,2022-07-07,2022-07-12,,in_transit,686000,TRK2207070001
SHP00245,CUS0195,RTE009,"Jl. Diponegoro No. 268, Jakarta","Jl. Pemuda No. 32, Malang",10.5,paket_kecil,same_day,2024-09-04,2024-09-04,2024-09-05,delivered,448875,TRK2409040001
SHP00246,CUS0550,RTE007,"Jl. Hayam Wuruk No. 38, Jakarta","Jl. Merdeka No. 245, Yogyakarta",5.9,dokumen,regular,2022-07-24,2022-07-27,2022-07-28,delivered,61950,TRK2207240001
SHP00247,CUS0221,RTE077,"Jl. Melati No. 154, Pontianak","Jl. Mangga No. 5, Singkawang",29.1,paket_besar,regular,2024-06-25,2024-06-27,2024-06-29,delivered,232800,TRK2406250001
SHP00248,CUS0200,RTE076,"Jl. Kebon Jeruk No. 234, Palembang","Jl. Sudirman No. 129, Jakarta",37.8,paket_sedang,express,2022-12-28,2022-12-30,2022-12-30,delivered,699300,TRK2212280001
SHP00249,CUS0495,RTE066,"Jl. Pemuda No. 154, Yogyakarta","Jl. Ahmad Yani No. 273, Bandung",12.5,paket_kecil,express,2024-10-27,2024-10-28,2024-10-28,delivered,281250,TRK2410270001
SHP00250,CUS0451,RTE015,"Jl. Setiabudi No. 94, Jakarta","Jl. Melati No. 4, Makassar",16.0,fragile,express,2024-10-12,2024-10-15,2024-10-15,delivered,520000,TRK2410120001
SHP00251,CUS0068,RTE056,"Jl. Raya Bogor No. 156, Makassar","Jl. Asia Afrika No. 227, Kendari",17.2,paket_sedang,regular,2023-02-01,2023-02-04,2023-02-06,delivered,163400,TRK2302010001
SHP00252,CUS0238,RTE028,"Jl. Pemuda No. 257, Surabaya","Jl. Pemuda No. 164, Balikpapan",38.3,paket_sedang,express,2023-09-07,2023-09-09,2023-09-12,delivered,919200,TRK2309070003
SHP00253,CUS0216,RTE074,"Jl. Raya Bogor No. 80, Palembang","Jl. Hayam Wuruk No. 81, Lampung",9.7,paket_kecil,regular,2022-11-20,2022-11-23,2022-11-24,delivered,92150,TRK2211200001
SHP00254,CUS0161,RTE042,"Jl. Anggrek No. 243, Semarang","Jl. Kebon Jeruk No. 214, Malang",39.0,paket_kecil,regular,2024-08-24,2024-08-27,,returned,370500,TRK2408240002
SHP00255,CUS0311,RTE048,"Jl. Diponegoro No. 157, Medan","Jl. Hayam Wuruk No. 182, Palembang",41.5,paket_kecil,regular,2024-05-21,2024-05-26,2024-05-27,delivered,622500,TRK2405210001
SHP00256,CUS0428,RTE001,"Jl. Setiabudi No. 207, Jakarta","Jl. Thamrin No. 210, Bandung",17.7,paket_besar,regular,2023-07-16,2023-07-18,2023-07-17,delivered,141600,TRK2307160001
SHP00257,CUS0208,RTE027,"Jl. Raya Bogor No. 132, Surabaya","Jl. Pemuda No. 192, Medan",1.3,paket_sedang,regular,2023-10-30,2023-11-05,,in_transit,27300,TRK2310300002
SHP00258,CUS0572,RTE072,"Jl. Pajajaran No. 103, Pekanbaru","Jl. Merdeka No. 258, Palembang",22.1,paket_kecil,regular,2023-05-13,2023-05-17,2023-05-17,delivered,254150,TRK2305130001
SHP00259,CUS0492,RTE076,"Jl. Melati No. 24, Palembang","Jl. Setiabudi No. 200, Jakarta",34.4,fragile,express,2023-05-27,2023-05-29,,in_transit,636400,TRK2305270001
SHP00260,CUS0287,RTE078,"Jl. Mangga No. 193, Pontianak","Jl. Thamrin No. 52, Balikpapan",2.9,paket_kecil,express,2024-01-27,2024-01-29,2024-01-29,delivered,81200,TRK2401270003
SHP00261,CUS0292,RTE015,"Jl. Melati No. 69, Jakarta","Jl. Pajajaran No. 38, Makassar",16.3,paket_besar,regular,2022-11-07,2022-11-12,2022-11-15,delivered,268950,TRK2211070001
SHP00262,CUS0307,RTE074,"Jl. Merdeka No. 288, Palembang","Jl. Gatot Subroto No. 225, Lampung",12.3,paket_sedang,same_day,2023-06-18,2023-06-18,2023-06-19,delivered,424350,TRK2306180001
SHP00263,CUS0299,RTE003,"Jl. Diponegoro No. 35, Jakarta","Jl. Margonda No. 161, Tangerang",47.9,paket_kecil,same_day,2024-07-02,2024-07-02,2024-07-04,delivered,1005900,TRK2407020001
SHP00264,CUS0220,RTE024,"Jl. Hayam Wuruk No. 240, Surabaya","Jl. Veteran No. 236, Bandung",18.2,paket_kecil,same_day,2023-06-15,2023-06-15,,in_transit,641550,TRK2306150001
SHP00265,CUS0262,RTE078,"Jl. Pajajaran No. 12, Pontianak","Jl. Diponegoro No. 62, Balikpapan",32.1,paket_sedang,express,2022-04-09,2022-04-11,,in_transit,898800,TRK2204090001
SHP00266,CUS0542,RTE008,"Jl. Anggrek No. 192, Jakarta","Jl. Sudirman No. 290, Solo",21.9,dokumen,express,2023-11-01,2023-11-03,,in_transit,547500,TRK2311010001
SHP00267,CUS0552,RTE063,"Jl. Pemuda No. 295, Yogyakarta","Jl. Hayam Wuruk No. 35, Malang",36.7,paket_sedang,express,2022-08-19,2022-08-20,2022-08-21,delivered,734000,TRK2208190001
SHP00268,CUS0526,RTE012,"Jl. Mangga No. 240, Jakarta","Jl. Cempaka No. 98, Palembang",37.6,paket_besar,regular,2023-07-22,2023-07-25,2023-07-26,delivered,357200,TRK2307220001
SHP00269,CUS0156,RTE043,"Jl. Gatot Subroto No. 94, Semarang","Jl. Kebon Jeruk No. 295, Surabaya",17.1,paket_sedang,express,2024-06-04,2024-06-05,2024-06-08,delivered,307800,TRK2406040001
SHP00270,CUS0412,RTE074,"Jl. Pemuda No. 4, Palembang","Jl. Cempaka No. 200, Lampung",1.0,paket_kecil,regular,2022-11-05,2022-11-08,2022-11-08,delivered,9500,TRK2211050001
SHP00271,CUS0229,RTE075,"Jl. Raya Bogor No. 168, Palembang","Jl. Kenanga No. 235, Padang",32.7,paket_kecil,express,2023-12-28,2023-12-31,2024-01-03,delivered,915600,TRK2312280001
SHP00272,CUS0591,RTE020,"Jl. Merdeka No. 76, Surabaya","Jl. Merdeka No. 158, Malang",9.2,dokumen,express,2022-03-22,2022-03-23,2022-03-25,delivered,147200,TRK2203220001
SHP00273,CUS0554,RTE045,"Jl. Gatot Subroto No. 168, Semarang","Jl. Hayam Wuruk No. 118, Medan",32.9,paket_kecil,regular,2024-05-18,2024-05-24,2024-05-29,delivered,658000,TRK2405180001
SHP00274,CUS0239,RTE028,"Jl. Setiabudi No. 182, Surabaya","Jl. Sudirman No. 71, Balikpapan",43.9,fragile,regular,2024-02-08,2024-02-12,2024-02-11,delivered,548750,TRK2402080001
SHP00275,CUS0214,RTE049,"Jl. Thamrin No. 229, Medan","Jl. Mawar No. 205, Banda Aceh",10.0,paket_besar,express,2022-09-13,2022-09-14,2022-09-14,delivered,255000,TRK2209130001
SHP00276,CUS0180,RTE065,"Jl. Mangga No. 265, Yogyakarta","Jl. Asia Afrika No. 84, Surabaya",37.9,paket_kecil,express,2024-01-04,2024-01-05,2024-01-07,delivered,644300,TRK2401040001
SHP00277,CUS0325,RTE054,"Jl. Merdeka No. 108, Makassar","Jl. Gatot Subroto No. 260, Balikpapan",18.1,paket_kecil,regular,2024-07-24,2024-07-28,,in_transit,208150,TRK2407240001
SHP00278,CUS0017,RTE001,"Jl. Imam Bonjol No. 216, Jakarta","Jl. Imam Bonjol No. 52, Bandung",17.8,fragile,regular,2024-06-08,2024-06-10,2024-06-13,delivered,142400,TRK2406080001
SHP00279,CUS0308,RTE030,"Jl. Margonda No. 44, Surabaya","Jl. Kebon Jeruk No. 200, Palembang",43.8,dokumen,regular,2023-10-25,2023-10-30,2023-10-29,delivered,613200,TRK2310250002
SHP00280,CUS0255,RTE023,"Jl. Mangga No. 5, Surabaya","Jl. Diponegoro No. 266, Denpasar",7.9,paket_sedang,same_day,2022-03-21,2022-03-21,2022-03-21,delivered,248850,TRK2203210001
SHP00281,CUS0215,RTE038,"Jl. Gajah Mada No. 213, Bandung","Jl. Pahlawan No. 215, Cirebon",8.7,fragile,regular,2023-01-07,2023-01-09,2023-01-09,delivered,69600,TRK2301070001
SHP00282,CUS0113,RTE021,"Jl. Sudirman No. 255, Surabaya","Jl. Merdeka No. 157, Yogyakarta",20.2,paket_kecil,regular,2023-10-20,2023-10-23,,in_transit,181800,TRK2310200001
SHP00283,CUS0030,RTE004,"Jl. Hayam Wuruk No. 15, Jakarta","Jl. Melati No. 18, Bekasi",36.8,paket_kecil,regular,2022-04-06,2022-04-07,2022-04-08,delivered,257600,TRK2204060001
SHP00284,CUS0538,RTE022,"Jl. Pahlawan No. 52, Surabaya","Jl. Sudirman No. 179, Semarang",44.9,dokumen,regular,2022-08-19,2022-08-22,2022-08-27,delivered,404100,TRK2208190002
SHP00285,CUS0476,RTE054,"Jl. Kenanga No. 226, Makassar","Jl. Diponegoro No. 1, Balikpapan",15.6,paket_sedang,regular,2022-09-20,2022-09-24,2022-09-24,delivered,179400,TRK2209200001
SHP00286,CUS0553,RTE047,"Jl. Cempaka No. 50, Medan","Jl. Melati No. 253, Pekanbaru",37.5,paket_besar,regular,2022-09-15,2022-09-18,2022-09-18,delivered,356250,TRK2209150001
SHP00287,CUS0133,RTE019,"Jl. Veteran No. 43, Jakarta","Jl. Pajajaran No. 49, Banjarmasin",35.9,paket_kecil,express,2022-08-04,2022-08-07,2022-08-07,delivered,1059050,TRK2208040001
SHP00288,CUS0257,RTE024,"Jl. Pajajaran No. 155, Surabaya","Jl. Hayam Wuruk No. 237, Bandung",33.5,paket_sedang,express,2023-07-01,2023-07-03,2023-07-05,delivered,787250,TRK2307010001
SHP00289,CUS0135,RTE042,"Jl. Cendrawasih No. 192, Semarang","Jl. Raya Bogor No. 75, Malang",29.0,fragile,regular,2024-02-28,2024-03-02,,in_transit,275500,TRK2402280001
SHP00290,CUS0050,RTE026,"Jl. Pahlawan No. 8, Surabaya","Jl. Diponegoro No. 18, Solo",41.8,paket_kecil,regular,2023-10-23,2023-10-25,2023-10-24,delivered,355300,TRK2310230002
SHP00291,CUS0493,RTE062,"Jl. Gajah Mada No. 97, Yogyakarta","Jl. Kebon Jeruk No. 296, Solo",20.3,fragile,regular,2023-06-23,2023-06-24,2023-06-25,delivered,152250,TRK2306230001
SHP00292,CUS0121,RTE036,"Jl. Kebon Jeruk No. 264, Bandung","Jl. Hayam Wuruk No. 173, Solo",49.8,paket_kecil,regular,2024-09-25,2024-09-28,,in_transit,473100,TRK2409250001
SHP00293,CUS0563,RTE059,"Jl. Raya Bogor No. 50, Denpasar","Jl. Raya Bogor No. 176, Lombok",38.2,paket_kecil,regular,2024-05-23,2024-05-25,2024-05-26,delivered,305600,TRK2405230001
SHP00294,CUS0557,RTE017,"Jl. Asia Afrika No. 117, Jakarta","Jl. Mawar No. 57, Balikpapan",6.1,paket_besar,regular,2023-12-13,2023-12-18,,returned,91500,TRK2312130002
SHP00295,CUS0315,RTE058,"Jl. Cendrawasih No. 284, Denpasar","Jl. Gatot Subroto No. 259, Surabaya",9.2,paket_besar,express,2023-02-04,2023-02-05,2023-02-05,delivered,197800,TRK2302040001
SHP00296,CUS0228,RTE003,"Jl. Merdeka No. 182, Jakarta","Jl. Anggrek No. 78, Tangerang",28.2,paket_sedang,regular,2024-12-27,2024-12-28,2024-12-28,delivered,197400,TRK2412270001
SHP00297,CUS0236,RTE068,"Jl. Pahlawan No. 192, Balikpapan","Jl. Pahlawan No. 52, Banjarmasin",34.1,paket_sedang,express,2023-04-09,2023-04-11,,in_transit,733150,TRK2304090001
SHP00298,CUS0156,RTE070,"Jl. Cempaka No. 218, Balikpapan","Jl. Merdeka No. 143, Makassar",2.5,fragile,regular,2023-08-31,2023-09-04,,in_transit,28750,TRK2308310001
SHP00299,CUS0400,RTE067,"Jl. Cendrawasih No. 244, Balikpapan","Jl. Mawar No. 165, Samarinda",6.9,fragile,regular,2022-06-03,2022-06-05,2022-06-05,delivered,51750,TRK2206030001
SHP00300,CUS0570,RTE040,"Jl. Merdeka No. 35, Semarang","Jl. Thamrin No. 211, Yogyakarta",7.1,paket_sedang,regular,2023-05-12,2023-05-14,2023-05-14,delivered,53250,TRK2305120001
SHP00301,CUS0164,RTE054,"Jl. Imam Bonjol No. 100, Makassar","Jl. Veteran No. 180, Balikpapan",3.6,fragile,regular,2022-10-15,2022-10-19,2022-10-22,delivered,41400,TRK2210150001
SHP00302,CUS0127,RTE075,"Jl. Raya Bogor No. 78, Palembang","Jl. Merdeka No. 228, Padang",7.2,paket_kecil,regular,2022-01-23,2022-01-27,2022-01-28,delivered,97200,TRK2201230001
SHP00303,CUS0534,RTE040,"Jl. Anggrek No. 53, Semarang","Jl. Setiabudi No. 242, Yogyakarta",11.7,paket_sedang,regular,2025-01-13,2025-01-15,2025-01-17,delivered,87750,TRK2501130002
SHP00304,CUS0466,RTE020,"Jl. Gatot Subroto No. 175, Surabaya","Jl. Ahmad Yani No. 21, Malang",19.1,paket_besar,regular,2024-08-13,2024-08-14,2024-08-14,delivered,143250,TRK2408130001
SHP00305,CUS0173,RTE063,"Jl. Setiabudi No. 150, Yogyakarta","Jl. Veteran No. 268, Malang",5.2,fragile,express,2024-01-13,2024-01-14,2024-01-14,delivered,104000,TRK2401130001
SHP00306,CUS0507,RTE056,"Jl. Cendrawasih No. 30, Makassar","Jl. Kebon Jeruk No. 54, Kendari",43.3,paket_kecil,same_day,2023-07-19,2023-07-19,2023-07-22,delivered,1234050,TRK2307190002
SHP00307,CUS0521,RTE043,"Jl. Cendrawasih No. 129, Semarang","Jl. Gajah Mada No. 43, Surabaya",0.7,paket_besar,express,2023-05-13,2023-05-14,,in_transit,12600,TRK2305130002
SHP00308,CUS0600,RTE064,"Jl. Veteran No. 223, Yogyakarta","Jl. Raya Bogor No. 137, Semarang",5.3,paket_besar,same_day,2024-09-26,2024-09-26,2024-09-27,delivered,115275,TRK2409260001
SHP00309,CUS0580,RTE049,"Jl. Cempaka No. 266, Medan","Jl. Raya Bogor No. 196, Banda Aceh",2.2,paket_kecil,express,2022-07-21,2022-07-22,2022-07-23,delivered,56100,TRK2207210001
SHP00310,CUS0121,RTE031,"Jl. Gajah Mada No. 298, Surabaya","Jl. Raya Bogor No. 216, Pekanbaru",40.8,paket_besar,regular,2023-12-13,2023-12-18,2023-12-19,delivered,693600,TRK2312130003
SHP00311,CUS0451,RTE059,"Jl. Mangga No. 268, Denpasar","Jl. Thamrin No. 205, Lombok",40.7,paket_sedang,same_day,2024-06-03,2024-06-03,,returned,1007325,TRK2406030001
SHP00312,CUS0027,RTE028,"Jl. Mangga No. 93, Surabaya","Jl. Sudirman No. 169, Balikpapan",5.0,fragile,regular,2024-07-24,2024-07-28,,in_transit,62500,TRK2407240002
SHP00313,CUS0260,RTE046,"Jl. Raya Bogor No. 177, Medan","Jl. Gajah Mada No. 128, Padang",13.9,paket_besar,regular,2024-07-27,2024-07-30,2024-07-31,delivered,152900,TRK2407270002
SHP00314,CUS0270,RTE021,"Jl. Merdeka No. 286, Surabaya","Jl. Setiabudi No. 281, Yogyakarta",32.4,paket_besar,same_day,2023-12-15,2023-12-15,2023-12-17,delivered,972000,TRK2312150002
SHP00315,CUS0177,RTE064,"Jl. Gatot Subroto No. 171, Yogyakarta","Jl. Gajah Mada No. 276, Semarang",37.0,paket_besar,regular,2023-10-11,2023-10-13,,in_transit,277500,TRK2310110002
SHP00316,CUS0314,RTE013,"Jl. Pajajaran No. 47, Jakarta","Jl. Kebon Jeruk No. 208, Padang",15.7,paket_sedang,regular,2024-02-23,2024-02-28,2024-02-28,delivered,243350,TRK2402230001
SHP00317,CUS0498,RTE045,"Jl. Hayam Wuruk No. 225, Semarang","Jl. Gajah Mada No. 82, Medan",48.0,paket_kecil,regular,2023-01-24,2023-01-30,2023-01-31,delivered,960000,TRK2301240001
SHP00318,CUS0519,RTE072,"Jl. Pemuda No. 287, Pekanbaru","Jl. Kenanga No. 92, Palembang",20.0,paket_sedang,regular,2022-07-11,2022-07-15,2022-07-15,delivered,230000,TRK2207110001
SHP00319,CUS0415,RTE034,"Jl. Diponegoro No. 175, Bandung","Jl. Kenanga No. 182, Yogyakarta",19.9,fragile,regular,2023-08-25,2023-08-28,2023-08-29,delivered,189050,TRK2308250001
SHP00320,CUS0085,RTE042,"Jl. Veteran No. 227, Semarang","Jl. Thamrin No. 126, Malang",27.4,paket_sedang,regular,2022-02-23,2022-02-26,2022-02-27,delivered,260300,TRK2202230001
SHP00321,CUS0225,RTE032,"Jl. Veteran No. 226, Bandung","Jl. Kebon Jeruk No. 111, Bogor",7.4,paket_kecil,regular,2024-09-16,2024-09-18,2024-09-20,delivered,59200,TRK2409160001
SHP00322,CUS0425,RTE072,"Jl. Kenanga No. 291, Pekanbaru","Jl. Merdeka No. 212, Palembang",9.4,paket_sedang,regular,2024-03-03,2024-03-07,2024-03-09,delivered,108100,TRK2403030001
SHP00323,CUS0373,RTE034,"Jl. Cendrawasih No. 190, Bandung","Jl. Gajah Mada No. 121, Yogyakarta",16.1,paket_kecil,express,2022-10-03,2022-10-04,2022-10-04,delivered,362250,TRK2210030001
SHP00324,CUS0253,RTE069,"Jl. Mangga No. 66, Balikpapan","Jl. Asia Afrika No. 260, Pontianak",35.4,paket_sedang,regular,2023-04-12,2023-04-16,,in_transit,460200,TRK2304120001
SHP00325,CUS0357,RTE071,"Jl. Veteran No. 239, Pekanbaru","Jl. Ahmad Yani No. 295, Padang",41.8,paket_sedang,regular,2024-10-15,2024-10-17,2024-10-18,delivered,355300,TRK2410150001
SHP00326,CUS0067,RTE022,"Jl. Sudirman No. 287, Surabaya","Jl. Mawar No. 287, Semarang",32.5,paket_besar,express,2022-10-30,2022-10-31,2022-10-31,delivered,585000,TRK2210300001
SHP00327,CUS0363,RTE009,"Jl. Pajajaran No. 142, Jakarta","Jl. Mangga No. 130, Malang",47.4,paket_besar,same_day,2024-10-02,2024-10-02,2024-10-02,delivered,2026350,TRK2410020001
SHP00328,CUS0137,RTE051,"Jl. Merdeka No. 232, Medan","Jl. Pemuda No. 276, Batam",34.9,paket_kecil,regular,2024-11-06,2024-11-10,2024-11-13,delivered,418800,TRK2411060001
SHP00329,CUS0148,RTE070,"Jl. Raya Bogor No. 162, Balikpapan","Jl. Sudirman No. 28, Makassar",35.6,paket_kecil,regular,2022-05-26,2022-05-30,,lost,409400,TRK2205260001
SHP00330,CUS0066,RTE068,"Jl. Cendrawasih No. 83, Balikpapan","Jl. Pajajaran No. 100, Banjarmasin",12.5,paket_sedang,same_day,2023-01-03,2023-01-03,2023-01-05,delivered,403125,TRK2301030001
SHP00331,CUS0031,RTE064,"Jl. Pajajaran No. 62, Yogyakarta","Jl. Hayam Wuruk No. 46, Semarang",4.8,paket_sedang,express,2024-03-04,2024-03-05,2024-03-07,delivered,69600,TRK2403040001
SHP00332,CUS0391,RTE061,"Jl. Diponegoro No. 176, Denpasar","Jl. Pahlawan No. 50, Yogyakarta",15.6,paket_kecil,regular,2023-06-01,2023-06-04,,in_transit,171600,TRK2306010001
SHP00333,CUS0512,RTE012,"Jl. Pahlawan No. 134, Jakarta","Jl. Imam Bonjol No. 103, Palembang",11.4,fragile,express,2022-06-17,2022-06-18,2022-06-18,delivered,222300,TRK2206170001
SHP00334,CUS0097,RTE068,"Jl. Ahmad Yani No. 11, Balikpapan","Jl. Cempaka No. 32, Banjarmasin",49.1,dokumen,regular,2022-07-15,2022-07-18,2022-07-18,delivered,466450,TRK2207150001
SHP00335,CUS0542,RTE002,"Jl. Sudirman No. 168, Jakarta","Jl. Imam Bonjol No. 157, Bogor",1.5,fragile,express,2024-02-07,2024-02-08,2024-02-11,delivered,24000,TRK2402070001
SHP00336,CUS0177,RTE025,"Jl. Kebon Jeruk No. 256, Surabaya","Jl. Pahlawan No. 275, Makassar",11.0,paket_kecil,express,2022-11-13,2022-11-15,2022-11-16,delivered,269500,TRK2211130001
SHP00337,CUS0588,RTE023,"Jl. Mawar No. 91, Surabaya","Jl. Anggrek No. 77, Denpasar",40.7,paket_sedang,express,2022-03-21,2022-03-22,,in_transit,854700,TRK2203210002
SHP00338,CUS0551,RTE016,"Jl. Pemuda No. 150, Jakarta","Jl. Asia Afrika No. 179, Manado",34.2,paket_sedang,regular,2022-07-24,2022-07-31,2022-08-01,delivered,735300,TRK2207240002
SHP00339,CUS0159,RTE079,"Jl. Hayam Wuruk No. 233, Pontianak","Jl. Raya Bogor No. 281, Jakarta",41.6,paket_besar,regular,2022-05-15,2022-05-19,2022-05-19,delivered,478400,TRK2205150001
SHP00340,CUS0375,RTE019,"Jl. Veteran No. 252, Jakarta","Jl. Merdeka No. 207, Banjarmasin",2.2,dokumen,express,2022-07-22,2022-07-25,,in_transit,64900,TRK2207220001
SHP00341,CUS0533,RTE012,"Jl. Raya Bogor No. 165, Jakarta","Jl. Anggrek No. 289, Palembang",28.8,paket_sedang,regular,2025-01-23,2025-01-26,,in_transit,273600,TRK2501230001
SHP00342,CUS0206,RTE037,"Jl. Hayam Wuruk No. 70, Bandung","Jl. Mawar No. 102, Malang",14.7,paket_sedang,regular,2024-06-10,2024-06-14,2024-06-14,delivered,176400,TRK2406100002
SHP00343,CUS0503,RTE004,"Jl. Melati No. 54, Jakarta","Jl. Hayam Wuruk No. 288, Bekasi",24.3,paket_kecil,express,2023-08-12,2023-08-13,2023-08-15,delivered,376650,TRK2308120001
SHP00344,CUS0057,RTE068,"Jl. Thamrin No. 97, Balikpapan","Jl. Gatot Subroto No. 158, Banjarmasin",44.6,paket_besar,express,2025-01-16,2025-01-18,2025-01-18,delivered,958900,TRK2501160001
SHP00345,CUS0322,RTE007,"Jl. Kenanga No. 15, Jakarta","Jl. Thamrin No. 156, Yogyakarta",19.3,paket_kecil,express,2022-04-18,2022-04-20,2022-04-22,delivered,443900,TRK2204180001
SHP00346,CUS0445,RTE066,"Jl. Anggrek No. 92, Yogyakarta","Jl. Anggrek No. 190, Bandung",34.1,dokumen,regular,2022-07-22,2022-07-25,2022-07-26,delivered,323950,TRK2207220002
SHP00347,CUS0191,RTE029,"Jl. Margonda No. 164, Surabaya","Jl. Gatot Subroto No. 105, Manado",24.8,paket_sedang,express,2022-02-01,2022-02-04,2022-02-03,delivered,868000,TRK2202010001
SHP00348,CUS0391,RTE027,"Jl. Margonda No. 60, Surabaya","Jl. Pemuda No. 3, Medan",45.2,paket_sedang,regular,2022-12-29,2023-01-04,2023-01-09,delivered,949200,TRK2212290001
SHP00349,CUS0234,RTE048,"Jl. Imam Bonjol No. 23, Medan","Jl. Diponegoro No. 73, Palembang",30.0,paket_sedang,regular,2024-05-15,2024-05-20,2024-05-21,delivered,450000,TRK2405150001
SHP00350,CUS0318,RTE027,"Jl. Kebon Jeruk No. 140, Surabaya","Jl. Cendrawasih No. 6, Medan",20.9,paket_sedang,regular,2023-01-24,2023-01-30,,in_transit,438900,TRK2301240002
SHP00351,CUS0500,RTE033,"Jl. Cempaka No. 6, Bandung","Jl. Kebon Jeruk No. 203, Semarang",2.2,paket_besar,regular,2023-04-02,2023-04-05,2023-04-05,delivered,20900,TRK2304020001
SHP00352,CUS0118,RTE015,"Jl. Pahlawan No. 251, Jakarta","Jl. Gatot Subroto No. 94, Makassar",26.9,paket_kecil,same_day,2023-06-10,2023-06-10,2023-06-15,delivered,1311375,TRK2306100001
SHP00353,CUS0408,RTE037,"Jl. Kenanga No. 147, Bandung","Jl. Pemuda No. 292, Malang",13.1,paket_besar,regular,2023-02-18,2023-02-22,2023-02-27,delivered,157200,TRK2302180001
SHP00354,CUS0569,RTE064,"Jl. Merdeka No. 66, Yogyakarta","Jl. Anggrek No. 19, Semarang",23.5,paket_kecil,regular,2022-03-19,2022-03-21,2022-03-23,delivered,176250,TRK2203190001
SHP00355,CUS0189,RTE011,"Jl. Setiabudi No. 35, Jakarta","Jl. Veteran No. 224, Medan",30.8,paket_sedang,regular,2024-06-24,2024-06-29,2024-06-30,delivered,554400,TRK2406240001
SHP00356,CUS0043,RTE065,"Jl. Setiabudi No. 97, Yogyakarta","Jl. Setiabudi No. 108, Surabaya",36.3,dokumen,regular,2022-11-09,2022-11-12,2022-11-12,delivered,326700,TRK2211090001
SHP00357,CUS0257,RTE023,"Jl. Gajah Mada No. 237, Surabaya","Jl. Merdeka No. 29, Denpasar",19.6,paket_kecil,regular,2024-11-01,2024-11-04,2024-11-04,delivered,186200,TRK2411010002
SHP00358,CUS0189,RTE025,"Jl. Hayam Wuruk No. 225, Surabaya","Jl. Sudirman No. 226, Makassar",3.6,paket_kecil,express,2023-08-13,2023-08-15,2023-08-16,delivered,88200,TRK2308130002
SHP00359,CUS0147,RTE071,"Jl. Hayam Wuruk No. 30, Pekanbaru","Jl. Asia Afrika No. 34, Padang",20.6,paket_sedang,express,2022-12-14,2022-12-15,2022-12-17,delivered,422300,TRK2212140001
SHP00360,CUS0330,RTE048,"Jl. Thamrin No. 74, Medan","Jl. Asia Afrika No. 120, Palembang",0.4,dokumen,regular,2024-03-04,2024-03-09,2024-03-11,delivered,6000,TRK2403040002
SHP00361,CUS0123,RTE029,"Jl. Setiabudi No. 19, Surabaya","Jl. Mangga No. 280, Manado",3.8,paket_sedang,express,2024-03-01,2024-03-04,2024-03-04,delivered,133000,TRK2403010001
SHP00362,CUS0397,RTE058,"Jl. Pajajaran No. 122, Denpasar","Jl. Raya Bogor No. 252, Surabaya",30.7,paket_kecil,express,2024-07-20,2024-07-21,2024-07-22,delivered,660050,TRK2407200001
SHP00363,CUS0157,RTE059,"Jl. Kenanga No. 185, Denpasar","Jl. Veteran No. 74, Lombok",14.4,paket_besar,regular,2023-06-11,2023-06-13,2023-06-16,delivered,115200,TRK2306110001
SHP00364,CUS0377,RTE003,"Jl. Cendrawasih No. 154, Jakarta","Jl. Diponegoro No. 22, Tangerang",23.1,paket_besar,express,2023-04-10,2023-04-11,,in_transit,323400,TRK2304100001
SHP00365,CUS0412,RTE017,"Jl. Kebon Jeruk No. 181, Jakarta","Jl. Merdeka No. 208, Balikpapan",21.1,paket_sedang,same_day,2024-07-15,2024-07-15,,in_transit,1139400,TRK2407150001
SHP00366,CUS0455,RTE050,"Jl. Mawar No. 187, Medan","Jl. Hayam Wuruk No. 167, Jakarta",33.3,paket_kecil,express,2023-02-26,2023-03-01,2023-03-01,delivered,1298700,TRK2302260001
SHP00367,CUS0196,RTE073,"Jl. Merdeka No. 187, Pekanbaru","Jl. Mawar No. 281, Medan",43.1,paket_besar,regular,2023-09-21,2023-09-24,2023-09-24,delivered,409450,TRK2309210001
SHP00368,CUS0145,RTE061,"Jl. Asia Afrika No. 278, Denpasar","Jl. Kebon Jeruk No. 232, Yogyakarta",15.1,paket_besar,same_day,2024-04-24,2024-04-24,2024-04-24,delivered,486975,TRK2404240001
SHP00369,CUS0223,RTE044,"Jl. Kenanga No. 81, Semarang","Jl. Raya Bogor No. 197, Denpasar",46.9,paket_sedang,regular,2022-02-18,2022-02-22,,returned,539350,TRK2202180002
SHP00370,CUS0212,RTE050,"Jl. Mangga No. 89, Medan","Jl. Ahmad Yani No. 289, Jakarta",38.5,paket_sedang,express,2023-02-10,2023-02-13,,in_transit,1501500,TRK2302100001
SHP00371,CUS0155,RTE053,"Jl. Hayam Wuruk No. 240, Makassar","Jl. Veteran No. 67, Denpasar",38.2,paket_sedang,express,2024-12-22,2024-12-24,,in_transit,1050500,TRK2412220001
SHP00372,CUS0037,RTE013,"Jl. Gatot Subroto No. 44, Jakarta","Jl. Sudirman No. 5, Padang",46.0,paket_besar,regular,2022-07-04,2022-07-09,2022-07-09,delivered,713000,TRK2207040001
SHP00373,CUS0366,RTE026,"Jl. Pajajaran No. 78, Surabaya","Jl. Merdeka No. 158, Solo",42.0,paket_kecil,regular,2024-07-03,2024-07-05,2024-07-06,delivered,357000,TRK2407030001
SHP00374,CUS0180,RTE038,"Jl. Pemuda No. 52, Bandung","Jl. Kenanga No. 82, Cirebon",45.1,paket_kecil,regular,2022-08-31,2022-09-02,2022-09-03,delivered,360800,TRK2208310001
SHP00375,CUS0420,RTE021,"Jl. Kenanga No. 283, Surabaya","Jl. Kebon Jeruk No. 241, Yogyakarta",35.0,paket_kecil,regular,2022-08-21,2022-08-24,2022-08-25,delivered,315000,TRK2208210002
SHP00376,CUS0151,RTE057,"Jl. Asia Afrika No. 21, Denpasar","Jl. Diponegoro No. 196, Mataram",23.7,paket_sedang,same_day,2022-02-10,2022-02-10,2022-02-11,delivered,639900,TRK2202100001
SHP00377,CUS0372,RTE057,"Jl. Mangga No. 293, Denpasar","Jl. Pahlawan No. 230, Mataram",44.7,fragile,express,2023-12-06,2023-12-07,2023-12-10,delivered,804600,TRK2312060002
SHP00378,CUS0088,RTE048,"Jl. Gatot Subroto No. 91, Medan","Jl. Diponegoro No. 154, Palembang",33.9,fragile,regular,2023-02-08,2023-02-13,,returned,508500,TRK2302080001
SHP00379,CUS0329,RTE038,"Jl. Margonda No. 43, Bandung","Jl. Gajah Mada No. 254, Cirebon",0.9,paket_besar,regular,2022-12-13,2022-12-15,,returned,7200,TRK2212130003
SHP00380,CUS0374,RTE033,"Jl. Merdeka No. 263, Bandung","Jl. Ahmad Yani No. 267, Semarang",45.2,dokumen,regular,2022-12-08,2022-12-11,2022-12-11,delivered,429400,TRK2212080001
SHP00381,CUS0245,RTE040,"Jl. Ahmad Yani No. 230, Semarang","Jl. Cendrawasih No. 173, Yogyakarta",2.1,paket_besar,same_day,2024-07-27,2024-07-27,2024-07-28,delivered,50400,TRK2407270003
SHP00382,CUS0341,RTE071,"Jl. Thamrin No. 67, Pekanbaru","Jl. Cempaka No. 6, Padang",36.8,dokumen,regular,2023-02-13,2023-02-15,2023-02-18,delivered,312800,TRK2302130001
SHP00383,CUS0390,RTE050,"Jl. Thamrin No. 139, Medan","Jl. Margonda No. 193, Jakarta",16.8,paket_besar,regular,2024-04-13,2024-04-18,2024-04-20,delivered,302400,TRK2404130001
SHP00384,CUS0136,RTE045,"Jl. Pajajaran No. 134, Semarang","Jl. Kenanga No. 99, Medan",24.5,paket_kecil,regular,2022-06-23,2022-06-29,2022-07-01,delivered,490000,TRK2206230002
SHP00385,CUS0327,RTE066,"Jl. Asia Afrika No. 12, Yogyakarta","Jl. Diponegoro No. 55, Bandung",12.2,paket_kecil,regular,2022-11-12,2022-11-15,2022-11-16,delivered,115900,TRK2211120001
SHP00386,CUS0243,RTE012,"Jl. Gatot Subroto No. 5, Jakarta","Jl. Pajajaran No. 7, Palembang",36.9,paket_kecil,express,2022-05-25,2022-05-26,2022-05-26,delivered,719550,TRK2205250002
SHP00387,CUS0472,RTE043,"Jl. Raya Bogor No. 55, Semarang","Jl. Cempaka No. 63, Surabaya",2.9,paket_kecil,same_day,2022-06-16,2022-06-16,2022-06-16,delivered,78300,TRK2206160001
SHP00388,CUS0094,RTE001,"Jl. Cendrawasih No. 120, Jakarta","Jl. Merdeka No. 26, Bandung",35.9,paket_kecil,express,2024-12-20,2024-12-21,2024-12-21,delivered,610300,TRK2412200001
SHP00389,CUS0203,RTE064,"Jl. Cempaka No. 96, Yogyakarta","Jl. Melati No. 148, Semarang",36.6,paket_sedang,regular,2024-06-25,2024-06-27,2024-06-27,delivered,274500,TRK2406250002
SHP00390,CUS0007,RTE011,"Jl. Pahlawan No. 102, Jakarta","Jl. Ahmad Yani No. 74, Medan",43.9,paket_sedang,regular,2022-09-11,2022-09-16,2022-09-18,delivered,790200,TRK2209110001
SHP00391,CUS0078,RTE025,"Jl. Pahlawan No. 165, Surabaya","Jl. Setiabudi No. 117, Makassar",8.2,paket_sedang,express,2023-08-31,2023-09-02,2023-09-03,delivered,200900,TRK2308310002
SHP00392,CUS0519,RTE037,"Jl. Merdeka No. 219, Bandung","Jl. Ahmad Yani No. 177, Malang",36.8,paket_sedang,express,2023-05-31,2023-06-02,2023-06-02,delivered,809600,TRK2305310001
SHP00393,CUS0166,RTE009,"Jl. Thamrin No. 33, Jakarta","Jl. Melati No. 177, Malang",45.1,dokumen,same_day,2024-05-30,2024-05-30,2024-05-30,delivered,1928025,TRK2405300001
SHP00394,CUS0457,RTE002,"Jl. Pajajaran No. 46, Jakarta","Jl. Hayam Wuruk No. 186, Bogor",34.9,paket_sedang,regular,2023-06-22,2023-06-23,2023-06-25,delivered,261750,TRK2306220001
SHP00395,CUS0327,RTE058,"Jl. Gajah Mada No. 246, Denpasar","Jl. Gajah Mada No. 256, Surabaya",15.1,paket_sedang,express,2023-01-25,2023-01-26,2023-01-26,delivered,324650,TRK2301250001
SHP00396,CUS0175,RTE006,"Jl. Margonda No. 181, Jakarta","Jl. Cendrawasih No. 239, Surabaya",44.0,paket_kecil,regular,2024-08-07,2024-08-11,2024-08-14,delivered,506000,TRK2408070001
SHP00397,CUS0476,RTE058,"Jl. Diponegoro No. 73, Denpasar","Jl. Pajajaran No. 198, Surabaya",21.0,dokumen,regular,2023-10-11,2023-10-14,2023-10-14,delivered,199500,TRK2310110003
SHP00398,CUS0153,RTE052,"Jl. Gajah Mada No. 8, Makassar","Jl. Cendrawasih No. 89, Manado",7.6,fragile,regular,2022-07-14,2022-07-19,2022-07-18,delivered,114000,TRK2207140001
SHP00399,CUS0484,RTE020,"Jl. Ahmad Yani No. 173, Surabaya","Jl. Merdeka No. 12, Malang",24.9,paket_kecil,express,2023-07-23,2023-07-24,,in_transit,398400,TRK2307230002
SHP00400,CUS0234,RTE025,"Jl. Melati No. 256, Surabaya","Jl. Cendrawasih No. 223, Makassar",47.4,paket_kecil,express,2022-05-03,2022-05-05,2022-05-05,delivered,1161300,TRK2205030002
SHP00401,CUS0109,RTE009,"Jl. Hayam Wuruk No. 245, Jakarta","Jl. Cempaka No. 149, Malang",7.2,paket_sedang,express,2023-03-20,2023-03-22,2023-03-22,delivered,205200,TRK2303200002
SHP00402,CUS0014,RTE040,"Jl. Kebon Jeruk No. 82, Semarang","Jl. Hayam Wuruk No. 160, Yogyakarta",34.2,paket_sedang,regular,2022-09-23,2022-09-25,2022-09-26,delivered,256500,TRK2209230001
SHP00403,CUS0350,RTE048,"Jl. Margonda No. 66, Medan","Jl. Gajah Mada No. 290, Palembang",48.5,dokumen,regular,2024-01-28,2024-02-02,2024-02-02,delivered,727500,TRK2401280001
SHP00404,CUS0215,RTE042,"Jl. Margonda No. 120, Semarang","Jl. Hayam Wuruk No. 244, Malang",39.4,paket_sedang,express,2023-11-10,2023-11-11,2023-11-12,delivered,728900,TRK2311100001
SHP00405,CUS0131,RTE042,"Jl. Kebon Jeruk No. 294, Semarang","Jl. Veteran No. 122, Malang",40.7,paket_kecil,express,2024-08-20,2024-08-21,2024-08-24,delivered,752950,TRK2408200003
SHP00406,CUS0321,RTE066,"Jl. Asia Afrika No. 197, Yogyakarta","Jl. Setiabudi No. 76, Bandung",31.2,dokumen,express,2024-08-05,2024-08-06,,in_transit,702000,TRK2408050002
SHP00407,CUS0273,RTE009,"Jl. Mawar No. 200, Jakarta","Jl. Setiabudi No. 99, Malang",39.6,paket_kecil,regular,2024-01-16,2024-01-20,2024-01-22,delivered,475200,TRK2401160001
SHP00408,CUS0061,RTE061,"Jl. Veteran No. 115, Denpasar","Jl. Kebon Jeruk No. 2, Yogyakarta",16.4,paket_besar,express,2022-10-27,2022-10-29,,returned,352600,TRK2210270001
SHP00409,CUS0280,RTE041,"Jl. Melati No. 161, Semarang","Jl. Cempaka No. 275, Solo",10.1,paket_besar,regular,2022-09-04,2022-09-06,,in_transit,75750,TRK2209040001
SHP00410,CUS0303,RTE008,"Jl. Pajajaran No. 100, Jakarta","Jl. Anggrek No. 259, Solo",14.2,paket_besar,regular,2022-01-23,2022-01-26,2022-01-26,delivered,149100,TRK2201230002
SHP00411,CUS0210,RTE019,"Jl. Pemuda No. 13, Jakarta","Jl. Sudirman No. 216, Banjarmasin",4.0,paket_sedang,regular,2024-07-03,2024-07-07,2024-07-08,delivered,54000,TRK2407030002
SHP00412,CUS0569,RTE021,"Jl. Cempaka No. 228, Surabaya","Jl. Setiabudi No. 161, Yogyakarta",5.5,paket_kecil,regular,2023-02-10,2023-02-13,2023-02-15,delivered,49500,TRK2302100002
SHP00413,CUS0465,RTE037,"Jl. Pahlawan No. 66, Bandung","Jl. Hayam Wuruk No. 9, Malang",6.3,paket_besar,express,2024-09-04,2024-09-06,2024-09-06,delivered,138600,TRK2409040002
SHP00414,CUS0323,RTE049,"Jl. Kenanga No. 14, Medan","Jl. Kebon Jeruk No. 223, Banda Aceh",32.4,paket_kecil,regular,2022-03-12,2022-03-15,2022-03-16,delivered,340200,TRK2203120001
SHP00415,CUS0332,RTE073,"Jl. Setiabudi No. 292, Pekanbaru","Jl. Thamrin No. 262, Medan",2.9,paket_besar,regular,2024-10-14,2024-10-17,2024-10-17,delivered,27550,TRK2410140002
SHP00416,CUS0070,RTE018,"Jl. Diponegoro No. 53, Jakarta","Jl. Anggrek No. 84, Pontianak",47.0,paket_kecil,same_day,2024-01-08,2024-01-08,2024-01-13,delivered,1656750,TRK2401080001
SHP00417,CUS0347,RTE011,"Jl. Cendrawasih No. 176, Jakarta","Jl. Setiabudi No. 36, Medan",24.7,paket_sedang,express,2024-05-02,2024-05-05,2024-05-06,delivered,926250,TRK2405020002
SHP00418,CUS0406,RTE020,"Jl. Kenanga No. 46, Surabaya","Jl. Merdeka No. 230, Malang",8.0,paket_besar,regular,2023-04-11,2023-04-12,2023-04-12,delivered,60000,TRK2304110001
SHP00419,CUS0572,RTE004,"Jl. Thamrin No. 116, Jakarta","Jl. Melati No. 22, Bekasi",2.2,paket_besar,regular,2022-10-09,2022-10-10,2022-10-11,delivered,15400,TRK2210090001
SHP00420,CUS0331,RTE050,"Jl. Setiabudi No. 203, Medan","Jl. Sudirman No. 262, Jakarta",38.3,paket_sedang,express,2024-04-29,2024-05-02,,lost,1493700,TRK2404290001
SHP00421,CUS0564,RTE009,"Jl. Thamrin No. 103, Jakarta","Jl. Mangga No. 19, Malang",10.5,paket_sedang,regular,2023-12-17,2023-12-21,2023-12-23,delivered,126000,TRK2312170001
SHP00422,CUS0596,RTE048,"Jl. Anggrek No. 85, Medan","Jl. Imam Bonjol No. 109, Palembang",7.7,dokumen,express,2023-07-31,2023-08-03,2023-08-03,delivered,231000,TRK2307310001
SHP00423,CUS0384,RTE066,"Jl. Imam Bonjol No. 82, Yogyakarta","Jl. Merdeka No. 132, Bandung",16.8,paket_kecil,regular,2024-03-15,2024-03-18,2024-03-18,delivered,159600,TRK2403150001
SHP00424,CUS0293,RTE058,"Jl. Sudirman No. 229, Denpasar","Jl. Cempaka No. 263, Surabaya",38.5,paket_kecil,regular,2022-03-27,2022-03-30,2022-03-30,delivered,365750,TRK2203270002
SHP00425,CUS0110,RTE027,"Jl. Merdeka No. 292, Surabaya","Jl. Pajajaran No. 153, Medan",41.7,paket_sedang,express,2023-09-14,2023-09-17,2023-09-17,delivered,1793100,TRK2309140001
SHP00426,CUS0056,RTE030,"Jl. Mangga No. 130, Surabaya","Jl. Merdeka No. 262, Palembang",1.3,dokumen,regular,2023-11-15,2023-11-20,2023-11-20,delivered,18200,TRK2311150002
SHP00427,CUS0398,RTE042,"Jl. Mawar No. 201, Semarang","Jl. Cempaka No. 85, Malang",46.0,paket_sedang,express,2023-08-08,2023-08-09,2023-08-11,delivered,851000,TRK2308080001
SHP00428,CUS0255,RTE010,"Jl. Cempaka No. 55, Jakarta","Jl. Sudirman No. 16, Denpasar",31.0,paket_besar,regular,2022-01-01,2022-01-05,2022-01-05,delivered,434000,TRK2201010001
SHP00429,CUS0391,RTE073,"Jl. Pahlawan No. 50, Pekanbaru","Jl. Thamrin No. 189, Medan",10.8,paket_kecil,regular,2024-02-03,2024-02-06,2024-02-06,delivered,102600,TRK2402030001
SHP00430,CUS0428,RTE003,"Jl. Pemuda No. 18, Jakarta","Jl. Asia Afrika No. 155, Tangerang",7.2,paket_sedang,regular,2022-09-04,2022-09-05,2022-09-08,delivered,50400,TRK2209040002
SHP00431,CUS0032,RTE061,"Jl. Pahlawan No. 8, Denpasar","Jl. Asia Afrika No. 45, Yogyakarta",36.3,paket_sedang,express,2023-07-14,2023-07-16,2023-07-16,delivered,780450,TRK2307140001
SHP00432,CUS0577,RTE062,"Jl. Gatot Subroto No. 79, Yogyakarta","Jl. Merdeka No. 34, Solo",19.9,paket_kecil,regular,2024-10-15,2024-10-16,2024-10-16,delivered,149250,TRK2410150002
SHP00433,CUS0477,RTE053,"Jl. Pahlawan No. 7, Makassar","Jl. Mangga No. 23, Denpasar",32.9,fragile,regular,2023-07-31,2023-08-04,2023-08-06,delivered,378350,TRK2307310002
SHP00434,CUS0208,RTE035,"Jl. Sudirman No. 140, Bandung","Jl. Merdeka No. 121, Surabaya",34.5,paket_besar,express,2022-04-01,2022-04-04,,in_transit,914250,TRK2204010001
SHP00435,CUS0577,RTE056,"Jl. Kenanga No. 251, Makassar","Jl. Veteran No. 25, Kendari",14.4,dokumen,regular,2024-07-23,2024-07-26,2024-07-28,delivered,136800,TRK2407230002
SHP00436,CUS0558,RTE021,"Jl. Gajah Mada No. 191, Surabaya","Jl. Pajajaran No. 283, Yogyakarta",27.1,paket_kecil,express,2023-12-12,2023-12-13,2023-12-13,delivered,542000,TRK2312120002
SHP00437,CUS0595,RTE052,"Jl. Gajah Mada No. 240, Makassar","Jl. Gajah Mada No. 150, Manado",7.5,paket_sedang,express,2025-01-15,2025-01-18,2025-01-18,delivered,213750,TRK2501150001
SHP00438,CUS0443,RTE012,"Jl. Cempaka No. 130, Jakarta","Jl. Diponegoro No. 171, Palembang",46.2,paket_sedang,regular,2025-01-09,2025-01-12,2025-01-15,delivered,438900,TRK2501090001
SHP00439,CUS0169,RTE006,"Jl. Hayam Wuruk No. 260, Jakarta","Jl. Kebon Jeruk No. 75, Surabaya",30.0,paket_sedang,same_day,2022-11-23,2022-11-23,2022-11-26,delivered,1035000,TRK2211230001
SHP00440,CUS0588,RTE018,"Jl. Merdeka No. 203, Jakarta","Jl. Gatot Subroto No. 215, Pontianak",44.0,fragile,express,2022-03-27,2022-03-30,2022-03-31,delivered,1034000,TRK2203270003
SHP00441,CUS0590,RTE001,"Jl. Ahmad Yani No. 282, Jakarta","Jl. Raya Bogor No. 85, Bandung",37.0,paket_sedang,regular,2024-09-28,2024-09-30,2024-09-30,delivered,296000,TRK2409280001
SHP00442,CUS0383,RTE071,"Jl. Imam Bonjol No. 268, Pekanbaru","Jl. Raya Bogor No. 202, Padang",11.0,paket_kecil,regular,2022-08-06,2022-08-08,2022-08-08,delivered,93500,TRK2208060002
SHP00443,CUS0465,RTE020,"Jl. Margonda No. 97, Surabaya","Jl. Margonda No. 1, Malang",44.7,fragile,regular,2024-10-11,2024-10-12,,in_transit,335250,TRK2410110001
SHP00444,CUS0148,RTE010,"Jl. Margonda No. 157, Jakarta","Jl. Veteran No. 208, Denpasar",15.2,paket_kecil,express,2022-07-17,2022-07-20,2022-07-25,delivered,501600,TRK2207170002
SHP00445,CUS0196,RTE004,"Jl. Sudirman No. 16, Jakarta","Jl. Pemuda No. 62, Bekasi",10.4,paket_besar,express,2022-05-27,2022-05-28,2022-05-28,delivered,161200,TRK2205270001
SHP00446,CUS0464,RTE016,"Jl. Cendrawasih No. 184, Jakarta","Jl. Raya Bogor No. 207, Manado",0.6,paket_sedang,regular,2024-03-05,2024-03-12,2024-03-12,delivered,12900,TRK2403050002
SHP00447,CUS0312,RTE055,"Jl. Cempaka No. 245, Makassar","Jl. Kebon Jeruk No. 22, Surabaya",34.0,fragile,express,2023-10-17,2023-10-20,,delivered,918000,TRK2310170001
SHP00448,CUS0360,RTE004,"Jl. Ahmad Yani No. 243, Jakarta","Jl. Imam Bonjol No. 276, Bekasi",38.5,paket_sedang,express,2023-12-20,2023-12-21,,in_transit,596750,TRK2312200002
SHP00449,CUS0503,RTE004,"Jl. Imam Bonjol No. 20, Jakarta","Jl. Melati No. 45, Bekasi",23.8,paket_sedang,regular,2023-05-18,2023-05-19,,returned,166600,TRK2305180001
SHP00450,CUS0097,RTE059,"Jl. Imam Bonjol No. 173, Denpasar","Jl. Veteran No. 241, Lombok",1.8,paket_kecil,same_day,2024-07-13,2024-07-13,,returned,44550,TRK2407130001
SHP00451,CUS0222,RTE079,"Jl. Cendrawasih No. 49, Pontianak","Jl. Sudirman No. 66, Jakarta",29.7,paket_sedang,regular,2024-11-02,2024-11-06,2024-11-06,delivered,341550,TRK2411020001
SHP00452,CUS0515,RTE024,"Jl. Mawar No. 141, Surabaya","Jl. Margonda No. 290, Bandung",19.5,fragile,express,2022-04-10,2022-04-12,2022-04-12,delivered,458250,TRK2204100001
SHP00453,CUS0121,RTE067,"Jl. Melati No. 90, Balikpapan","Jl. Mawar No. 151, Samarinda",42.7,dokumen,express,2023-11-10,2023-11-11,2023-11-11,delivered,725900,TRK2311100002
SHP00454,CUS0159,RTE010,"Jl. Merdeka No. 247, Jakarta","Jl. Melati No. 128, Denpasar",0.4,paket_besar,express,2022-12-28,2022-12-31,2023-01-02,delivered,13200,TRK2212280002
SHP00455,CUS0045,RTE039,"Jl. Pahlawan No. 115, Bandung","Jl. Hayam Wuruk No. 299, Denpasar",42.3,paket_kecil,regular,2022-08-26,2022-08-30,2022-08-30,delivered,571050,TRK2208260001
SHP00456,CUS0143,RTE017,"Jl. Pajajaran No. 289, Jakarta","Jl. Sudirman No. 225, Balikpapan",24.9,paket_besar,regular,2022-02-12,2022-02-17,2022-02-19,delivered,373500,TRK2202120001
SHP00457,CUS0378,RTE070,"Jl. Asia Afrika No. 215, Balikpapan","Jl. Melati No. 18, Makassar",14.0,paket_sedang,regular,2022-05-18,2022-05-22,2022-05-22,delivered,161000,TRK2205180001
SHP00458,CUS0270,RTE046,"Jl. Melati No. 206, Medan","Jl. Anggrek No. 125, Padang",45.3,paket_besar,regular,2022-02-19,2022-02-22,2022-02-22,delivered,498300,TRK2202190001
SHP00459,CUS0585,RTE024,"Jl. Raya Bogor No. 101, Surabaya","Jl. Mawar No. 280, Bandung",18.7,paket_kecil,regular,2023-01-15,2023-01-19,,delivered,215050,TRK2301150001
SHP00460,CUS0597,RTE053,"Jl. Asia Afrika No. 287, Makassar","Jl. Thamrin No. 119, Denpasar",10.2,paket_kecil,same_day,2024-03-11,2024-03-11,,lost,420750,TRK2403110001
SHP00461,CUS0012,RTE048,"Jl. Thamrin No. 262, Medan","Jl. Sudirman No. 58, Palembang",26.3,paket_kecil,express,2022-01-19,2022-01-22,,in_transit,789000,TRK2201190001
SHP00462,CUS0311,RTE018,"Jl. Hayam Wuruk No. 125, Jakarta","Jl. Melati No. 110, Pontianak",9.5,paket_sedang,express,2023-03-15,2023-03-18,2023-03-18,delivered,223250,TRK2303150001
SHP00463,CUS0398,RTE071,"Jl. Kebon Jeruk No. 278, Pekanbaru","Jl. Gatot Subroto No. 75, Padang",33.4,paket_besar,regular,2022-05-20,2022-05-22,2022-05-23,delivered,283900,TRK2205200001
SHP00464,CUS0075,RTE073,"Jl. Pahlawan No. 127, Pekanbaru","Jl. Kebon Jeruk No. 212, Medan",42.0,paket_kecil,regular,2023-06-22,2023-06-25,2023-06-25,delivered,399000,TRK2306220002
SHP00465,CUS0443,RTE006,"Jl. Hayam Wuruk No. 203, Jakarta","Jl. Sudirman No. 99, Surabaya",33.6,fragile,regular,2024-07-10,2024-07-14,2024-07-15,delivered,386400,TRK2407100001
SHP00466,CUS0231,RTE017,"Jl. Melati No. 261, Jakarta","Jl. Cendrawasih No. 81, Balikpapan",12.1,paket_sedang,express,2022-06-03,2022-06-06,2022-06-06,delivered,435600,TRK2206030002
SHP00467,CUS0032,RTE054,"Jl. Gatot Subroto No. 288, Makassar","Jl. Gatot Subroto No. 75, Balikpapan",38.7,dokumen,regular,2024-03-16,2024-03-20,2024-03-20,delivered,445050,TRK2403160001
SHP00468,CUS0350,RTE039,"Jl. Kenanga No. 168, Bandung","Jl. Pemuda No. 241, Denpasar",25.6,paket_kecil,express,2022-10-09,2022-10-11,2022-10-12,delivered,819200,TRK2210090002
SHP00469,CUS0094,RTE063,"Jl. Hayam Wuruk No. 273, Yogyakarta","Jl. Anggrek No. 33, Malang",12.7,paket_kecil,regular,2023-08-15,2023-08-18,2023-08-19,delivered,120650,TRK2308150001
SHP00470,CUS0234,RTE041,"Jl. Hayam Wuruk No. 123, Semarang","Jl. Mangga No. 98, Solo",17.5,paket_kecil,regular,2024-11-26,2024-11-28,2024-11-29,delivered,131250,TRK2411260003
SHP00471,CUS0286,RTE034,"Jl. Cempaka No. 218, Bandung","Jl. Raya Bogor No. 97, Yogyakarta",38.4,paket_besar,regular,2023-08-28,2023-08-31,2023-08-31,delivered,364800,TRK2308280001
SHP00472,CUS0371,RTE070,"Jl. Kenanga No. 165, Balikpapan","Jl. Merdeka No. 237, Makassar",29.1,paket_kecil,same_day,2023-08-20,2023-08-20,2023-08-21,delivered,1178550,TRK2308200002
SHP00473,CUS0211,RTE077,"Jl. Kebon Jeruk No. 173, Pontianak","Jl. Pahlawan No. 255, Singkawang",18.8,paket_kecil,same_day,2023-07-09,2023-07-09,2023-07-12,delivered,493500,TRK2307090001
SHP00474,CUS0471,RTE069,"Jl. Hayam Wuruk No. 75, Balikpapan","Jl. Ahmad Yani No. 37, Pontianak",12.7,fragile,express,2024-03-16,2024-03-19,2024-03-18,delivered,406400,TRK2403160002
SHP00475,CUS0194,RTE033,"Jl. Melati No. 233, Bandung","Jl. Kenanga No. 299, Semarang",41.1,paket_sedang,regular,2023-02-12,2023-02-15,2023-02-15,delivered,390450,TRK2302120001
SHP00476,CUS0438,RTE063,"Jl. Cempaka No. 56, Yogyakarta","Jl. Melati No. 224, Malang",19.4,paket_kecil,regular,2022-09-09,2022-09-12,2022-09-12,delivered,184300,TRK2209090001
SHP00477,CUS0056,RTE006,"Jl. Gatot Subroto No. 143, Jakarta","Jl. Asia Afrika No. 281, Surabaya",26.8,paket_kecil,regular,2024-05-16,2024-05-20,2024-05-20,delivered,308200,TRK2405160001
SHP00478,CUS0581,RTE008,"Jl. Sudirman No. 58, Jakarta","Jl. Hayam Wuruk No. 142, Solo",14.3,paket_kecil,regular,2023-07-01,2023-07-04,2023-07-07,delivered,150150,TRK2307010002
SHP00479,CUS0363,RTE031,"Jl. Diponegoro No. 12, Surabaya","Jl. Kenanga No. 300, Pekanbaru",15.9,paket_kecil,regular,2023-02-21,2023-02-26,,in_transit,270300,TRK2302210001
SHP00480,CUS0555,RTE079,"Jl. Sudirman No. 83, Pontianak","Jl. Gatot Subroto No. 293, Jakarta",37.0,fragile,regular,2024-09-22,2024-09-26,2024-09-26,delivered,425500,TRK2409220002
SHP00481,CUS0253,RTE053,"Jl. Veteran No. 124, Makassar","Jl. Mawar No. 85, Denpasar",44.6,fragile,regular,2022-08-08,2022-08-12,2022-08-11,delivered,512900,TRK2208080001
SHP00482,CUS0316,RTE056,"Jl. Mangga No. 198, Makassar","Jl. Mawar No. 110, Kendari",11.7,paket_besar,regular,2024-06-28,2024-07-01,2024-07-01,delivered,111150,TRK2406280001
SHP00483,CUS0394,RTE079,"Jl. Setiabudi No. 195, Pontianak","Jl. Sudirman No. 278, Jakarta",38.3,paket_kecil,express,2024-10-03,2024-10-06,2024-10-06,delivered,861750,TRK2410030001
SHP00484,CUS0537,RTE044,"Jl. Hayam Wuruk No. 11, Semarang","Jl. Melati No. 260, Denpasar",30.8,paket_besar,express,2023-02-25,2023-02-27,2023-02-27,delivered,800800,TRK2302250001
SHP00485,CUS0080,RTE077,"Jl. Margonda No. 194, Pontianak","Jl. Pahlawan No. 207, Singkawang",10.4,paket_kecil,regular,2023-07-16,2023-07-18,2023-07-18,delivered,83200,TRK2307160002
SHP00486,CUS0298,RTE030,"Jl. Imam Bonjol No. 241, Surabaya","Jl. Sudirman No. 289, Palembang",12.3,paket_sedang,regular,2022-02-14,2022-02-19,2022-02-19,delivered,172200,TRK2202140001
SHP00487,CUS0354,RTE047,"Jl. Imam Bonjol No. 11, Medan","Jl. Melati No. 224, Pekanbaru",36.2,fragile,regular,2024-06-14,2024-06-17,2024-06-17,delivered,343900,TRK2406140001
SHP00488,CUS0235,RTE035,"Jl. Gajah Mada No. 134, Bandung","Jl. Melati No. 81, Surabaya",8.5,paket_besar,express,2024-11-25,2024-11-28,2024-11-29,delivered,225250,TRK2411250001
SHP00489,CUS0201,RTE005,"Jl. Imam Bonjol No. 187, Jakarta","Jl. Thamrin No. 118, Semarang",4.6,fragile,regular,2022-04-13,2022-04-16,2022-04-16,delivered,43700,TRK2204130001
SHP00490,CUS0538,RTE033,"Jl. Mawar No. 77, Bandung","Jl. Pemuda No. 73, Semarang",42.9,paket_kecil,regular,2023-04-15,2023-04-18,2023-04-18,delivered,407550,TRK2304150002
SHP00491,CUS0171,RTE067,"Jl. Gatot Subroto No. 119, Balikpapan","Jl. Gatot Subroto No. 27, Samarinda",28.7,paket_besar,same_day,2022-12-27,2022-12-27,2022-12-27,delivered,731850,TRK2212270001
SHP00492,CUS0482,RTE055,"Jl. Pahlawan No. 121, Makassar","Jl. Sudirman No. 101, Surabaya",30.2,dokumen,same_day,2022-07-27,2022-07-27,2022-07-27,delivered,1223100,TRK2207270001
SHP00493,CUS0184,RTE069,"Jl. Asia Afrika No. 237, Balikpapan","Jl. Kenanga No. 189, Pontianak",36.2,paket_kecil,regular,2023-05-19,2023-05-23,,in_transit,470600,TRK2305190001
SHP00494,CUS0009,RTE042,"Jl. Pahlawan No. 140, Semarang","Jl. Anggrek No. 11, Malang",25.1,paket_besar,regular,2022-10-04,2022-10-07,2022-10-07,delivered,238450,TRK2210040001
SHP00495,CUS0481,RTE020,"Jl. Diponegoro No. 124, Surabaya","Jl. Cempaka No. 189, Malang",28.7,paket_kecil,regular,2024-07-20,2024-07-21,2024-07-21,delivered,215250,TRK2407200002
SHP00496,CUS0113,RTE032,"Jl. Pahlawan No. 22, Bandung","Jl. Gatot Subroto No. 194, Bogor",6.9,paket_kecil,express,2024-09-30,2024-10-01,2024-10-02,delivered,110400,TRK2409300001
SHP00497,CUS0405,RTE071,"Jl. Kenanga No. 207, Pekanbaru","Jl. Anggrek No. 239, Padang",48.1,fragile,regular,2024-04-09,2024-04-11,2024-04-13,delivered,408850,TRK2404090001
SHP00498,CUS0537,RTE053,"Jl. Pahlawan No. 258, Makassar","Jl. Melati No. 65, Denpasar",40.3,paket_kecil,express,2024-01-23,2024-01-25,2024-01-27,delivered,1108250,TRK2401230001
SHP00499,CUS0119,RTE078,"Jl. Cendrawasih No. 196, Pontianak","Jl. Imam Bonjol No. 154, Balikpapan",18.7,paket_kecil,regular,2022-02-02,2022-02-06,2022-02-06,delivered,243100,TRK2202020001
SHP00500,CUS0151,RTE058,"Jl. Mangga No. 72, Denpasar","Jl. Kebon Jeruk No. 155, Surabaya",19.9,paket_kecil,regular,2024-06-18,2024-06-21,2024-06-21,delivered,189050,TRK2406180001
SHP00501,CUS0409,RTE060,"Jl. Margonda No. 239, Denpasar","Jl. Gajah Mada No. 105, Makassar",23.2,paket_sedang,regular,2023-05-18,2023-05-22,2023-05-25,delivered,266800,TRK2305180002
SHP00502,CUS0104,RTE038,"Jl. Gajah Mada No. 28, Bandung","Jl. Gajah Mada No. 239, Cirebon",45.5,paket_besar,regular,2022-06-09,2022-06-11,,delivered,364000,TRK2206090001
SHP00503,CUS0302,RTE046,"Jl. Anggrek No. 283, Medan","Jl. Melati No. 21, Padang",46.7,paket_besar,express,2022-05-19,2022-05-21,2022-05-21,delivered,1120800,TRK2205190001
SHP00504,CUS0199,RTE040,"Jl. Anggrek No. 85, Semarang","Jl. Sudirman No. 52, Yogyakarta",7.4,paket_besar,regular,2022-05-03,2022-05-05,2022-05-04,delivered,55500,TRK2205030003
SHP00505,CUS0224,RTE067,"Jl. Gajah Mada No. 13, Balikpapan","Jl. Mawar No. 207, Samarinda",16.8,paket_sedang,regular,2023-10-31,2023-11-02,2023-11-02,delivered,126000,TRK2310310001
SHP00506,CUS0053,RTE067,"Jl. Mangga No. 64, Balikpapan","Jl. Mawar No. 250, Samarinda",21.7,paket_sedang,express,2025-01-27,2025-01-28,2025-01-30,delivered,368900,TRK2501270002
SHP00507,CUS0580,RTE065,"Jl. Gatot Subroto No. 79, Yogyakarta","Jl. Imam Bonjol No. 170, Surabaya",33.1,paket_sedang,same_day,2023-07-02,2023-07-02,,in_transit,844050,TRK2307020001
SHP00508,CUS0148,RTE019,"Jl. Setiabudi No. 101, Jakarta","Jl. Gatot Subroto No. 197, Banjarmasin",13.9,paket_kecil,regular,2023-09-13,2023-09-17,2023-09-16,delivered,187650,TRK2309130001
SHP00509,CUS0137,RTE025,"Jl. Cendrawasih No. 292, Surabaya","Jl. Merdeka No. 214, Makassar",40.0,paket_besar,regular,2025-01-25,2025-01-29,2025-01-30,delivered,480000,TRK2501250002
SHP00510,CUS0216,RTE001,"Jl. Gatot Subroto No. 84, Jakarta","Jl. Thamrin No. 136, Bandung",36.4,paket_besar,regular,2024-08-17,2024-08-19,2024-08-22,delivered,291200,TRK2408170001
SHP00511,CUS0170,RTE064,"Jl. Asia Afrika No. 41, Yogyakarta","Jl. Raya Bogor No. 236, Semarang",40.6,paket_kecil,same_day,2024-02-02,2024-02-02,2024-02-05,delivered,883050,TRK2402020001
SHP00512,CUS0265,RTE074,"Jl. Kenanga No. 281, Palembang","Jl. Pajajaran No. 170, Lampung",31.6,paket_kecil,regular,2024-12-01,2024-12-04,,in_transit,300200,TRK2412010001
SHP00513,CUS0286,RTE077,"Jl. Setiabudi No. 126, Pontianak","Jl. Veteran No. 12, Singkawang",21.8,paket_kecil,express,2023-09-08,2023-09-09,2023-09-10,delivered,381500,TRK2309080001
SHP00514,CUS0415,RTE007,"Jl. Mangga No. 154, Jakarta","Jl. Ahmad Yani No. 55, Yogyakarta",41.2,paket_sedang,regular,2023-05-25,2023-05-28,2023-05-29,delivered,432600,TRK2305250002
SHP00515,CUS0157,RTE013,"Jl. Margonda No. 278, Jakarta","Jl. Anggrek No. 186, Padang",20.7,paket_kecil,express,2023-11-10,2023-11-13,,returned,672750,TRK2311100003
SHP00516,CUS0307,RTE011,"Jl. Veteran No. 84, Jakarta","Jl. Cempaka No. 247, Medan",47.4,paket_sedang,same_day,2023-10-05,2023-10-05,2023-10-08,delivered,2666250,TRK2310050001
SHP00517,CUS0059,RTE056,"Jl. Imam Bonjol No. 222, Makassar","Jl. Diponegoro No. 213, Kendari",23.7,dokumen,regular,2022-08-31,2022-09-03,2022-09-03,delivered,225150,TRK2208310002
SHP00518,CUS0499,RTE063,"Jl. Imam Bonjol No. 110, Yogyakarta","Jl. Imam Bonjol No. 221, Malang",42.5,paket_kecil,express,2022-12-04,2022-12-05,,in_transit,850000,TRK2212040001
SHP00519,CUS0345,RTE021,"Jl. Cempaka No. 168, Surabaya","Jl. Mangga No. 193, Yogyakarta",42.7,paket_kecil,regular,2022-01-18,2022-01-21,2022-01-21,delivered,384300,TRK2201180001
SHP00520,CUS0439,RTE064,"Jl. Gatot Subroto No. 78, Yogyakarta","Jl. Thamrin No. 2, Semarang",23.6,dokumen,regular,2024-01-22,2024-01-24,2024-01-25,delivered,177000,TRK2401220001
SHP00521,CUS0366,RTE074,"Jl. Gatot Subroto No. 21, Palembang","Jl. Pahlawan No. 159, Lampung",16.6,dokumen,express,2022-06-18,2022-06-19,2022-06-24,delivered,381800,TRK2206180001
SHP00522,CUS0001,RTE025,"Jl. Pahlawan No. 201, Surabaya","Jl. Melati No. 56, Makassar",13.4,paket_kecil,express,2022-05-27,2022-05-29,2022-05-31,delivered,328300,TRK2205270002
SHP00523,CUS0292,RTE018,"Jl. Gatot Subroto No. 237, Jakarta","Jl. Cempaka No. 134, Pontianak",8.0,paket_besar,express,2022-07-16,2022-07-19,2022-07-20,delivered,188000,TRK2207160003
SHP00524,CUS0230,RTE037,"Jl. Thamrin No. 202, Bandung","Jl. Hayam Wuruk No. 84, Malang",34.8,paket_besar,regular,2024-11-08,2024-11-12,2024-11-12,delivered,417600,TRK2411080001
SHP00525,CUS0411,RTE054,"Jl. Veteran No. 159, Makassar","Jl. Raya Bogor No. 168, Balikpapan",10.6,paket_sedang,same_day,2022-11-14,2022-11-14,,delivered,365700,TRK2211140001
SHP00526,CUS0038,RTE011,"Jl. Thamrin No. 61, Jakarta","Jl. Diponegoro No. 56, Medan",49.9,paket_kecil,same_day,2022-05-31,2022-05-31,,returned,2806875,TRK2205310001
SHP00527,CUS0290,RTE043,"Jl. Margonda No. 164, Semarang","Jl. Mangga No. 123, Surabaya",36.0,paket_sedang,regular,2023-09-12,2023-09-15,2023-09-18,delivered,324000,TRK2309120001
SHP00528,CUS0215,RTE061,"Jl. Kebon Jeruk No. 18, Denpasar","Jl. Gajah Mada No. 81, Yogyakarta",19.6,paket_kecil,regular,2022-03-06,2022-03-09,,in_transit,215600,TRK2203060001
SHP00529,CUS0259,RTE050,"Jl. Pahlawan No. 255, Medan","Jl. Mawar No. 204, Jakarta",39.2,paket_besar,regular,2022-09-30,2022-10-05,2022-10-07,delivered,705600,TRK2209300001
SHP00530,CUS0433,RTE041,"Jl. Setiabudi No. 291, Semarang","Jl. Margonda No. 95, Solo",0.5,paket_besar,regular,2024-05-01,2024-05-03,2024-05-03,delivered,3750,TRK2405010001
SHP00531,CUS0343,RTE019,"Jl. Thamrin No. 72, Jakarta","Jl. Veteran No. 263, Banjarmasin",30.2,fragile,regular,2023-01-05,2023-01-09,2023-01-09,delivered,407700,TRK2301050001
SHP00532,CUS0010,RTE047,"Jl. Margonda No. 176, Medan","Jl. Cempaka No. 191, Pekanbaru",16.9,paket_kecil,same_day,2024-10-23,2024-10-23,2024-10-23,delivered,545025,TRK2410230001
SHP00533,CUS0152,RTE043,"Jl. Raya Bogor No. 259, Semarang","Jl. Ahmad Yani No. 272, Surabaya",19.6,paket_sedang,express,2023-02-07,2023-02-08,2023-02-08,delivered,352800,TRK2302070001
SHP00534,CUS0041,RTE059,"Jl. Pajajaran No. 281, Denpasar","Jl. Pemuda No. 276, Lombok",49.8,paket_sedang,regular,2023-11-13,2023-11-15,,in_transit,398400,TRK2311130001
SHP00535,CUS0019,RTE053,"Jl. Mangga No. 33, Makassar","Jl. Melati No. 214, Denpasar",46.5,fragile,express,2023-04-18,2023-04-20,2023-04-23,delivered,1278750,TRK2304180001
SHP00536,CUS0229,RTE058,"Jl. Ahmad Yani No. 154, Denpasar","Jl. Kebon Jeruk No. 20, Surabaya",40.9,paket_sedang,express,2023-06-05,2023-06-06,2023-06-06,delivered,879350,TRK2306050001
SHP00537,CUS0005,RTE068,"Jl. Veteran No. 21, Balikpapan","Jl. Veteran No. 231, Banjarmasin",12.0,dokumen,regular,2022-06-05,2022-06-08,2022-06-10,delivered,114000,TRK2206050001
SHP00538,CUS0281,RTE069,"Jl. Kenanga No. 214, Balikpapan","Jl. Sudirman No. 257, Pontianak",43.4,paket_besar,same_day,2023-09-20,2023-09-20,2023-09-22,delivered,2083200,TRK2309200001
SHP00539,CUS0053,RTE064,"Jl. Mangga No. 110, Yogyakarta","Jl. Kenanga No. 283, Semarang",14.4,paket_kecil,regular,2024-03-07,2024-03-09,,in_transit,108000,TRK2403070001
SHP00540,CUS0575,RTE043,"Jl. Pahlawan No. 280, Semarang","Jl. Kebon Jeruk No. 103, Surabaya",0.8,paket_sedang,regular,2023-05-18,2023-05-21,2023-05-24,delivered,7200,TRK2305180003
SHP00541,CUS0022,RTE013,"Jl. Diponegoro No. 133, Jakarta","Jl. Pahlawan No. 150, Padang",33.6,paket_sedang,regular,2023-02-22,2023-02-27,,lost,520800,TRK2302220001
SHP00542,CUS0168,RTE047,"Jl. Asia Afrika No. 148, Medan","Jl. Pemuda No. 278, Pekanbaru",34.6,paket_sedang,regular,2022-11-15,2022-11-18,,lost,328700,TRK2211150001
SHP00543,CUS0125,RTE001,"Jl. Veteran No. 34, Jakarta","Jl. Setiabudi No. 139, Bandung",48.3,paket_kecil,regular,2023-11-23,2023-11-25,2023-11-25,delivered,386400,TRK2311230001
SHP00544,CUS0548,RTE060,"Jl. Anggrek No. 63, Denpasar","Jl. Melati No. 143, Makassar",39.3,paket_kecil,regular,2023-12-25,2023-12-29,2023-12-29,delivered,451950,TRK2312250001
SHP00545,CUS0194,RTE070,"Jl. Ahmad Yani No. 10, Balikpapan","Jl. Cempaka No. 45, Makassar",49.6,paket_kecil,regular,2022-11-25,2022-11-29,2022-11-30,delivered,570400,TRK2211250001
SHP00546,CUS0548,RTE025,"Jl. Melati No. 180, Surabaya","Jl. Sudirman No. 175, Makassar",42.7,paket_besar,regular,2022-08-01,2022-08-05,2022-08-07,delivered,512400,TRK2208010001
SHP00547,CUS0413,RTE028,"Jl. Pahlawan No. 98, Surabaya","Jl. Cempaka No. 248, Balikpapan",38.7,paket_besar,regular,2023-04-10,2023-04-14,2023-04-16,delivered,483750,TRK2304100002
SHP00548,CUS0507,RTE072,"Jl. Setiabudi No. 235, Pekanbaru","Jl. Imam Bonjol No. 165, Palembang",32.2,paket_kecil,regular,2022-03-16,2022-03-20,2022-03-21,delivered,370300,TRK2203160001
SHP00549,CUS0004,RTE074,"Jl. Gajah Mada No. 9, Palembang","Jl. Raya Bogor No. 191, Lampung",32.5,paket_sedang,regular,2023-10-08,2023-10-11,2023-10-14,delivered,308750,TRK2310080001
SHP00550,CUS0088,RTE018,"Jl. Asia Afrika No. 267, Jakarta","Jl. Kenanga No. 60, Pontianak",29.7,paket_sedang,express,2023-11-29,2023-12-02,2023-12-02,delivered,697950,TRK2311290002
SHP00551,CUS0034,RTE041,"Jl. Veteran No. 160, Semarang","Jl. Kenanga No. 218, Solo",14.7,paket_besar,regular,2023-09-07,2023-09-09,2023-09-10,delivered,110250,TRK2309070004
SHP00552,CUS0141,RTE034,"Jl. Imam Bonjol No. 79, Bandung","Jl. Ahmad Yani No. 175, Yogyakarta",42.5,fragile,express,2024-01-16,2024-01-17,,returned,956250,TRK2401160002
SHP00553,CUS0077,RTE064,"Jl. Pemuda No. 154, Yogyakarta","Jl. Cendrawasih No. 12, Semarang",1.4,paket_kecil,regular,2022-07-10,2022-07-12,2022-07-15,delivered,10500,TRK2207100001
SHP00554,CUS0538,RTE078,"Jl. Cempaka No. 52, Pontianak","Jl. Gajah Mada No. 59, Balikpapan",4.8,paket_kecil,regular,2023-10-14,2023-10-18,,in_transit,62400,TRK2310140001
SHP00555,CUS0127,RTE024,"Jl. Mangga No. 109, Surabaya","Jl. Mangga No. 41, Bandung",11.7,paket_kecil,same_day,2025-01-31,2025-01-31,,returned,412425,TRK2501310001
SHP00556,CUS0555,RTE011,"Jl. Margonda No. 282, Jakarta","Jl. Mangga No. 280, Medan",14.9,paket_sedang,regular,2022-07-25,2022-07-30,2022-08-02,delivered,268200,TRK2207250001
SHP00557,CUS0042,RTE040,"Jl. Cendrawasih No. 48, Semarang","Jl. Raya Bogor No. 171, Yogyakarta",13.5,dokumen,regular,2022-07-13,2022-07-15,2022-07-18,delivered,101250,TRK2207130001
SHP00558,CUS0005,RTE014,"Jl. Melati No. 22, Jakarta","Jl. Melati No. 185, Pekanbaru",20.4,paket_kecil,regular,2023-05-23,2023-05-28,2023-05-28,delivered,285600,TRK2305230001
SHP00559,CUS0173,RTE024,"Jl. Kebon Jeruk No. 292, Surabaya","Jl. Margonda No. 54, Bandung",31.6,dokumen,regular,2022-09-17,2022-09-21,2022-09-21,delivered,363400,TRK2209170002
SHP00560,CUS0522,RTE031,"Jl. Cendrawasih No. 3, Surabaya","Jl. Raya Bogor No. 268, Pekanbaru",43.8,paket_sedang,same_day,2023-01-20,2023-01-20,2023-01-21,delivered,2660850,TRK2301200001
SHP00561,CUS0244,RTE008,"Jl. Cendrawasih No. 109, Jakarta","Jl. Cempaka No. 199, Solo",9.7,paket_sedang,regular,2022-10-06,2022-10-09,,lost,101850,TRK2210060001
SHP00562,CUS0415,RTE076,"Jl. Cendrawasih No. 297, Palembang","Jl. Pemuda No. 138, Jakarta",12.5,paket_besar,regular,2024-05-10,2024-05-13,,in_transit,118750,TRK2405100001
SHP00563,CUS0262,RTE078,"Jl. Melati No. 1, Pontianak","Jl. Asia Afrika No. 208, Balikpapan",29.6,paket_besar,express,2022-09-20,2022-09-22,,in_transit,828800,TRK2209200002
SHP00564,CUS0591,RTE024,"Jl. Kebon Jeruk No. 298, Surabaya","Jl. Asia Afrika No. 128, Bandung",6.7,dokumen,regular,2022-04-06,2022-04-10,,returned,77050,TRK2204060002
SHP00565,CUS0074,RTE051,"Jl. Diponegoro No. 112, Medan","Jl. Ahmad Yani No. 58, Batam",28.8,paket_sedang,same_day,2022-08-15,2022-08-15,2022-08-17,delivered,1101600,TRK2208150001
SHP00566,CUS0015,RTE053,"Jl. Asia Afrika No. 175, Makassar","Jl. Merdeka No. 229, Denpasar",7.3,paket_besar,regular,2024-01-26,2024-01-30,2024-01-30,delivered,83950,TRK2401260001
SHP00567,CUS0421,RTE049,"Jl. Raya Bogor No. 266, Medan","Jl. Raya Bogor No. 141, Banda Aceh",22.2,paket_kecil,express,2022-10-26,2022-10-27,2022-10-27,delivered,566100,TRK2210260001
SHP00568,CUS0362,RTE025,"Jl. Raya Bogor No. 125, Surabaya","Jl. Melati No. 251, Makassar",47.5,paket_sedang,regular,2022-01-07,2022-01-11,,in_transit,570000,TRK2201070001
SHP00569,CUS0444,RTE060,"Jl. Pahlawan No. 32, Denpasar","Jl. Thamrin No. 235, Makassar",26.3,paket_kecil,regular,2023-08-12,2023-08-16,,in_transit,302450,TRK2308120002
SHP00570,CUS0145,RTE037,"Jl. Ahmad Yani No. 91, Bandung","Jl. Cendrawasih No. 8, Malang",23.7,paket_besar,regular,2024-07-19,2024-07-23,2024-07-23,delivered,284400,TRK2407190001
SHP00571,CUS0230,RTE058,"Jl. Merdeka No. 142, Denpasar","Jl. Melati No. 200, Surabaya",13.6,paket_sedang,regular,2022-10-01,2022-10-04,2022-10-03,delivered,129200,TRK2210010001
SHP00572,CUS0241,RTE063,"Jl. Imam Bonjol No. 113, Yogyakarta","Jl. Kenanga No. 261, Malang",32.1,paket_kecil,regular,2024-01-30,2024-02-02,2024-02-03,delivered,304950,TRK2401300001
SHP00573,CUS0102,RTE035,"Jl. Raya Bogor No. 265, Bandung","Jl. Pemuda No. 207, Surabaya",1.1,paket_sedang,regular,2023-05-10,2023-05-14,,in_transit,12650,TRK2305100001
SHP00574,CUS0290,RTE033,"Jl. Veteran No. 285, Bandung","Jl. Cempaka No. 295, Semarang",40.0,paket_sedang,regular,2024-10-14,2024-10-17,2024-10-22,delivered,380000,TRK2410140003
SHP00575,CUS0004,RTE020,"Jl. Sudirman No. 168, Surabaya","Jl. Setiabudi No. 284, Malang",21.0,paket_kecil,express,2023-02-01,2023-02-02,2023-02-02,delivered,336000,TRK2302010002
SHP00576,CUS0314,RTE055,"Jl. Ahmad Yani No. 140, Makassar","Jl. Mangga No. 103, Surabaya",31.5,paket_sedang,express,2024-01-01,2024-01-04,2024-01-04,delivered,850500,TRK2401010001
SHP00577,CUS0484,RTE080,"Jl. Merdeka No. 126, Manado","Jl. Hayam Wuruk No. 24, Gorontalo",42.9,paket_kecil,same_day,2023-05-09,2023-05-09,2023-05-10,delivered,1415700,TRK2305090001
SHP00578,CUS0505,RTE030,"Jl. Cendrawasih No. 288, Surabaya","Jl. Sudirman No. 40, Palembang",5.2,paket_besar,regular,2024-04-21,2024-04-26,2024-04-29,delivered,72800,TRK2404210001
SHP00579,CUS0210,RTE060,"Jl. Cendrawasih No. 274, Denpasar","Jl. Pajajaran No. 38, Makassar",5.2,fragile,express,2024-06-22,2024-06-25,2024-06-27,delivered,114400,TRK2406220001
SHP00580,CUS0227,RTE028,"Jl. Merdeka No. 190, Surabaya","Jl. Asia Afrika No. 19, Balikpapan",12.9,fragile,regular,2022-09-04,2022-09-08,,delivered,161250,TRK2209040003
SHP00581,CUS0288,RTE076,"Jl. Mawar No. 108, Palembang","Jl. Gatot Subroto No. 175, Jakarta",46.2,paket_sedang,regular,2023-05-28,2023-05-31,2023-06-02,delivered,438900,TRK2305280001
SHP00582,CUS0550,RTE031,"Jl. Thamrin No. 244, Surabaya","Jl. Margonda No. 142, Pekanbaru",27.1,paket_sedang,express,2022-01-14,2022-01-17,2022-01-20,delivered,1097550,TRK2201140001
SHP00583,CUS0502,RTE028,"Jl. Cendrawasih No. 170, Surabaya","Jl. Asia Afrika No. 46, Balikpapan",25.2,paket_kecil,express,2023-07-23,2023-07-25,2023-07-24,delivered,604800,TRK2307230003
SHP00584,CUS0358,RTE046,"Jl. Setiabudi No. 232, Medan","Jl. Kenanga No. 85, Padang",1.4,dokumen,express,2022-02-13,2022-02-15,,in_transit,33600,TRK2202130002
SHP00585,CUS0282,RTE025,"Jl. Pahlawan No. 81, Surabaya","Jl. Veteran No. 24, Makassar",36.6,paket_kecil,regular,2023-02-09,2023-02-13,2023-02-13,delivered,439200,TRK2302090001
SHP00586,CUS0472,RTE008,"Jl. Raya Bogor No. 231, Jakarta","Jl. Veteran No. 69, Solo",1.7,paket_besar,same_day,2023-02-23,2023-02-23,2023-02-23,delivered,63750,TRK2302230001
SHP00587,CUS0307,RTE056,"Jl. Diponegoro No. 33, Makassar","Jl. Pahlawan No. 243, Kendari",19.0,paket_kecil,regular,2024-12-27,2024-12-30,2024-12-30,delivered,180500,TRK2412270002
SHP00588,CUS0431,RTE014,"Jl. Gatot Subroto No. 81, Jakarta","Jl. Merdeka No. 38, Pekanbaru",7.8,paket_kecil,regular,2022-12-07,2022-12-12,2022-12-12,delivered,109200,TRK2212070002
SHP00589,CUS0533,RTE072,"Jl. Raya Bogor No. 272, Pekanbaru","Jl. Mangga No. 300, Palembang",49.2,paket_besar,regular,2024-12-27,2024-12-31,2025-01-01,delivered,565800,TRK2412270003
SHP00590,CUS0221,RTE058,"Jl. Cendrawasih No. 89, Denpasar","Jl. Cempaka No. 228, Surabaya",14.0,paket_kecil,regular,2022-02-11,2022-02-14,,returned,133000,TRK2202110002
SHP00591,CUS0201,RTE052,"Jl. Pemuda No. 193, Makassar","Jl. Setiabudi No. 275, Manado",23.3,dokumen,express,2022-08-25,2022-08-28,2022-08-30,delivered,664050,TRK2208250001
SHP00592,CUS0130,RTE007,"Jl. Veteran No. 274, Jakarta","Jl. Asia Afrika No. 287, Yogyakarta",24.0,fragile,express,2022-10-04,2022-10-06,2022-10-06,delivered,552000,TRK2210040002
SHP00593,CUS0185,RTE069,"Jl. Veteran No. 65, Balikpapan","Jl. Veteran No. 26, Pontianak",25.5,paket_sedang,regular,2023-05-10,2023-05-14,2023-05-15,delivered,331500,TRK2305100002
SHP00594,CUS0086,RTE044,"Jl. Anggrek No. 276, Semarang","Jl. Gatot Subroto No. 133, Denpasar",13.1,paket_sedang,regular,2022-04-01,2022-04-05,2022-04-05,delivered,150650,TRK2204010002
SHP00595,CUS0211,RTE018,"Jl. Veteran No. 46, Jakarta","Jl. Anggrek No. 76, Pontianak",31.3,dokumen,same_day,2025-01-24,2025-01-24,2025-01-24,delivered,1103325,TRK2501240002
SHP00596,CUS0330,RTE059,"Jl. Pahlawan No. 142, Denpasar","Jl. Hayam Wuruk No. 16, Lombok",1.8,dokumen,regular,2022-02-19,2022-02-21,2022-02-24,delivered,14400,TRK2202190002
SHP00597,CUS0032,RTE011,"Jl. Hayam Wuruk No. 85, Jakarta","Jl. Setiabudi No. 300, Medan",4.1,paket_sedang,express,2022-07-21,2022-07-24,2022-07-24,delivered,153750,TRK2207210002
SHP00598,CUS0552,RTE048,"Jl. Thamrin No. 14, Medan","Jl. Pajajaran No. 77, Palembang",49.4,paket_kecil,express,2022-08-24,2022-08-27,,in_transit,1482000,TRK2208240001
SHP00599,CUS0517,RTE038,"Jl. Setiabudi No. 150, Bandung","Jl. Ahmad Yani No. 82, Cirebon",4.3,paket_besar,express,2025-01-10,2025-01-11,2025-01-12,delivered,73100,TRK2501100001
SHP00600,CUS0503,RTE067,"Jl. Setiabudi No. 40, Balikpapan","Jl. Diponegoro No. 90, Samarinda",41.2,paket_kecil,express,2022-03-28,2022-03-29,2022-03-29,delivered,700400,TRK2203280001
SHP00601,CUS0481,RTE006,"Jl. Anggrek No. 223, Jakarta","Jl. Mawar No. 14, Surabaya",2.3,dokumen,express,2023-06-20,2023-06-22,2023-06-25,delivered,52900,TRK2306200001
SHP00602,CUS0387,RTE045,"Jl. Kebon Jeruk No. 175, Semarang","Jl. Gatot Subroto No. 186, Medan",36.2,paket_kecil,regular,2024-04-09,2024-04-15,2024-04-15,delivered,724000,TRK2404090002
SHP00603,CUS0126,RTE031,"Jl. Cendrawasih No. 77, Surabaya","Jl. Ahmad Yani No. 262, Pekanbaru",11.5,paket_kecil,express,2022-04-11,2022-04-14,2022-04-14,delivered,465750,TRK2204110002
SHP00604,CUS0175,RTE074,"Jl. Imam Bonjol No. 22, Palembang","Jl. Kenanga No. 21, Lampung",31.3,dokumen,regular,2023-05-08,2023-05-11,2023-05-11,delivered,297350,TRK2305080002
SHP00605,CUS0572,RTE059,"Jl. Cempaka No. 182, Denpasar","Jl. Sudirman No. 270, Lombok",9.3,dokumen,regular,2022-04-07,2022-04-09,2022-04-12,delivered,74400,TRK2204070001
SHP00606,CUS0402,RTE033,"Jl. Anggrek No. 64, Bandung","Jl. Kenanga No. 271, Semarang",37.0,paket_kecil,same_day,2023-06-14,2023-06-14,2023-06-19,delivered,1054500,TRK2306140001
SHP00607,CUS0182,RTE071,"Jl. Melati No. 256, Pekanbaru","Jl. Veteran No. 265, Padang",9.8,paket_besar,regular,2024-12-18,2024-12-20,2024-12-21,delivered,83300,TRK2412180001
SHP00608,CUS0410,RTE035,"Jl. Veteran No. 80, Bandung","Jl. Raya Bogor No. 34, Surabaya",7.2,paket_sedang,express,2023-08-28,2023-08-31,2023-09-02,delivered,190800,TRK2308280002
SHP00609,CUS0535,RTE074,"Jl. Kebon Jeruk No. 158, Palembang","Jl. Cendrawasih No. 153, Lampung",8.0,paket_kecil,regular,2022-09-25,2022-09-28,2022-09-28,delivered,76000,TRK2209250001
SHP00610,CUS0542,RTE056,"Jl. Merdeka No. 54, Makassar","Jl. Pemuda No. 129, Kendari",4.2,paket_besar,regular,2023-08-21,2023-08-24,2023-08-27,delivered,39900,TRK2308210001
SHP00611,CUS0400,RTE021,"Jl. Gajah Mada No. 192, Surabaya","Jl. Setiabudi No. 149, Yogyakarta",43.3,dokumen,regular,2023-04-15,2023-04-18,,returned,389700,TRK2304150003
SHP00612,CUS0378,RTE044,"Jl. Kenanga No. 96, Semarang","Jl. Pemuda No. 99, Denpasar",48.0,fragile,regular,2022-06-23,2022-06-27,,in_transit,552000,TRK2206230003
SHP00613,CUS0482,RTE049,"Jl. Pemuda No. 211, Medan","Jl. Ahmad Yani No. 149, Banda Aceh",25.7,fragile,express,2024-10-31,2024-11-01,2024-11-04,delivered,655350,TRK2410310001
SHP00614,CUS0024,RTE029,"Jl. Pajajaran No. 56, Surabaya","Jl. Gajah Mada No. 124, Manado",27.8,paket_sedang,regular,2023-07-19,2023-07-24,2023-07-24,delivered,472600,TRK2307190003
SHP00615,CUS0138,RTE060,"Jl. Cempaka No. 32, Denpasar","Jl. Raya Bogor No. 175, Makassar",2.0,paket_sedang,regular,2023-08-20,2023-08-24,2023-08-24,delivered,23000,TRK2308200003
SHP00616,CUS0222,RTE027,"Jl. Setiabudi No. 182, Surabaya","Jl. Merdeka No. 270, Medan",13.0,paket_kecil,same_day,2022-09-08,2022-09-08,2022-09-08,delivered,838500,TRK2209080001
SHP00617,CUS0228,RTE019,"Jl. Asia Afrika No. 47, Jakarta","Jl. Asia Afrika No. 233, Banjarmasin",26.4,paket_besar,regular,2025-01-19,2025-01-23,2025-01-22,delivered,356400,TRK2501190001
SHP00618,CUS0204,RTE031,"Jl. Mangga No. 47, Surabaya","Jl. Kebon Jeruk No. 102, Pekanbaru",24.7,paket_kecil,express,2023-10-24,2023-10-27,2023-11-01,delivered,1000350,TRK2310240001
SHP00619,CUS0041,RTE053,"Jl. Thamrin No. 40, Makassar","Jl. Gatot Subroto No. 259, Denpasar",24.9,fragile,regular,2022-07-15,2022-07-19,2022-07-20,delivered,286350,TRK2207150002
SHP00620,CUS0513,RTE053,"Jl. Setiabudi No. 283, Makassar","Jl. Pajajaran No. 269, Denpasar",44.6,dokumen,regular,2023-03-04,2023-03-08,2023-03-10,delivered,512900,TRK2303040001
SHP00621,CUS0031,RTE076,"Jl. Asia Afrika No. 172, Palembang","Jl. Setiabudi No. 213, Jakarta",5.7,paket_kecil,express,2024-12-08,2024-12-10,2024-12-13,delivered,105450,TRK2412080002
SHP00622,CUS0251,RTE049,"Jl. Hayam Wuruk No. 242, Medan","Jl. Kebon Jeruk No. 255, Banda Aceh",13.3,paket_kecil,express,2022-09-03,2022-09-04,2022-09-09,delivered,339150,TRK2209030002
SHP00623,CUS0426,RTE001,"Jl. Cempaka No. 110, Jakarta","Jl. Imam Bonjol No. 189, Bandung",30.5,paket_kecil,regular,2022-06-06,2022-06-08,,lost,244000,TRK2206060001
SHP00624,CUS0319,RTE078,"Jl. Gatot Subroto No. 64, Pontianak","Jl. Anggrek No. 295, Balikpapan",14.4,paket_sedang,regular,2023-04-19,2023-04-23,2023-04-23,delivered,187200,TRK2304190001
SHP00625,CUS0489,RTE044,"Jl. Sudirman No. 72, Semarang","Jl. Setiabudi No. 209, Denpasar",9.8,paket_besar,regular,2023-03-18,2023-03-22,,in_transit,112700,TRK2303180001
SHP00626,CUS0518,RTE019,"Jl. Gatot Subroto No. 123, Jakarta","Jl. Mawar No. 141, Banjarmasin",16.8,paket_sedang,regular,2023-06-07,2023-06-11,2023-06-14,delivered,226800,TRK2306070001
SHP00627,CUS0302,RTE017,"Jl. Anggrek No. 275, Jakarta","Jl. Cendrawasih No. 22, Balikpapan",41.5,paket_sedang,same_day,2023-11-23,2023-11-23,2023-11-23,delivered,2241000,TRK2311230002
SHP00628,CUS0405,RTE055,"Jl. Cendrawasih No. 24, Makassar","Jl. Anggrek No. 50, Surabaya",5.9,paket_kecil,same_day,2022-02-06,2022-02-06,2022-02-09,delivered,238950,TRK2202060001
SHP00629,CUS0198,RTE008,"Jl. Anggrek No. 105, Jakarta","Jl. Gajah Mada No. 200, Solo",20.0,paket_sedang,same_day,2022-02-25,2022-02-25,2022-02-25,delivered,750000,TRK2202250001
SHP00630,CUS0467,RTE010,"Jl. Hayam Wuruk No. 109, Jakarta","Jl. Asia Afrika No. 90, Denpasar",38.4,paket_kecil,regular,2023-12-30,2024-01-03,2024-01-03,delivered,537600,TRK2312300001
SHP00631,CUS0441,RTE066,"Jl. Kenanga No. 94, Yogyakarta","Jl. Cendrawasih No. 293, Bandung",5.5,paket_sedang,express,2024-05-19,2024-05-20,2024-05-22,delivered,123750,TRK2405190002
SHP00632,CUS0147,RTE080,"Jl. Merdeka No. 269, Manado","Jl. Ahmad Yani No. 149, Gorontalo",37.5,dokumen,regular,2023-09-15,2023-09-18,2023-09-21,delivered,356250,TRK2309150001
SHP00633,CUS0006,RTE068,"Jl. Mawar No. 100, Balikpapan","Jl. Hayam Wuruk No. 153, Banjarmasin",11.9,paket_besar,express,2024-12-18,2024-12-20,,delivered,255850,TRK2412180002
SHP00634,CUS0140,RTE053,"Jl. Thamrin No. 109, Makassar","Jl. Veteran No. 192, Denpasar",30.8,paket_kecil,regular,2024-01-29,2024-02-02,2024-02-03,delivered,354200,TRK2401290001
SHP00635,CUS0019,RTE078,"Jl. Thamrin No. 260, Pontianak","Jl. Gajah Mada No. 290, Balikpapan",29.1,dokumen,regular,2023-08-09,2023-08-13,,lost,378300,TRK2308090001
SHP00636,CUS0588,RTE024,"Jl. Sudirman No. 232, Surabaya","Jl. Ahmad Yani No. 299, Bandung",40.4,paket_sedang,express,2024-05-11,2024-05-13,2024-05-15,delivered,949400,TRK2405110001
SHP00637,CUS0587,RTE049,"Jl. Setiabudi No. 152, Medan","Jl. Kenanga No. 234, Banda Aceh",4.6,paket_sedang,regular,2025-01-01,2025-01-04,2025-01-06,delivered,48300,TRK2501010001
SHP00638,CUS0594,RTE050,"Jl. Kebon Jeruk No. 292, Medan","Jl. Veteran No. 76, Jakarta",16.6,paket_kecil,regular,2024-10-21,2024-10-26,2024-10-29,delivered,298800,TRK2410210002
SHP00639,CUS0584,RTE080,"Jl. Merdeka No. 90, Manado","Jl. Merdeka No. 56, Gorontalo",9.3,paket_besar,regular,2023-08-26,2023-08-29,2023-08-31,delivered,88350,TRK2308260002
SHP00640,CUS0441,RTE052,"Jl. Mangga No. 287, Makassar","Jl. Thamrin No. 209, Manado",31.1,dokumen,express,2024-08-26,2024-08-29,2024-08-29,delivered,886350,TRK2408260001
SHP00641,CUS0121,RTE059,"Jl. Setiabudi No. 214, Denpasar","Jl. Sudirman No. 227, Lombok",8.8,paket_kecil,express,2023-04-13,2023-04-14,2023-04-15,delivered,145200,TRK2304130001
SHP00642,CUS0226,RTE042,"Jl. Raya Bogor No. 186, Semarang","Jl. Kebon Jeruk No. 125, Malang",44.9,paket_sedang,express,2022-02-05,2022-02-06,,in_transit,830650,TRK2202050001
SHP00643,CUS0292,RTE001,"Jl. Gajah Mada No. 209, Jakarta","Jl. Raya Bogor No. 61, Bandung",49.1,fragile,express,2024-06-08,2024-06-09,2024-06-09,delivered,834700,TRK2406080002
SHP00644,CUS0563,RTE019,"Jl. Imam Bonjol No. 184, Jakarta","Jl. Kenanga No. 76, Banjarmasin",21.8,paket_kecil,express,2024-02-23,2024-02-26,2024-02-27,delivered,643100,TRK2402230002
SHP00645,CUS0353,RTE053,"Jl. Kebon Jeruk No. 38, Makassar","Jl. Merdeka No. 8, Denpasar",28.1,paket_besar,regular,2022-10-26,2022-10-30,2022-11-01,delivered,323150,TRK2210260002
SHP00646,CUS0542,RTE041,"Jl. Mangga No. 173, Semarang","Jl. Setiabudi No. 62, Solo",12.7,paket_kecil,regular,2024-03-27,2024-03-29,2024-03-30,delivered,95250,TRK2403270001
SHP00647,CUS0247,RTE076,"Jl. Setiabudi No. 160, Palembang","Jl. Anggrek No. 140, Jakarta",31.3,dokumen,regular,2022-12-03,2022-12-06,2022-12-07,delivered,297350,TRK2212030001
SHP00648,CUS0230,RTE001,"Jl. Sudirman No. 264, Jakarta","Jl. Cendrawasih No. 201, Bandung",45.4,paket_kecil,regular,2022-08-28,2022-08-30,,in_transit,363200,TRK2208280001
SHP00649,CUS0397,RTE065,"Jl. Merdeka No. 39, Yogyakarta","Jl. Gatot Subroto No. 99, Surabaya",40.7,paket_kecil,regular,2022-04-09,2022-04-12,2022-04-15,delivered,366300,TRK2204090002
SHP00650,CUS0385,RTE068,"Jl. Thamrin No. 143, Balikpapan","Jl. Gatot Subroto No. 151, Banjarmasin",31.5,dokumen,same_day,2023-10-21,2023-10-21,2023-10-21,delivered,1015875,TRK2310210001
SHP00651,CUS0418,RTE023,"Jl. Kebon Jeruk No. 268, Surabaya","Jl. Merdeka No. 299, Denpasar",47.5,paket_sedang,express,2022-10-22,2022-10-23,2022-10-23,delivered,997500,TRK2210220001
SHP00652,CUS0378,RTE029,"Jl. Kebon Jeruk No. 144, Surabaya","Jl. Ahmad Yani No. 9, Manado",44.8,paket_sedang,express,2023-07-31,2023-08-03,,in_transit,1568000,TRK2307310003
SHP00653,CUS0401,RTE021,"Jl. Thamrin No. 230, Surabaya","Jl. Diponegoro No. 207, Yogyakarta",38.2,paket_sedang,regular,2022-10-08,2022-10-11,,lost,343800,TRK2210080001
SHP00654,CUS0353,RTE003,"Jl. Kenanga No. 48, Jakarta","Jl. Pajajaran No. 252, Tangerang",36.3,paket_besar,regular,2022-04-08,2022-04-09,2022-04-14,delivered,254100,TRK2204080001
SHP00655,CUS0579,RTE078,"Jl. Gatot Subroto No. 135, Pontianak","Jl. Sudirman No. 204, Balikpapan",46.8,paket_sedang,regular,2022-05-18,2022-05-22,2022-05-27,delivered,608400,TRK2205180002
SHP00656,CUS0204,RTE026,"Jl. Mawar No. 119, Surabaya","Jl. Gatot Subroto No. 68, Solo",47.7,paket_kecil,same_day,2022-12-17,2022-12-17,2022-12-17,delivered,1431000,TRK2212170001
SHP00657,CUS0411,RTE014,"Jl. Mawar No. 279, Jakarta","Jl. Gatot Subroto No. 238, Pekanbaru",0.6,paket_besar,regular,2022-07-28,2022-08-02,,in_transit,8400,TRK2207280001
SHP00658,CUS0081,RTE078,"Jl. Pahlawan No. 1, Pontianak","Jl. Imam Bonjol No. 58, Balikpapan",11.0,paket_sedang,express,2023-10-13,2023-10-15,2023-10-15,delivered,308000,TRK2310130003
SHP00659,CUS0508,RTE070,"Jl. Mangga No. 177, Balikpapan","Jl. Imam Bonjol No. 63, Makassar",9.6,paket_sedang,express,2025-01-21,2025-01-23,2025-01-23,delivered,259200,TRK2501210001
SHP00660,CUS0271,RTE076,"Jl. Thamrin No. 87, Palembang","Jl. Mangga No. 166, Jakarta",2.5,paket_besar,regular,2024-11-11,2024-11-14,,returned,23750,TRK2411110001
SHP00661,CUS0045,RTE013,"Jl. Cendrawasih No. 142, Jakarta","Jl. Pemuda No. 28, Padang",11.9,paket_kecil,regular,2022-07-28,2022-08-02,2022-08-02,delivered,184450,TRK2207280002
SHP00662,CUS0548,RTE014,"Jl. Diponegoro No. 238, Jakarta","Jl. Pajajaran No. 256, Pekanbaru",33.4,paket_kecil,regular,2022-06-03,2022-06-08,2022-06-07,delivered,467600,TRK2206030003
SHP00663,CUS0166,RTE012,"Jl. Melati No. 275, Jakarta","Jl. Pahlawan No. 53, Palembang",31.5,paket_kecil,regular,2022-12-18,2022-12-21,2022-12-22,delivered,299250,TRK2212180001
SHP00664,CUS0349,RTE063,"Jl. Pajajaran No. 225, Yogyakarta","Jl. Veteran No. 219, Malang",43.3,paket_kecil,express,2023-05-13,2023-05-14,2023-05-17,delivered,866000,TRK2305130003
SHP00665,CUS0528,RTE023,"Jl. Kenanga No. 164, Surabaya","Jl. Cendrawasih No. 15, Denpasar",17.0,paket_sedang,regular,2022-02-16,2022-02-19,2022-02-20,delivered,161500,TRK2202160001
SHP00666,CUS0558,RTE055,"Jl. Imam Bonjol No. 61, Makassar","Jl. Mawar No. 245, Surabaya",35.0,paket_sedang,express,2023-04-29,2023-05-02,,lost,945000,TRK2304290001
SHP00667,CUS0415,RTE067,"Jl. Setiabudi No. 76, Balikpapan","Jl. Sudirman No. 187, Samarinda",38.3,paket_kecil,regular,2022-06-22,2022-06-24,2022-06-25,delivered,287250,TRK2206220001
SHP00668,CUS0176,RTE024,"Jl. Veteran No. 179, Surabaya","Jl. Hayam Wuruk No. 82, Bandung",4.4,paket_kecil,express,2024-01-20,2024-01-22,2024-01-21,delivered,103400,TRK2401200001
SHP00669,CUS0344,RTE070,"Jl. Mawar No. 54, Balikpapan","Jl. Raya Bogor No. 136, Makassar",20.3,paket_kecil,regular,2024-12-06,2024-12-10,2024-12-11,delivered,233450,TRK2412060001
SHP00670,CUS0179,RTE010,"Jl. Mangga No. 72, Jakarta","Jl. Hayam Wuruk No. 291, Denpasar",20.0,paket_sedang,express,2022-03-22,2022-03-25,2022-03-26,delivered,660000,TRK2203220002
SHP00671,CUS0548,RTE035,"Jl. Veteran No. 221, Bandung","Jl. Cempaka No. 278, Surabaya",14.5,paket_sedang,regular,2022-11-21,2022-11-25,2022-11-25,delivered,166750,TRK2211210001
SHP00672,CUS0039,RTE043,"Jl. Thamrin No. 118, Semarang","Jl. Raya Bogor No. 278, Surabaya",21.7,paket_besar,same_day,2023-05-29,2023-05-29,2023-05-30,delivered,585900,TRK2305290002
SHP00673,CUS0299,RTE017,"Jl. Pemuda No. 173, Jakarta","Jl. Pajajaran No. 263, Balikpapan",27.7,dokumen,regular,2023-08-04,2023-08-09,,lost,415500,TRK2308040002
SHP00674,CUS0356,RTE058,"Jl. Kebon Jeruk No. 280, Denpasar","Jl. Anggrek No. 235, Surabaya",48.1,paket_besar,regular,2024-06-22,2024-06-25,,returned,456950,TRK2406220002
SHP00675,CUS0094,RTE046,"Jl. Pahlawan No. 121, Medan","Jl. Kenanga No. 206, Padang",22.4,paket_sedang,express,2023-01-18,2023-01-20,2023-01-19,delivered,537600,TRK2301180001
SHP00676,CUS0463,RTE036,"Jl. Imam Bonjol No. 40, Bandung","Jl. Cempaka No. 33, Solo",36.0,paket_sedang,regular,2024-10-10,2024-10-13,2024-10-14,delivered,342000,TRK2410100001
SHP00677,CUS0505,RTE050,"Jl. Kenanga No. 77, Medan","Jl. Cempaka No. 295, Jakarta",45.8,paket_sedang,same_day,2022-11-12,2022-11-12,2022-11-14,delivered,2679300,TRK2211120002
SHP00678,CUS0133,RTE041,"Jl. Anggrek No. 296, Semarang","Jl. Merdeka No. 253, Solo",49.7,dokumen,express,2024-12-25,2024-12-26,,lost,795200,TRK2412250001
SHP00679,CUS0326,RTE068,"Jl. Sudirman No. 205, Balikpapan","Jl. Kebon Jeruk No. 96, Banjarmasin",34.1,paket_besar,regular,2022-04-17,2022-04-20,2022-04-21,delivered,323950,TRK2204170001
SHP00680,CUS0031,RTE047,"Jl. Setiabudi No. 200, Medan","Jl. Imam Bonjol No. 170, Pekanbaru",34.3,paket_sedang,regular,2022-09-13,2022-09-16,2022-09-16,delivered,325850,TRK2209130002
SHP00681,CUS0555,RTE023,"Jl. Setiabudi No. 176, Surabaya","Jl. Gajah Mada No. 138, Denpasar",12.6,fragile,regular,2024-08-01,2024-08-04,2024-08-05,delivered,119700,TRK2408010002
SHP00682,CUS0201,RTE018,"Jl. Gajah Mada No. 151, Jakarta","Jl. Pahlawan No. 127, Pontianak",31.7,paket_kecil,express,2023-07-06,2023-07-09,,in_transit,744950,TRK2307060002
SHP00683,CUS0401,RTE029,"Jl. Merdeka No. 280, Surabaya","Jl. Mangga No. 53, Manado",17.1,paket_kecil,regular,2023-11-03,2023-11-08,,in_transit,290700,TRK2311030001
SHP00684,CUS0192,RTE069,"Jl. Setiabudi No. 173, Balikpapan","Jl. Pajajaran No. 248, Pontianak",9.0,fragile,regular,2022-12-10,2022-12-14,2022-12-19,delivered,117000,TRK2212100001
SHP00685,CUS0176,RTE052,"Jl. Mangga No. 114, Makassar","Jl. Margonda No. 114, Manado",17.2,paket_sedang,express,2024-01-28,2024-01-31,2024-01-31,delivered,490200,TRK2401280002
SHP00686,CUS0517,RTE014,"Jl. Kenanga No. 201, Jakarta","Jl. Gajah Mada No. 188, Pekanbaru",1.4,paket_sedang,express,2023-06-23,2023-06-26,,returned,44100,TRK2306230002
SHP00687,CUS0396,RTE072,"Jl. Hayam Wuruk No. 9, Pekanbaru","Jl. Cempaka No. 165, Palembang",37.8,paket_besar,regular,2023-06-20,2023-06-24,2023-06-24,delivered,434700,TRK2306200002
SHP00688,CUS0199,RTE040,"Jl. Kebon Jeruk No. 62, Semarang","Jl. Raya Bogor No. 263, Yogyakarta",41.2,dokumen,regular,2024-09-12,2024-09-14,,in_transit,309000,TRK2409120001
SHP00689,CUS0496,RTE022,"Jl. Thamrin No. 102, Surabaya","Jl. Anggrek No. 171, Semarang",29.1,paket_kecil,regular,2022-06-26,2022-06-29,2022-07-01,delivered,261900,TRK2206260002
SHP00690,CUS0216,RTE051,"Jl. Pemuda No. 46, Medan","Jl. Hayam Wuruk No. 151, Batam",22.7,paket_kecil,regular,2023-02-19,2023-02-23,,in_transit,272400,TRK2302190001
SHP00691,CUS0110,RTE028,"Jl. Pajajaran No. 89, Surabaya","Jl. Gajah Mada No. 110, Balikpapan",40.9,paket_sedang,express,2022-07-19,2022-07-21,2022-07-21,delivered,981600,TRK2207190001
SHP00692,CUS0437,RTE058,"Jl. Hayam Wuruk No. 24, Denpasar","Jl. Sudirman No. 137, Surabaya",47.6,paket_kecil,express,2022-08-12,2022-08-13,,lost,1023400,TRK2208120001
SHP00693,CUS0291,RTE012,"Jl. Thamrin No. 182, Jakarta","Jl. Pahlawan No. 234, Palembang",19.2,paket_sedang,regular,2024-12-08,2024-12-11,2024-12-12,delivered,182400,TRK2412080003
SHP00694,CUS0062,RTE078,"Jl. Pajajaran No. 68, Pontianak","Jl. Setiabudi No. 245, Balikpapan",0.4,paket_kecil,regular,2024-11-19,2024-11-23,2024-11-24,delivered,5200,TRK2411190001
SHP00695,CUS0357,RTE052,"Jl. Pahlawan No. 71, Makassar","Jl. Hayam Wuruk No. 286, Manado",40.5,paket_besar,regular,2024-05-02,2024-05-07,2024-05-07,delivered,607500,TRK2405020003
SHP00696,CUS0333,RTE075,"Jl. Anggrek No. 213, Palembang","Jl. Setiabudi No. 231, Padang",27.0,paket_kecil,regular,2022-10-11,2022-10-15,2022-10-16,delivered,364500,TRK2210110002
SHP00697,CUS0346,RTE066,"Jl. Hayam Wuruk No. 144, Yogyakarta","Jl. Kenanga No. 174, Bandung",36.7,paket_sedang,regular,2023-10-12,2023-10-15,2023-10-17,delivered,348650,TRK2310120001
SHP00698,CUS0295,RTE023,"Jl. Anggrek No. 66, Surabaya","Jl. Pemuda No. 61, Denpasar",48.4,paket_besar,regular,2023-11-12,2023-11-15,2023-11-14,delivered,459800,TRK2311120001
SHP00699,CUS0007,RTE006,"Jl. Thamrin No. 80, Jakarta","Jl. Pemuda No. 191, Surabaya",32.0,paket_sedang,regular,2022-05-29,2022-06-02,2022-06-07,delivered,368000,TRK2205290001
SHP00700,CUS0135,RTE015,"Jl. Hayam Wuruk No. 163, Jakarta","Jl. Gatot Subroto No. 107, Makassar",0.4,paket_kecil,regular,2024-12-04,2024-12-09,2024-12-09,delivered,6600,TRK2412040001
SHP00701,CUS0436,RTE072,"Jl. Pajajaran No. 94, Pekanbaru","Jl. Raya Bogor No. 52, Palembang",14.3,paket_kecil,express,2024-12-10,2024-12-13,2024-12-14,delivered,328900,TRK2412100002
SHP00702,CUS0396,RTE076,"Jl. Cempaka No. 252, Palembang","Jl. Diponegoro No. 256, Jakarta",48.2,paket_sedang,regular,2024-05-16,2024-05-19,2024-05-19,delivered,457900,TRK2405160002
SHP00703,CUS0452,RTE038,"Jl. Kebon Jeruk No. 212, Bandung","Jl. Diponegoro No. 4, Cirebon",6.6,paket_besar,same_day,2022-12-10,2022-12-10,2022-12-13,delivered,168300,TRK2212100002
SHP00704,CUS0295,RTE027,"Jl. Gatot Subroto No. 270, Surabaya","Jl. Merdeka No. 89, Medan",35.4,paket_besar,regular,2022-10-01,2022-10-07,2022-10-07,delivered,743400,TRK2210010002
SHP00705,CUS0065,RTE017,"Jl. Merdeka No. 74, Jakarta","Jl. Kebon Jeruk No. 4, Balikpapan",31.4,paket_sedang,regular,2024-02-12,2024-02-17,,in_transit,471000,TRK2402120002
SHP00706,CUS0009,RTE012,"Jl. Anggrek No. 126, Jakarta","Jl. Cendrawasih No. 135, Palembang",24.5,paket_kecil,express,2024-08-06,2024-08-07,2024-08-07,delivered,477750,TRK2408060001
SHP00707,CUS0546,RTE022,"Jl. Setiabudi No. 242, Surabaya","Jl. Imam Bonjol No. 266, Semarang",35.3,paket_sedang,regular,2023-01-06,2023-01-09,2023-01-12,delivered,317700,TRK2301060001
SHP00708,CUS0492,RTE060,"Jl. Hayam Wuruk No. 134, Denpasar","Jl. Pajajaran No. 186, Makassar",28.1,paket_kecil,regular,2024-02-16,2024-02-20,,in_transit,323150,TRK2402160001
SHP00709,CUS0159,RTE074,"Jl. Thamrin No. 167, Palembang","Jl. Diponegoro No. 47, Lampung",25.6,paket_besar,express,2024-07-17,2024-07-18,2024-07-18,delivered,588800,TRK2407170002
SHP00710,CUS0568,RTE031,"Jl. Pajajaran No. 53, Surabaya","Jl. Imam Bonjol No. 28, Pekanbaru",27.5,paket_kecil,regular,2022-09-05,2022-09-10,2022-09-11,delivered,467500,TRK2209050001
SHP00711,CUS0180,RTE009,"Jl. Mawar No. 111, Jakarta","Jl. Merdeka No. 227, Malang",39.4,paket_besar,express,2023-01-17,2023-01-19,2023-01-24,delivered,1122900,TRK2301170001
SHP00712,CUS0030,RTE042,"Jl. Pahlawan No. 89, Semarang","Jl. Diponegoro No. 296, Malang",47.8,fragile,regular,2024-04-23,2024-04-26,2024-04-29,delivered,454100,TRK2404230002
SHP00713,CUS0104,RTE055,"Jl. Hayam Wuruk No. 300, Makassar","Jl. Gatot Subroto No. 156, Surabaya",11.9,paket_sedang,regular,2022-12-08,2022-12-12,2022-12-12,delivered,142800,TRK2212080002
SHP00714,CUS0373,RTE032,"Jl. Mangga No. 277, Bandung","Jl. Merdeka No. 164, Bogor",27.8,paket_kecil,regular,2022-09-08,2022-09-10,2022-09-11,delivered,222400,TRK2209080002
SHP00715,CUS0475,RTE064,"Jl. Veteran No. 83, Yogyakarta","Jl. Imam Bonjol No. 149, Semarang",12.4,dokumen,regular,2023-06-19,2023-06-21,,returned,93000,TRK2306190001
SHP00716,CUS0260,RTE074,"Jl. Setiabudi No. 256, Palembang","Jl. Cempaka No. 60, Lampung",9.1,paket_sedang,express,2024-06-17,2024-06-18,2024-06-17,delivered,209300,TRK2406170002
SHP00717,CUS0585,RTE023,"Jl. Mawar No. 36, Surabaya","Jl. Pahlawan No. 29, Denpasar",16.6,paket_sedang,express,2024-08-17,2024-08-18,2024-08-20,delivered,348600,TRK2408170002
SHP00718,CUS0510,RTE015,"Jl. Merdeka No. 252, Jakarta","Jl. Margonda No. 168, Makassar",7.0,fragile,express,2023-05-13,2023-05-16,2023-05-16,delivered,227500,TRK2305130004
SHP00719,CUS0029,RTE013,"Jl. Diponegoro No. 187, Jakarta","Jl. Imam Bonjol No. 28, Padang",27.4,paket_kecil,regular,2023-06-28,2023-07-03,2023-07-05,delivered,424700,TRK2306280001
SHP00720,CUS0501,RTE078,"Jl. Raya Bogor No. 239, Pontianak","Jl. Anggrek No. 258, Balikpapan",25.3,paket_sedang,regular,2023-03-08,2023-03-12,2023-03-13,delivered,328900,TRK2303080002
SHP00721,CUS0382,RTE066,"Jl. Gajah Mada No. 95, Yogyakarta","Jl. Veteran No. 274, Bandung",19.8,dokumen,same_day,2022-03-24,2022-03-24,2022-03-24,delivered,668250,TRK2203240001
SHP00722,CUS0285,RTE039,"Jl. Veteran No. 199, Bandung","Jl. Kebon Jeruk No. 42, Denpasar",40.8,paket_besar,express,2023-10-19,2023-10-21,2023-10-21,delivered,1305600,TRK2310190001
SHP00723,CUS0069,RTE045,"Jl. Pahlawan No. 108, Semarang","Jl. Pajajaran No. 293, Medan",44.9,paket_besar,regular,2022-11-02,2022-11-08,,in_transit,898000,TRK2211020001
SHP00724,CUS0592,RTE022,"Jl. Setiabudi No. 179, Surabaya","Jl. Raya Bogor No. 13, Semarang",4.7,paket_kecil,regular,2024-11-13,2024-11-16,,returned,42300,TRK2411130002
SHP00725,CUS0198,RTE008,"Jl. Cempaka No. 101, Jakarta","Jl. Sudirman No. 296, Solo",20.8,paket_sedang,regular,2024-10-20,2024-10-23,2024-10-23,delivered,218400,TRK2410200001
SHP00726,CUS0118,RTE019,"Jl. Imam Bonjol No. 25, Jakarta","Jl. Kebon Jeruk No. 78, Banjarmasin",36.6,paket_kecil,regular,2022-08-30,2022-09-03,2022-09-06,delivered,494100,TRK2208300001
SHP00727,CUS0472,RTE053,"Jl. Mawar No. 72, Makassar","Jl. Thamrin No. 59, Denpasar",30.3,paket_besar,regular,2022-08-26,2022-08-30,2022-08-30,delivered,348450,TRK2208260002
SHP00728,CUS0413,RTE014,"Jl. Diponegoro No. 93, Jakarta","Jl. Thamrin No. 62, Pekanbaru",30.9,dokumen,regular,2023-12-04,2023-12-09,2023-12-10,delivered,432600,TRK2312040002
SHP00729,CUS0542,RTE057,"Jl. Veteran No. 102, Denpasar","Jl. Cempaka No. 110, Mataram",1.9,paket_sedang,regular,2024-02-18,2024-02-20,2024-02-20,delivered,15200,TRK2402180001
SHP00730,CUS0550,RTE002,"Jl. Raya Bogor No. 92, Jakarta","Jl. Mawar No. 155, Bogor",38.9,paket_kecil,same_day,2023-08-01,2023-08-01,2023-08-01,delivered,933600,TRK2308010001
SHP00731,CUS0093,RTE037,"Jl. Sudirman No. 286, Bandung","Jl. Raya Bogor No. 203, Malang",31.3,paket_kecil,regular,2022-01-18,2022-01-22,2022-01-23,delivered,375600,TRK2201180002
SHP00732,CUS0335,RTE018,"Jl. Diponegoro No. 147, Jakarta","Jl. Imam Bonjol No. 66, Pontianak",1.0,paket_besar,regular,2024-01-22,2024-01-26,,in_transit,11500,TRK2401220002
SHP00733,CUS0359,RTE049,"Jl. Gatot Subroto No. 1, Medan","Jl. Merdeka No. 292, Banda Aceh",29.9,paket_kecil,express,2024-10-13,2024-10-14,2024-10-16,delivered,762450,TRK2410130001
SHP00734,CUS0100,RTE030,"Jl. Mawar No. 61, Surabaya","Jl. Diponegoro No. 142, Palembang",9.6,fragile,express,2023-10-31,2023-11-03,2023-11-04,delivered,259200,TRK2310310002
SHP00735,CUS0397,RTE040,"Jl. Setiabudi No. 67, Semarang","Jl. Merdeka No. 14, Yogyakarta",13.0,dokumen,same_day,2022-11-16,2022-11-16,2022-11-16,delivered,312000,TRK2211160001
SHP00736,CUS0494,RTE007,"Jl. Cendrawasih No. 64, Jakarta","Jl. Gajah Mada No. 83, Yogyakarta",24.0,paket_sedang,regular,2022-05-04,2022-05-07,2022-05-07,delivered,252000,TRK2205040001
SHP00737,CUS0063,RTE057,"Jl. Pajajaran No. 44, Denpasar","Jl. Cendrawasih No. 219, Mataram",43.1,dokumen,regular,2022-09-24,2022-09-26,2022-09-26,delivered,344800,TRK2209240001
SHP00738,CUS0289,RTE068,"Jl. Kebon Jeruk No. 55, Balikpapan","Jl. Hayam Wuruk No. 164, Banjarmasin",13.1,paket_besar,express,2022-01-16,2022-01-18,,in_transit,281650,TRK2201160001
SHP00739,CUS0228,RTE037,"Jl. Thamrin No. 128, Bandung","Jl. Thamrin No. 64, Malang",0.9,paket_kecil,regular,2024-10-13,2024-10-17,,lost,10800,TRK2410130002
SHP00740,CUS0578,RTE058,"Jl. Gajah Mada No. 217, Denpasar","Jl. Pemuda No. 34, Surabaya",18.6,paket_sedang,same_day,2023-12-14,2023-12-14,2023-12-14,delivered,599850,TRK2312140002
SHP00741,CUS0436,RTE023,"Jl. Veteran No. 129, Surabaya","Jl. Melati No. 55, Denpasar",6.9,paket_besar,regular,2024-06-08,2024-06-11,2024-06-10,delivered,65550,TRK2406080003
SHP00742,CUS0046,RTE072,"Jl. Thamrin No. 61, Pekanbaru","Jl. Anggrek No. 63, Palembang",2.0,dokumen,same_day,2024-04-24,2024-04-24,2024-04-25,delivered,69000,TRK2404240002
SHP00743,CUS0103,RTE058,"Jl. Imam Bonjol No. 142, Denpasar","Jl. Setiabudi No. 47, Surabaya",24.5,paket_sedang,regular,2025-01-19,2025-01-22,2025-01-21,delivered,232750,TRK2501190002
SHP00744,CUS0100,RTE047,"Jl. Mawar No. 55, Medan","Jl. Diponegoro No. 16, Pekanbaru",43.4,paket_kecil,regular,2022-05-05,2022-05-08,2022-05-09,delivered,412300,TRK2205050001
SHP00745,CUS0201,RTE066,"Jl. Thamrin No. 210, Yogyakarta","Jl. Mawar No. 53, Bandung",12.4,paket_sedang,regular,2023-11-12,2023-11-15,2023-11-15,delivered,117800,TRK2311120002
SHP00746,CUS0049,RTE037,"Jl. Gajah Mada No. 272, Bandung","Jl. Ahmad Yani No. 252, Malang",15.1,paket_besar,regular,2022-08-22,2022-08-26,2022-08-28,delivered,181200,TRK2208220001
SHP00747,CUS0026,RTE003,"Jl. Mangga No. 223, Jakarta","Jl. Pahlawan No. 179, Tangerang",26.6,paket_sedang,regular,2024-07-04,2024-07-05,2024-07-05,delivered,186200,TRK2407040001
SHP00748,CUS0440,RTE077,"Jl. Ahmad Yani No. 255, Pontianak","Jl. Sudirman No. 105, Singkawang",6.1,dokumen,regular,2023-02-15,2023-02-17,2023-02-18,delivered,48800,TRK2302150001
SHP00749,CUS0161,RTE057,"Jl. Ahmad Yani No. 224, Denpasar","Jl. Imam Bonjol No. 224, Mataram",41.2,dokumen,express,2022-05-12,2022-05-13,2022-05-14,delivered,741600,TRK2205120002
SHP00750,CUS0142,RTE061,"Jl. Sudirman No. 17, Denpasar","Jl. Thamrin No. 137, Yogyakarta",20.2,paket_sedang,regular,2023-11-08,2023-11-11,2023-11-12,delivered,222200,TRK2311080001
SHP00751,CUS0026,RTE009,"Jl. Asia Afrika No. 26, Jakarta","Jl. Mawar No. 249, Malang",33.4,paket_kecil,regular,2022-03-18,2022-03-22,2022-03-21,delivered,400800,TRK2203180001
SHP00752,CUS0269,RTE075,"Jl. Veteran No. 279, Palembang","Jl. Setiabudi No. 283, Padang",3.5,paket_besar,same_day,2023-07-07,2023-07-07,2023-07-08,delivered,147000,TRK2307070001
SHP00753,CUS0323,RTE032,"Jl. Raya Bogor No. 34, Bandung","Jl. Hayam Wuruk No. 89, Bogor",2.2,paket_sedang,express,2022-03-19,2022-03-20,2022-03-22,delivered,35200,TRK2203190002
SHP00754,CUS0305,RTE077,"Jl. Melati No. 203, Pontianak","Jl. Cempaka No. 271, Singkawang",49.5,paket_sedang,express,2022-05-14,2022-05-15,2022-05-15,delivered,866250,TRK2205140001
SHP00755,CUS0450,RTE016,"Jl. Cendrawasih No. 196, Jakarta","Jl. Cempaka No. 285, Manado",37.5,paket_kecil,regular,2022-07-23,2022-07-30,2022-07-30,delivered,806250,TRK2207230001
SHP00756,CUS0497,RTE037,"Jl. Thamrin No. 249, Bandung","Jl. Melati No. 293, Malang",13.4,paket_kecil,regular,2023-10-23,2023-10-27,,in_transit,160800,TRK2310230003
SHP00757,CUS0448,RTE024,"Jl. Merdeka No. 264, Surabaya","Jl. Raya Bogor No. 149, Bandung",29.2,fragile,express,2024-07-02,2024-07-04,,in_transit,686200,TRK2407020002
SHP00758,CUS0016,RTE009,"Jl. Margonda No. 136, Jakarta","Jl. Pahlawan No. 221, Malang",42.4,fragile,regular,2022-02-23,2022-02-27,2022-02-27,delivered,508800,TRK2202230002
SHP00759,CUS0053,RTE066,"Jl. Mawar No. 277, Yogyakarta","Jl. Pahlawan No. 55, Bandung",4.5,dokumen,regular,2022-02-26,2022-03-01,2022-03-02,delivered,42750,TRK2202260001
SHP00760,CUS0266,RTE013,"Jl. Kenanga No. 43, Jakarta","Jl. Veteran No. 190, Padang",34.2,paket_besar,express,2024-11-16,2024-11-19,,in_transit,1111500,TRK2411160001
SHP00761,CUS0517,RTE075,"Jl. Mawar No. 76, Palembang","Jl. Asia Afrika No. 43, Padang",48.8,fragile,same_day,2025-01-05,2025-01-05,2025-01-06,delivered,2049600,TRK2501050001
SHP00762,CUS0297,RTE066,"Jl. Sudirman No. 37, Yogyakarta","Jl. Kenanga No. 205, Bandung",44.7,paket_kecil,regular,2022-11-26,2022-11-29,2022-12-01,delivered,424650,TRK2211260001
SHP00763,CUS0463,RTE046,"Jl. Anggrek No. 263, Medan","Jl. Pajajaran No. 120, Padang",28.6,paket_sedang,express,2024-02-05,2024-02-07,2024-02-07,delivered,686400,TRK2402050002
SHP00764,CUS0012,RTE070,"Jl. Pahlawan No. 32, Balikpapan","Jl. Sudirman No. 133, Makassar",27.1,paket_sedang,regular,2024-08-27,2024-08-31,,returned,311650,TRK2408270001
SHP00765,CUS0096,RTE024,"Jl. Merdeka No. 195, Surabaya","Jl. Mangga No. 44, Bandung",15.0,paket_sedang,same_day,2022-06-22,2022-06-22,,in_transit,528750,TRK2206220002
SHP00766,CUS0162,RTE066,"Jl. Melati No. 139, Yogyakarta","Jl. Pahlawan No. 217, Bandung",28.0,paket_sedang,regular,2024-03-14,2024-03-17,2024-03-18,delivered,266000,TRK2403140001
SHP00767,CUS0489,RTE007,"Jl. Ahmad Yani No. 23, Jakarta","Jl. Mangga No. 182, Yogyakarta",11.5,paket_kecil,regular,2024-05-17,2024-05-20,2024-05-20,delivered,120750,TRK2405170002
SHP00768,CUS0438,RTE006,"Jl. Melati No. 283, Jakarta","Jl. Kebon Jeruk No. 128, Surabaya",8.9,paket_kecil,express,2023-04-05,2023-04-07,2023-04-07,delivered,204700,TRK2304050002
SHP00769,CUS0387,RTE046,"Jl. Asia Afrika No. 236, Medan","Jl. Mangga No. 204, Padang",9.2,paket_sedang,express,2024-05-13,2024-05-15,,returned,220800,TRK2405130001
SHP00770,CUS0290,RTE079,"Jl. Imam Bonjol No. 197, Pontianak","Jl. Kenanga No. 128, Jakarta",36.0,fragile,regular,2022-02-22,2022-02-26,2022-02-26,delivered,414000,TRK2202220003
SHP00771,CUS0524,RTE040,"Jl. Diponegoro No. 34, Semarang","Jl. Mawar No. 6, Yogyakarta",7.7,paket_kecil,regular,2022-10-19,2022-10-21,2022-10-21,delivered,57750,TRK2210190001
SHP00772,CUS0365,RTE075,"Jl. Setiabudi No. 125, Palembang","Jl. Kebon Jeruk No. 209, Padang",13.8,paket_sedang,regular,2024-10-26,2024-10-30,2024-11-04,delivered,186300,TRK2410260001
SHP00773,CUS0228,RTE035,"Jl. Kenanga No. 205, Bandung","Jl. Kenanga No. 257, Surabaya",11.5,dokumen,regular,2022-10-09,2022-10-13,,in_transit,132250,TRK2210090003
SHP00774,CUS0265,RTE051,"Jl. Melati No. 78, Medan","Jl. Setiabudi No. 270, Batam",22.3,paket_sedang,regular,2022-02-15,2022-02-19,2022-02-20,delivered,267600,TRK2202150001
SHP00775,CUS0065,RTE012,"Jl. Pemuda No. 38, Jakarta","Jl. Merdeka No. 58, Palembang",29.4,paket_besar,same_day,2023-05-24,2023-05-24,2023-05-24,delivered,859950,TRK2305240001
SHP00776,CUS0168,RTE027,"Jl. Margonda No. 209, Surabaya","Jl. Asia Afrika No. 120, Medan",10.7,paket_besar,regular,2023-12-01,2023-12-07,,in_transit,224700,TRK2312010001
SHP00777,CUS0192,RTE032,"Jl. Thamrin No. 131, Bandung","Jl. Hayam Wuruk No. 285, Bogor",25.6,paket_sedang,same_day,2022-02-14,2022-02-14,2022-02-17,delivered,614400,TRK2202140002
SHP00778,CUS0369,RTE036,"Jl. Setiabudi No. 155, Bandung","Jl. Melati No. 75, Solo",13.2,paket_sedang,regular,2023-10-14,2023-10-17,,in_transit,125400,TRK2310140002
SHP00779,CUS0033,RTE025,"Jl. Margonda No. 149, Surabaya","Jl. Ahmad Yani No. 15, Makassar",39.4,paket_sedang,regular,2024-08-20,2024-08-24,2024-08-26,delivered,472800,TRK2408200004
SHP00780,CUS0496,RTE009,"Jl. Setiabudi No. 265, Jakarta","Jl. Diponegoro No. 133, Malang",29.8,paket_sedang,express,2022-03-27,2022-03-29,,in_transit,849300,TRK2203270004
SHP00781,CUS0560,RTE070,"Jl. Pajajaran No. 2, Balikpapan","Jl. Imam Bonjol No. 237, Makassar",41.7,paket_kecil,regular,2022-06-13,2022-06-17,2022-06-17,delivered,479550,TRK2206130002
SHP00782,CUS0424,RTE067,"Jl. Asia Afrika No. 116, Balikpapan","Jl. Hayam Wuruk No. 95, Samarinda",46.0,paket_sedang,regular,2025-01-23,2025-01-25,2025-01-25,delivered,345000,TRK2501230002
SHP00783,CUS0552,RTE080,"Jl. Veteran No. 298, Manado","Jl. Imam Bonjol No. 282, Gorontalo",22.1,fragile,regular,2023-10-02,2023-10-05,2023-10-06,delivered,209950,TRK2310020001
SHP00784,CUS0093,RTE042,"Jl. Hayam Wuruk No. 134, Semarang","Jl. Hayam Wuruk No. 26, Malang",5.6,paket_sedang,same_day,2023-01-05,2023-01-05,2023-01-05,delivered,155400,TRK2301050002
SHP00785,CUS0490,RTE047,"Jl. Veteran No. 196, Medan","Jl. Margonda No. 23, Pekanbaru",17.6,dokumen,regular,2024-05-15,2024-05-18,2024-05-19,delivered,167200,TRK2405150002
SHP00786,CUS0064,RTE030,"Jl. Cempaka No. 276, Surabaya","Jl. Setiabudi No. 285, Palembang",40.4,paket_kecil,regular,2023-05-25,2023-05-30,2023-05-30,delivered,565600,TRK2305250003
SHP00787,CUS0129,RTE013,"Jl. Anggrek No. 297, Jakarta","Jl. Ahmad Yani No. 168, Padang",18.7,dokumen,express,2022-01-16,2022-01-19,2022-01-18,delivered,607750,TRK2201160002
SHP00788,CUS0587,RTE039,"Jl. Diponegoro No. 153, Bandung","Jl. Anggrek No. 298, Denpasar",12.6,dokumen,regular,2024-02-08,2024-02-12,2024-02-13,delivered,170100,TRK2402080002
SHP00789,CUS0281,RTE072,"Jl. Cempaka No. 223, Pekanbaru","Jl. Cendrawasih No. 255, Palembang",20.6,paket_kecil,regular,2023-06-21,2023-06-25,2023-06-25,delivered,236900,TRK2306210001
SHP00790,CUS0319,RTE041,"Jl. Cendrawasih No. 187, Semarang","Jl. Melati No. 227, Solo",17.1,paket_besar,express,2024-07-11,2024-07-12,2024-07-14,delivered,273600,TRK2407110002
SHP00791,CUS0316,RTE041,"Jl. Veteran No. 99, Semarang","Jl. Anggrek No. 15, Solo",21.3,paket_kecil,regular,2023-06-13,2023-06-15,2023-06-17,delivered,159750,TRK2306130002
SHP00792,CUS0391,RTE017,"Jl. Kebon Jeruk No. 95, Jakarta","Jl. Setiabudi No. 215, Balikpapan",16.9,paket_kecil,regular,2024-03-23,2024-03-28,2024-03-29,delivered,253500,TRK2403230001
SHP00793,CUS0356,RTE030,"Jl. Thamrin No. 5, Surabaya","Jl. Margonda No. 218, Palembang",8.1,paket_kecil,regular,2022-11-08,2022-11-13,2022-11-13,delivered,113400,TRK2211080001
SHP00794,CUS0463,RTE055,"Jl. Melati No. 243, Makassar","Jl. Pemuda No. 206, Surabaya",6.8,paket_kecil,regular,2024-03-10,2024-03-14,2024-03-13,delivered,81600,TRK2403100002
SHP00795,CUS0081,RTE023,"Jl. Ahmad Yani No. 52, Surabaya","Jl. Gatot Subroto No. 191, Denpasar",45.5,paket_besar,regular,2024-12-28,2024-12-31,2025-01-02,delivered,432250,TRK2412280002
SHP00796,CUS0398,RTE008,"Jl. Sudirman No. 275, Jakarta","Jl. Sudirman No. 56, Solo",23.8,paket_sedang,regular,2024-09-12,2024-09-15,2024-09-17,delivered,249900,TRK2409120002
SHP00797,CUS0573,RTE017,"Jl. Merdeka No. 41, Jakarta","Jl. Pahlawan No. 296, Balikpapan",29.8,fragile,regular,2022-01-28,2022-02-02,2022-02-05,delivered,447000,TRK2201280002
SHP00798,CUS0280,RTE058,"Jl. Diponegoro No. 210, Denpasar","Jl. Ahmad Yani No. 85, Surabaya",32.0,paket_sedang,regular,2022-08-16,2022-08-19,2022-08-22,delivered,304000,TRK2208160002
SHP00799,CUS0055,RTE027,"Jl. Anggrek No. 129, Surabaya","Jl. Veteran No. 246, Medan",17.2,paket_sedang,express,2024-03-01,2024-03-04,,in_transit,739600,TRK2403010002
SHP00800,CUS0546,RTE007,"Jl. Mawar No. 284, Jakarta","Jl. Gajah Mada No. 87, Yogyakarta",18.5,paket_kecil,express,2022-12-25,2022-12-27,,lost,425500,TRK2212250001
SHP00801,CUS0318,RTE017,"Jl. Asia Afrika No. 286, Jakarta","Jl. Margonda No. 120, Balikpapan",25.2,paket_besar,regular,2023-07-04,2023-07-09,2023-07-08,delivered,378000,TRK2307040001
SHP00802,CUS0440,RTE033,"Jl. Pemuda No. 189, Bandung","Jl. Pemuda No. 240, Semarang",17.0,paket_kecil,regular,2022-06-07,2022-06-10,2022-06-10,delivered,161500,TRK2206070002
SHP00803,CUS0199,RTE020,"Jl. Margonda No. 230, Surabaya","Jl. Pemuda No. 276, Malang",30.8,paket_besar,express,2022-06-23,2022-06-24,,in_transit,492800,TRK2206230004
SHP00804,CUS0462,RTE057,"Jl. Setiabudi No. 204, Denpasar","Jl. Setiabudi No. 106, Mataram",12.2,paket_kecil,express,2022-12-07,2022-12-08,2022-12-09,delivered,219600,TRK2212070003
SHP00805,CUS0032,RTE025,"Jl. Kenanga No. 276, Surabaya","Jl. Imam Bonjol No. 87, Makassar",41.0,paket_besar,regular,2022-01-26,2022-01-30,,in_transit,492000,TRK2201260001
SHP00806,CUS0556,RTE008,"Jl. Gatot Subroto No. 199, Jakarta","Jl. Veteran No. 22, Solo",12.8,paket_besar,regular,2022-03-09,2022-03-12,2022-03-12,delivered,134400,TRK2203090001
SHP00807,CUS0236,RTE042,"Jl. Pajajaran No. 280, Semarang","Jl. Anggrek No. 75, Malang",13.4,paket_besar,regular,2023-04-16,2023-04-19,2023-04-22,delivered,127300,TRK2304160001
SHP00808,CUS0013,RTE005,"Jl. Margonda No. 54, Jakarta","Jl. Anggrek No. 36, Semarang",35.8,paket_kecil,express,2024-10-31,2024-11-01,2024-11-01,delivered,787600,TRK2410310002
SHP00809,CUS0069,RTE055,"Jl. Gajah Mada No. 89, Makassar","Jl. Ahmad Yani No. 131, Surabaya",12.8,paket_sedang,regular,2023-06-20,2023-06-24,2023-06-24,delivered,153600,TRK2306200003
SHP00810,CUS0055,RTE069,"Jl. Merdeka No. 274, Balikpapan","Jl. Gajah Mada No. 34, Pontianak",23.8,paket_sedang,regular,2022-08-08,2022-08-12,,in_transit,309400,TRK2208080002
SHP00811,CUS0016,RTE042,"Jl. Veteran No. 64, Semarang","Jl. Diponegoro No. 275, Malang",22.9,paket_sedang,express,2023-06-08,2023-06-09,2023-06-12,delivered,423650,TRK2306080001
SHP00812,CUS0396,RTE080,"Jl. Mangga No. 297, Manado","Jl. Cendrawasih No. 271, Gorontalo",25.8,paket_kecil,same_day,2022-05-05,2022-05-05,2022-05-05,delivered,851400,TRK2205050002
SHP00813,CUS0323,RTE062,"Jl. Mangga No. 69, Yogyakarta","Jl. Melati No. 54, Solo",13.8,paket_sedang,regular,2023-06-04,2023-06-05,,in_transit,103500,TRK2306040001
SHP00814,CUS0386,RTE030,"Jl. Thamrin No. 46, Surabaya","Jl. Pajajaran No. 277, Palembang",37.4,paket_kecil,regular,2022-12-25,2022-12-30,,in_transit,523600,TRK2212250002
SHP00815,CUS0275,RTE017,"Jl. Merdeka No. 286, Jakarta","Jl. Kebon Jeruk No. 116, Balikpapan",29.7,paket_kecil,regular,2023-05-03,2023-05-08,2023-05-09,delivered,445500,TRK2305030001
SHP00816,CUS0106,RTE020,"Jl. Asia Afrika No. 282, Surabaya","Jl. Melati No. 16, Malang",19.7,paket_besar,express,2023-03-07,2023-03-08,2023-03-13,delivered,315200,TRK2303070001
SHP00817,CUS0530,RTE066,"Jl. Thamrin No. 296, Yogyakarta","Jl. Kenanga No. 109, Bandung",8.5,paket_kecil,regular,2022-01-31,2022-02-03,,returned,80750,TRK2201310001
SHP00818,CUS0190,RTE030,"Jl. Pahlawan No. 2, Surabaya","Jl. Sudirman No. 33, Palembang",34.6,paket_kecil,regular,2024-02-17,2024-02-22,2024-02-22,delivered,484400,TRK2402170001
SHP00819,CUS0031,RTE066,"Jl. Kebon Jeruk No. 286, Yogyakarta","Jl. Raya Bogor No. 247, Bandung",35.8,paket_kecil,express,2022-06-21,2022-06-22,,in_transit,805500,TRK2206210002
SHP00820,CUS0303,RTE025,"Jl. Gajah Mada No. 197, Surabaya","Jl. Gatot Subroto No. 148, Makassar",3.2,paket_besar,express,2023-08-16,2023-08-18,2023-08-21,delivered,78400,TRK2308160002
SHP00821,CUS0250,RTE011,"Jl. Mangga No. 262, Jakarta","Jl. Setiabudi No. 25, Medan",39.3,paket_kecil,same_day,2022-10-11,2022-10-11,2022-10-11,delivered,2210625,TRK2210110003
SHP00822,CUS0317,RTE053,"Jl. Mangga No. 162, Makassar","Jl. Raya Bogor No. 51, Denpasar",1.8,paket_kecil,same_day,2022-02-04,2022-02-04,2022-02-05,delivered,74250,TRK2202040001
SHP00823,CUS0414,RTE024,"Jl. Sudirman No. 190, Surabaya","Jl. Ahmad Yani No. 169, Bandung",47.6,paket_sedang,regular,2022-06-02,2022-06-06,2022-06-06,delivered,547400,TRK2206020001
SHP00824,CUS0048,RTE056,"Jl. Cendrawasih No. 200, Makassar","Jl. Cendrawasih No. 138, Kendari",4.7,dokumen,express,2024-03-15,2024-03-16,2024-03-19,delivered,89300,TRK2403150002
SHP00825,CUS0307,RTE012,"Jl. Margonda No. 47, Jakarta","Jl. Margonda No. 116, Palembang",49.3,dokumen,regular,2025-01-14,2025-01-17,2025-01-17,delivered,468350,TRK2501140001
SHP00826,CUS0409,RTE079,"Jl. Mangga No. 138, Pontianak","Jl. Setiabudi No. 241, Jakarta",2.2,paket_sedang,regular,2023-02-03,2023-02-07,,in_transit,25300,TRK2302030001
SHP00827,CUS0441,RTE054,"Jl. Kenanga No. 104, Makassar","Jl. Pemuda No. 284, Balikpapan",7.1,paket_sedang,express,2024-04-09,2024-04-11,,in_transit,163300,TRK2404090003
SHP00828,CUS0164,RTE050,"Jl. Cempaka No. 236, Medan","Jl. Sudirman No. 271, Jakarta",11.8,paket_sedang,express,2024-12-01,2024-12-04,2024-12-07,delivered,460200,TRK2412010002
SHP00829,CUS0580,RTE016,"Jl. Melati No. 271, Jakarta","Jl. Raya Bogor No. 249, Manado",39.1,dokumen,regular,2024-01-30,2024-02-06,2024-02-08,delivered,840650,TRK2401300002
SHP00830,CUS0440,RTE024,"Jl. Gajah Mada No. 233, Surabaya","Jl. Gatot Subroto No. 292, Bandung",22.8,paket_kecil,express,2023-04-30,2023-05-02,2023-05-02,delivered,535800,TRK2304300001
SHP00831,CUS0090,RTE017,"Jl. Cendrawasih No. 184, Jakarta","Jl. Mawar No. 268, Balikpapan",28.9,paket_besar,regular,2024-02-18,2024-02-23,2024-02-22,delivered,433500,TRK2402180002
SHP00832,CUS0081,RTE071,"Jl. Sudirman No. 293, Pekanbaru","Jl. Gajah Mada No. 72, Padang",47.0,paket_besar,regular,2023-11-19,2023-11-21,2023-11-22,delivered,399500,TRK2311190001
SHP00833,CUS0121,RTE059,"Jl. Melati No. 234, Denpasar","Jl. Pemuda No. 47, Lombok",33.6,paket_kecil,regular,2024-02-28,2024-03-01,2024-03-02,delivered,268800,TRK2402280002
SHP00834,CUS0077,RTE013,"Jl. Kenanga No. 283, Jakarta","Jl. Diponegoro No. 144, Padang",4.7,paket_besar,regular,2022-10-10,2022-10-15,2022-10-15,delivered,72850,TRK2210100003
SHP00835,CUS0182,RTE021,"Jl. Diponegoro No. 245, Surabaya","Jl. Hayam Wuruk No. 263, Yogyakarta",29.4,paket_sedang,same_day,2023-06-26,2023-06-26,,delivered,882000,TRK2306260002
SHP00836,CUS0376,RTE035,"Jl. Diponegoro No. 54, Bandung","Jl. Kenanga No. 178, Surabaya",34.1,paket_kecil,regular,2023-10-16,2023-10-20,2023-10-20,delivered,392150,TRK2310160001
SHP00837,CUS0518,RTE017,"Jl. Sudirman No. 296, Jakarta","Jl. Diponegoro No. 65, Balikpapan",42.2,paket_kecil,regular,2022-02-06,2022-02-11,2022-02-14,delivered,633000,TRK2202060002
SHP00838,CUS0051,RTE009,"Jl. Kebon Jeruk No. 205, Jakarta","Jl. Veteran No. 176, Malang",20.6,fragile,regular,2022-12-18,2022-12-22,2022-12-22,delivered,247200,TRK2212180002
SHP00839,CUS0140,RTE036,"Jl. Melati No. 91, Bandung","Jl. Anggrek No. 84, Solo",46.0,paket_sedang,same_day,2023-07-28,2023-07-28,2023-07-28,delivered,1449000,TRK2307280001
SHP00840,CUS0092,RTE063,"Jl. Anggrek No. 265, Yogyakarta","Jl. Pahlawan No. 83, Malang",34.5,paket_besar,regular,2022-07-04,2022-07-07,2022-07-07,delivered,327750,TRK2207040002
SHP00841,CUS0430,RTE010,"Jl. Imam Bonjol No. 278, Jakarta","Jl. Setiabudi No. 192, Denpasar",0.4,dokumen,regular,2022-05-01,2022-05-05,2022-05-05,delivered,5600,TRK2205010001
SHP00842,CUS0589,RTE048,"Jl. Sudirman No. 92, Medan","Jl. Mawar No. 56, Palembang",49.1,paket_sedang,regular,2023-01-16,2023-01-21,2023-01-21,delivered,736500,TRK2301160001
SHP00843,CUS0045,RTE047,"Jl. Veteran No. 226, Medan","Jl. Thamrin No. 292, Pekanbaru",6.9,dokumen,regular,2022-05-26,2022-05-29,2022-05-31,delivered,65550,TRK2205260002
SHP00844,CUS0322,RTE002,"Jl. Sudirman No. 248, Jakarta","Jl. Ahmad Yani No. 45, Bogor",43.9,paket_sedang,regular,2023-11-02,2023-11-03,,in_transit,329250,TRK2311020001
SHP00845,CUS0301,RTE030,"Jl. Kebon Jeruk No. 73, Surabaya","Jl. Mangga No. 268, Palembang",23.5,paket_sedang,express,2023-03-13,2023-03-16,2023-03-19,delivered,634500,TRK2303130001
SHP00846,CUS0423,RTE045,"Jl. Diponegoro No. 132, Semarang","Jl. Ahmad Yani No. 242, Medan",38.3,paket_sedang,same_day,2022-06-30,2022-06-30,2022-07-05,delivered,2585250,TRK2206300001
SHP00847,CUS0528,RTE019,"Jl. Melati No. 104, Jakarta","Jl. Pemuda No. 276, Banjarmasin",4.2,fragile,same_day,2022-05-25,2022-05-25,2022-05-25,delivered,185850,TRK2205250003
SHP00848,CUS0341,RTE006,"Jl. Diponegoro No. 181, Jakarta","Jl. Setiabudi No. 288, Surabaya",33.2,paket_sedang,express,2023-01-11,2023-01-13,2023-01-13,delivered,763600,TRK2301110001
SHP00849,CUS0304,RTE028,"Jl. Pajajaran No. 185, Surabaya","Jl. Mawar No. 132, Balikpapan",26.2,paket_besar,regular,2023-11-22,2023-11-26,2023-11-29,delivered,327500,TRK2311220001
SHP00850,CUS0156,RTE054,"Jl. Anggrek No. 31, Makassar","Jl. Imam Bonjol No. 140, Balikpapan",49.0,paket_sedang,same_day,2024-05-29,2024-05-29,2024-05-29,delivered,1690500,TRK2405290001
SHP00851,CUS0562,RTE029,"Jl. Margonda No. 129, Surabaya","Jl. Pemuda No. 278, Manado",25.2,paket_sedang,regular,2023-10-14,2023-10-19,2023-10-21,delivered,428400,TRK2310140003
SHP00852,CUS0392,RTE039,"Jl. Imam Bonjol No. 71, Bandung","Jl. Kenanga No. 25, Denpasar",16.6,dokumen,regular,2023-07-21,2023-07-25,2023-07-27,delivered,224100,TRK2307210003
SHP00853,CUS0403,RTE047,"Jl. Mawar No. 172, Medan","Jl. Gajah Mada No. 41, Pekanbaru",18.3,paket_kecil,regular,2023-01-10,2023-01-13,2023-01-15,delivered,173850,TRK2301100002
SHP00854,CUS0010,RTE077,"Jl. Thamrin No. 277, Pontianak","Jl. Hayam Wuruk No. 167, Singkawang",5.4,paket_sedang,express,2023-09-26,2023-09-27,,in_transit,94500,TRK2309260001
SHP00855,CUS0029,RTE077,"Jl. Asia Afrika No. 120, Pontianak","Jl. Asia Afrika No. 43, Singkawang",49.8,paket_sedang,express,2024-03-05,2024-03-06,,in_transit,871500,TRK2403050003
SHP00856,CUS0098,RTE077,"Jl. Raya Bogor No. 10, Pontianak","Jl. Diponegoro No. 169, Singkawang",40.3,paket_besar,regular,2024-03-07,2024-03-09,2024-03-09,delivered,322400,TRK2403070002
SHP00857,CUS0182,RTE022,"Jl. Kebon Jeruk No. 13, Surabaya","Jl. Imam Bonjol No. 190, Semarang",46.0,paket_kecil,regular,2022-06-20,2022-06-23,2022-06-24,delivered,414000,TRK2206200001
SHP00858,CUS0001,RTE011,"Jl. Raya Bogor No. 70, Jakarta","Jl. Pahlawan No. 225, Medan",45.1,paket_besar,express,2024-01-02,2024-01-05,2024-01-08,delivered,1691250,TRK2401020001
SHP00859,CUS0061,RTE002,"Jl. Pahlawan No. 214, Jakarta","Jl. Setiabudi No. 26, Bogor",4.0,paket_kecil,regular,2023-01-10,2023-01-11,,in_transit,30000,TRK2301100003
SHP00860,CUS0356,RTE076,"Jl. Ahmad Yani No. 226, Palembang","Jl. Kebon Jeruk No. 174, Jakarta",1.7,paket_kecil,express,2022-07-24,2022-07-26,2022-07-28,delivered,31450,TRK2207240003
SHP00861,CUS0196,RTE017,"Jl. Mawar No. 282, Jakarta","Jl. Thamrin No. 182, Balikpapan",35.4,paket_sedang,regular,2022-02-27,2022-03-04,,in_transit,531000,TRK2202270002
SHP00862,CUS0237,RTE009,"Jl. Thamrin No. 5, Jakarta","Jl. Imam Bonjol No. 148, Malang",47.9,paket_sedang,regular,2022-01-25,2022-01-29,2022-01-29,delivered,574800,TRK2201250001
SHP00863,CUS0593,RTE016,"Jl. Sudirman No. 143, Jakarta","Jl. Gajah Mada No. 65, Manado",46.9,paket_besar,regular,2022-04-04,2022-04-11,2022-04-12,delivered,1008350,TRK2204040002
SHP00864,CUS0292,RTE009,"Jl. Gatot Subroto No. 278, Jakarta","Jl. Pemuda No. 49, Malang",47.8,fragile,regular,2022-12-23,2022-12-27,2023-01-01,delivered,573600,TRK2212230001
SHP00865,CUS0368,RTE045,"Jl. Setiabudi No. 125, Semarang","Jl. Gajah Mada No. 291, Medan",17.1,dokumen,regular,2022-05-25,2022-05-31,2022-05-30,delivered,342000,TRK2205250004
SHP00866,CUS0418,RTE063,"Jl. Mangga No. 296, Yogyakarta","Jl. Sudirman No. 10, Malang",19.9,paket_sedang,express,2022-05-01,2022-05-02,2022-05-02,delivered,398000,TRK2205010002
SHP00867,CUS0397,RTE057,"Jl. Melati No. 135, Denpasar","Jl. Thamrin No. 124, Mataram",49.8,paket_sedang,express,2022-09-14,2022-09-15,2022-09-17,delivered,896400,TRK2209140001
SHP00868,CUS0224,RTE025,"Jl. Mangga No. 148, Surabaya","Jl. Pemuda No. 298, Makassar",35.0,fragile,regular,2022-02-12,2022-02-16,2022-02-15,delivered,420000,TRK2202120002
SHP00869,CUS0503,RTE059,"Jl. Imam Bonjol No. 81, Denpasar","Jl. Hayam Wuruk No. 168, Lombok",0.5,paket_kecil,regular,2022-01-23,2022-01-25,2022-01-25,delivered,4000,TRK2201230003
SHP00870,CUS0218,RTE049,"Jl. Hayam Wuruk No. 131, Medan","Jl. Diponegoro No. 201, Banda Aceh",9.3,paket_kecil,express,2023-06-06,2023-06-07,2023-06-07,delivered,237150,TRK2306060001
SHP00871,CUS0063,RTE024,"Jl. Raya Bogor No. 294, Surabaya","Jl. Margonda No. 77, Bandung",11.0,paket_kecil,regular,2022-07-15,2022-07-19,,in_transit,126500,TRK2207150003
SHP00872,CUS0072,RTE002,"Jl. Pajajaran No. 17, Jakarta","Jl. Mangga No. 21, Bogor",32.2,paket_besar,express,2022-04-06,2022-04-07,2022-04-07,delivered,515200,TRK2204060003
SHP00873,CUS0006,RTE070,"Jl. Kenanga No. 212, Balikpapan","Jl. Anggrek No. 130, Makassar",12.2,paket_kecil,regular,2022-07-01,2022-07-05,2022-07-05,delivered,140300,TRK2207010001
SHP00874,CUS0455,RTE029,"Jl. Diponegoro No. 4, Surabaya","Jl. Pemuda No. 172, Manado",47.9,fragile,regular,2023-11-16,2023-11-21,2023-11-23,delivered,814300,TRK2311160001
SHP00875,CUS0577,RTE072,"Jl. Kenanga No. 231, Pekanbaru","Jl. Hayam Wuruk No. 290, Palembang",43.0,dokumen,express,2024-05-17,2024-05-20,2024-05-20,delivered,989000,TRK2405170003
SHP00876,CUS0405,RTE006,"Jl. Veteran No. 124, Jakarta","Jl. Cendrawasih No. 92, Surabaya",39.9,paket_besar,regular,2024-07-26,2024-07-30,2024-07-30,delivered,458850,TRK2407260002
SHP00877,CUS0534,RTE024,"Jl. Gatot Subroto No. 131, Surabaya","Jl. Mawar No. 238, Bandung",44.5,paket_sedang,regular,2022-01-03,2022-01-07,2022-01-10,delivered,511750,TRK2201030002
SHP00878,CUS0118,RTE012,"Jl. Gajah Mada No. 83, Jakarta","Jl. Veteran No. 282, Palembang",0.4,paket_kecil,express,2022-12-11,2022-12-12,2022-12-12,delivered,7800,TRK2212110001
SHP00879,CUS0176,RTE009,"Jl. Gajah Mada No. 269, Jakarta","Jl. Asia Afrika No. 268, Malang",28.7,paket_sedang,regular,2024-01-20,2024-01-24,,in_transit,344400,TRK2401200002
SHP00880,CUS0580,RTE013,"Jl. Cendrawasih No. 55, Jakarta","Jl. Setiabudi No. 58, Padang",25.2,paket_kecil,regular,2023-11-12,2023-11-17,,in_transit,390600,TRK2311120003
SHP00881,CUS0564,RTE071,"Jl. Gatot Subroto No. 161, Pekanbaru","Jl. Mangga No. 238, Padang",34.5,paket_sedang,same_day,2022-07-12,2022-07-12,2022-07-12,delivered,1060875,TRK2207120002
SHP00882,CUS0530,RTE006,"Jl. Margonda No. 26, Jakarta","Jl. Setiabudi No. 174, Surabaya",45.9,paket_sedang,same_day,2023-03-19,2023-03-19,,in_transit,1583550,TRK2303190001
SHP00883,CUS0069,RTE071,"Jl. Imam Bonjol No. 80, Pekanbaru","Jl. Anggrek No. 298, Padang",24.0,paket_kecil,express,2023-07-20,2023-07-21,2023-07-21,delivered,492000,TRK2307200002
SHP00884,CUS0319,RTE007,"Jl. Raya Bogor No. 50, Jakarta","Jl. Anggrek No. 71, Yogyakarta",8.5,paket_besar,regular,2022-01-03,2022-01-06,2022-01-06,delivered,89250,TRK2201030003
SHP00885,CUS0565,RTE028,"Jl. Cempaka No. 151, Surabaya","Jl. Kenanga No. 66, Balikpapan",31.3,paket_besar,regular,2022-10-05,2022-10-09,2022-10-10,delivered,391250,TRK2210050001
SHP00886,CUS0160,RTE008,"Jl. Ahmad Yani No. 46, Jakarta","Jl. Ahmad Yani No. 143, Solo",24.4,paket_kecil,regular,2022-09-27,2022-09-30,,returned,256200,TRK2209270002
SHP00887,CUS0538,RTE015,"Jl. Gatot Subroto No. 216, Jakarta","Jl. Gajah Mada No. 296, Makassar",30.2,paket_kecil,regular,2022-09-17,2022-09-22,2022-09-24,delivered,498300,TRK2209170003
SHP00888,CUS0014,RTE017,"Jl. Thamrin No. 107, Jakarta","Jl. Thamrin No. 142, Balikpapan",46.9,paket_sedang,regular,2022-09-26,2022-10-01,2022-10-01,delivered,703500,TRK2209260001
SHP00889,CUS0450,RTE064,"Jl. Gajah Mada No. 66, Yogyakarta","Jl. Margonda No. 53, Semarang",12.3,paket_besar,regular,2022-09-25,2022-09-27,2022-09-28,delivered,92250,TRK2209250002
SHP00890,CUS0428,RTE043,"Jl. Thamrin No. 209, Semarang","Jl. Ahmad Yani No. 203, Surabaya",9.9,paket_sedang,regular,2023-12-07,2023-12-10,2023-12-12,delivered,89100,TRK2312070001
SHP00891,CUS0237,RTE057,"Jl. Mawar No. 236, Denpasar","Jl. Gajah Mada No. 204, Mataram",45.2,dokumen,express,2023-04-05,2023-04-06,2023-04-06,delivered,813600,TRK2304050003
SHP00892,CUS0073,RTE003,"Jl. Kebon Jeruk No. 83, Jakarta","Jl. Cempaka No. 46, Tangerang",20.8,paket_besar,express,2022-06-01,2022-06-02,2022-06-03,delivered,291200,TRK2206010002
SHP00893,CUS0388,RTE078,"Jl. Thamrin No. 82, Pontianak","Jl. Mangga No. 272, Balikpapan",11.0,fragile,regular,2023-06-24,2023-06-28,2023-06-28,delivered,143000,TRK2306240001
SHP00894,CUS0555,RTE036,"Jl. Gatot Subroto No. 199, Bandung","Jl. Imam Bonjol No. 84, Solo",7.6,dokumen,regular,2022-08-31,2022-09-03,,in_transit,72200,TRK2208310003
SHP00895,CUS0430,RTE063,"Jl. Sudirman No. 257, Yogyakarta","Jl. Thamrin No. 188, Malang",20.4,paket_besar,regular,2024-03-16,2024-03-19,2024-03-20,delivered,193800,TRK2403160003
SHP00896,CUS0042,RTE050,"Jl. Veteran No. 202, Medan","Jl. Diponegoro No. 44, Jakarta",28.6,paket_besar,regular,2024-01-11,2024-01-16,2024-01-16,delivered,514800,TRK2401110001
SHP00897,CUS0596,RTE037,"Jl. Setiabudi No. 131, Bandung","Jl. Pemuda No. 19, Malang",22.1,paket_sedang,regular,2023-09-20,2023-09-24,2023-09-25,delivered,265200,TRK2309200002
SHP00898,CUS0194,RTE029,"Jl. Mangga No. 214, Surabaya","Jl. Gajah Mada No. 5, Manado",15.2,paket_sedang,regular,2024-07-18,2024-07-23,2024-07-23,delivered,258400,TRK2407180003
SHP00899,CUS0173,RTE050,"Jl. Diponegoro No. 223, Medan","Jl. Asia Afrika No. 46, Jakarta",14.8,paket_kecil,regular,2024-04-21,2024-04-26,2024-04-27,delivered,266400,TRK2404210002
SHP00900,CUS0352,RTE072,"Jl. Margonda No. 165, Pekanbaru","Jl. Ahmad Yani No. 78, Palembang",5.2,paket_sedang,express,2022-03-22,2022-03-25,,delivered,119600,TRK2203220003
SHP00901,CUS0547,RTE064,"Jl. Cempaka No. 51, Yogyakarta","Jl. Pajajaran No. 209, Semarang",7.5,paket_kecil,regular,2022-06-23,2022-06-25,2022-06-26,delivered,56250,TRK2206230005
SHP00902,CUS0585,RTE049,"Jl. Ahmad Yani No. 113, Medan","Jl. Merdeka No. 287, Banda Aceh",17.0,paket_kecil,regular,2023-07-31,2023-08-03,2023-08-06,delivered,178500,TRK2307310004
SHP00903,CUS0192,RTE047,"Jl. Raya Bogor No. 30, Medan","Jl. Gajah Mada No. 273, Pekanbaru",11.9,paket_kecil,regular,2022-03-13,2022-03-16,2022-03-18,delivered,113050,TRK2203130001
SHP00904,CUS0247,RTE010,"Jl. Gatot Subroto No. 188, Jakarta","Jl. Raya Bogor No. 271, Denpasar",25.0,dokumen,same_day,2023-07-01,2023-07-01,,delivered,1237500,TRK2307010003
SHP00905,CUS0379,RTE060,"Jl. Setiabudi No. 200, Denpasar","Jl. Margonda No. 289, Makassar",33.8,paket_sedang,regular,2024-04-02,2024-04-06,2024-04-07,delivered,388700,TRK2404020001
SHP00906,CUS0275,RTE043,"Jl. Merdeka No. 185, Semarang","Jl. Veteran No. 224, Surabaya",18.6,paket_sedang,regular,2024-03-15,2024-03-18,2024-03-18,delivered,167400,TRK2403150003
SHP00907,CUS0515,RTE049,"Jl. Gatot Subroto No. 221, Medan","Jl. Merdeka No. 144, Banda Aceh",6.4,paket_kecil,regular,2024-01-28,2024-01-31,2024-01-30,delivered,67200,TRK2401280003
SHP00908,CUS0009,RTE074,"Jl. Hayam Wuruk No. 157, Palembang","Jl. Anggrek No. 45, Lampung",40.8,paket_kecil,regular,2022-10-20,2022-10-23,2022-10-23,delivered,387600,TRK2210200001
SHP00909,CUS0381,RTE074,"Jl. Imam Bonjol No. 204, Palembang","Jl. Pemuda No. 229, Lampung",9.2,paket_besar,regular,2022-01-28,2022-01-31,2022-02-01,delivered,87400,TRK2201280003
SHP00910,CUS0283,RTE018,"Jl. Veteran No. 189, Jakarta","Jl. Setiabudi No. 61, Pontianak",13.4,paket_kecil,regular,2022-04-18,2022-04-22,,in_transit,154100,TRK2204180002
SHP00911,CUS0272,RTE070,"Jl. Mangga No. 101, Balikpapan","Jl. Veteran No. 81, Makassar",47.1,paket_besar,regular,2023-10-11,2023-10-15,2023-10-18,delivered,541650,TRK2310110004
SHP00912,CUS0219,RTE008,"Jl. Mawar No. 291, Jakarta","Jl. Cendrawasih No. 113, Solo",32.9,paket_sedang,regular,2022-02-07,2022-02-10,,lost,345450,TRK2202070001
SHP00913,CUS0031,RTE069,"Jl. Kebon Jeruk No. 63, Balikpapan","Jl. Melati No. 272, Pontianak",41.1,fragile,regular,2022-09-04,2022-09-08,2022-09-08,delivered,534300,TRK2209040004
SHP00914,CUS0563,RTE058,"Jl. Gatot Subroto No. 286, Denpasar","Jl. Ahmad Yani No. 163, Surabaya",7.9,paket_kecil,express,2023-07-27,2023-07-28,,returned,169850,TRK2307270001
SHP00915,CUS0181,RTE056,"Jl. Anggrek No. 236, Makassar","Jl. Ahmad Yani No. 137, Kendari",42.2,paket_sedang,express,2024-10-17,2024-10-18,,returned,801800,TRK2410170001
SHP00916,CUS0050,RTE015,"Jl. Melati No. 100, Jakarta","Jl. Kebon Jeruk No. 84, Makassar",43.5,fragile,express,2022-02-21,2022-02-24,,in_transit,1413750,TRK2202210001
SHP00917,CUS0542,RTE053,"Jl. Hayam Wuruk No. 76, Makassar","Jl. Veteran No. 228, Denpasar",23.2,paket_kecil,regular,2024-03-30,2024-04-03,2024-04-04,delivered,266800,TRK2403300001
SHP00918,CUS0417,RTE025,"Jl. Merdeka No. 240, Surabaya","Jl. Sudirman No. 58, Makassar",14.0,dokumen,regular,2024-01-02,2024-01-06,2024-01-08,delivered,168000,TRK2401020002
SHP00919,CUS0450,RTE069,"Jl. Gatot Subroto No. 13, Balikpapan","Jl. Gajah Mada No. 167, Pontianak",32.5,paket_sedang,regular,2022-03-16,2022-03-20,2022-03-19,delivered,422500,TRK2203160002
SHP00920,CUS0156,RTE062,"Jl. Raya Bogor No. 92, Yogyakarta","Jl. Pajajaran No. 66, Solo",3.4,paket_kecil,regular,2023-02-04,2023-02-05,2023-02-05,delivered,25500,TRK2302040002
SHP00921,CUS0028,RTE078,"Jl. Pemuda No. 117, Pontianak","Jl. Mangga No. 64, Balikpapan",38.5,paket_kecil,regular,2024-12-19,2024-12-23,2024-12-25,delivered,500500,TRK2412190001
SHP00922,CUS0089,RTE064,"Jl. Pahlawan No. 18, Yogyakarta","Jl. Merdeka No. 63, Semarang",10.0,paket_sedang,regular,2022-11-12,2022-11-14,,in_transit,75000,TRK2211120003
SHP00923,CUS0531,RTE051,"Jl. Pahlawan No. 14, Medan","Jl. Cempaka No. 96, Batam",28.8,paket_sedang,express,2023-05-20,2023-05-22,2023-05-22,delivered,734400,TRK2305200001
SHP00924,CUS0383,RTE079,"Jl. Gajah Mada No. 110, Pontianak","Jl. Veteran No. 76, Jakarta",8.5,paket_sedang,same_day,2024-06-25,2024-06-25,2024-06-25,delivered,286875,TRK2406250003
SHP00925,CUS0195,RTE067,"Jl. Cempaka No. 90, Balikpapan","Jl. Sudirman No. 148, Samarinda",18.2,paket_sedang,express,2023-03-31,2023-04-01,2023-04-03,delivered,309400,TRK2303310001
SHP00926,CUS0231,RTE017,"Jl. Veteran No. 217, Jakarta","Jl. Cendrawasih No. 45, Balikpapan",25.4,fragile,express,2024-03-24,2024-03-27,2024-03-27,delivered,914400,TRK2403240001
SHP00927,CUS0051,RTE071,"Jl. Mawar No. 24, Pekanbaru","Jl. Anggrek No. 96, Padang",19.5,paket_sedang,regular,2024-11-01,2024-11-03,2024-11-05,delivered,165750,TRK2411010003
SHP00928,CUS0205,RTE049,"Jl. Thamrin No. 51, Medan","Jl. Sudirman No. 252, Banda Aceh",6.3,paket_kecil,regular,2023-04-01,2023-04-04,2023-04-07,delivered,66150,TRK2304010001
SHP00929,CUS0572,RTE072,"Jl. Kebon Jeruk No. 94, Pekanbaru","Jl. Margonda No. 46, Palembang",48.2,paket_sedang,express,2024-06-09,2024-06-12,2024-06-15,delivered,1108600,TRK2406090001
SHP00930,CUS0269,RTE069,"Jl. Ahmad Yani No. 207, Balikpapan","Jl. Melati No. 103, Pontianak",16.3,paket_besar,regular,2022-10-25,2022-10-29,,returned,211900,TRK2210250001
SHP00931,CUS0215,RTE028,"Jl. Margonda No. 79, Surabaya","Jl. Diponegoro No. 83, Balikpapan",46.0,paket_sedang,express,2022-08-06,2022-08-08,2022-08-10,delivered,1104000,TRK2208060003
SHP00932,CUS0300,RTE033,"Jl. Diponegoro No. 178, Bandung","Jl. Kenanga No. 290, Semarang",7.8,paket_besar,express,2023-01-13,2023-01-15,2023-01-15,delivered,148200,TRK2301130001
SHP00933,CUS0363,RTE052,"Jl. Thamrin No. 194, Makassar","Jl. Pahlawan No. 173, Manado",10.6,paket_sedang,regular,2023-05-12,2023-05-17,2023-05-19,delivered,159000,TRK2305120002
SHP00934,CUS0491,RTE032,"Jl. Gatot Subroto No. 59, Bandung","Jl. Kenanga No. 29, Bogor",13.7,paket_sedang,express,2023-07-19,2023-07-20,,in_transit,219200,TRK2307190004
SHP00935,CUS0108,RTE031,"Jl. Sudirman No. 249, Surabaya","Jl. Raya Bogor No. 162, Pekanbaru",11.5,paket_sedang,regular,2022-09-07,2022-09-12,2022-09-13,delivered,195500,TRK2209070001
SHP00936,CUS0332,RTE020,"Jl. Sudirman No. 37, Surabaya","Jl. Veteran No. 198, Malang",8.8,paket_sedang,express,2023-08-11,2023-08-12,2023-08-13,delivered,140800,TRK2308110001
SHP00937,CUS0235,RTE074,"Jl. Pajajaran No. 243, Palembang","Jl. Raya Bogor No. 188, Lampung",19.4,paket_kecil,regular,2024-09-02,2024-09-05,2024-09-04,delivered,184300,TRK2409020001
SHP00938,CUS0327,RTE033,"Jl. Mangga No. 38, Bandung","Jl. Pahlawan No. 35, Semarang",18.5,paket_sedang,same_day,2023-07-03,2023-07-03,2023-07-03,delivered,527250,TRK2307030001
SHP00939,CUS0580,RTE044,"Jl. Hayam Wuruk No. 220, Semarang","Jl. Ahmad Yani No. 9, Denpasar",28.5,paket_sedang,express,2024-02-09,2024-02-11,2024-02-12,delivered,741000,TRK2402090001
SHP00940,CUS0217,RTE076,"Jl. Hayam Wuruk No. 231, Palembang","Jl. Kenanga No. 255, Jakarta",18.0,paket_kecil,express,2022-01-02,2022-01-04,2022-01-06,delivered,333000,TRK2201020001
SHP00941,CUS0019,RTE033,"Jl. Pahlawan No. 223, Bandung","Jl. Pahlawan No. 8, Semarang",3.6,paket_besar,express,2022-07-16,2022-07-18,2022-07-18,delivered,68400,TRK2207160004
SHP00942,CUS0092,RTE020,"Jl. Pemuda No. 38, Surabaya","Jl. Merdeka No. 293, Malang",12.3,paket_besar,express,2024-04-06,2024-04-07,2024-04-08,delivered,196800,TRK2404060001
SHP00943,CUS0581,RTE059,"Jl. Imam Bonjol No. 19, Denpasar","Jl. Mangga No. 268, Lombok",23.8,dokumen,regular,2024-10-01,2024-10-03,2024-10-06,delivered,190400,TRK2410010001
SHP00944,CUS0237,RTE011,"Jl. Cempaka No. 95, Jakarta","Jl. Diponegoro No. 225, Medan",32.6,paket_sedang,regular,2024-07-31,2024-08-05,2024-08-10,delivered,586800,TRK2407310001
SHP00945,CUS0591,RTE068,"Jl. Kenanga No. 244, Balikpapan","Jl. Kebon Jeruk No. 279, Banjarmasin",21.1,paket_kecil,express,2023-03-02,2023-03-04,2023-03-07,delivered,453650,TRK2303020002
SHP00946,CUS0586,RTE040,"Jl. Merdeka No. 60, Semarang","Jl. Cempaka No. 47, Yogyakarta",31.5,paket_kecil,regular,2023-01-21,2023-01-23,,in_transit,236250,TRK2301210001
SHP00947,CUS0032,RTE066,"Jl. Raya Bogor No. 297, Yogyakarta","Jl. Kebon Jeruk No. 172, Bandung",9.2,paket_kecil,regular,2022-11-21,2022-11-24,2022-11-24,delivered,87400,TRK2211210002
SHP00948,CUS0071,RTE046,"Jl. Sudirman No. 179, Medan","Jl. Melati No. 194, Padang",13.7,paket_kecil,express,2024-07-23,2024-07-25,,in_transit,328800,TRK2407230003
SHP00949,CUS0291,RTE062,"Jl. Sudirman No. 26, Yogyakarta","Jl. Sudirman No. 72, Solo",21.1,paket_sedang,regular,2023-09-20,2023-09-21,,returned,158250,TRK2309200003
SHP00950,CUS0317,RTE070,"Jl. Raya Bogor No. 223, Balikpapan","Jl. Melati No. 206, Makassar",15.0,paket_sedang,regular,2023-09-26,2023-09-30,2023-10-03,delivered,172500,TRK2309260002
SHP00951,CUS0092,RTE054,"Jl. Merdeka No. 198, Makassar","Jl. Gajah Mada No. 219, Balikpapan",34.6,dokumen,regular,2022-03-09,2022-03-13,,returned,397900,TRK2203090002
SHP00952,CUS0024,RTE053,"Jl. Veteran No. 181, Makassar","Jl. Hayam Wuruk No. 113, Denpasar",23.6,dokumen,same_day,2024-03-01,2024-03-01,2024-03-06,delivered,973500,TRK2403010003
SHP00953,CUS0579,RTE055,"Jl. Cempaka No. 96, Makassar","Jl. Mawar No. 226, Surabaya",4.0,paket_besar,express,2024-01-04,2024-01-07,2024-01-07,delivered,108000,TRK2401040002
SHP00954,CUS0390,RTE029,"Jl. Hayam Wuruk No. 106, Surabaya","Jl. Thamrin No. 190, Manado",29.7,paket_besar,regular,2024-01-24,2024-01-29,2024-01-29,delivered,504900,TRK2401240002
SHP00955,CUS0166,RTE068,"Jl. Pahlawan No. 237, Balikpapan","Jl. Cendrawasih No. 106, Banjarmasin",21.4,paket_kecil,regular,2023-10-06,2023-10-09,2023-10-10,delivered,203300,TRK2310060001
SHP00956,CUS0538,RTE080,"Jl. Kenanga No. 292, Manado","Jl. Setiabudi No. 172, Gorontalo",30.6,paket_kecil,regular,2024-04-27,2024-04-30,2024-05-01,delivered,290700,TRK2404270001
SHP00957,CUS0254,RTE039,"Jl. Hayam Wuruk No. 135, Bandung","Jl. Pemuda No. 114, Denpasar",15.4,paket_kecil,regular,2023-09-18,2023-09-22,2023-09-23,delivered,207900,TRK2309180002
SHP00958,CUS0406,RTE073,"Jl. Cempaka No. 126, Pekanbaru","Jl. Setiabudi No. 125, Medan",41.7,fragile,regular,2023-07-19,2023-07-22,,returned,396150,TRK2307190005
SHP00959,CUS0593,RTE058,"Jl. Pemuda No. 116, Denpasar","Jl. Mangga No. 139, Surabaya",43.9,paket_kecil,express,2022-12-17,2022-12-18,2022-12-18,delivered,943850,TRK2212170002
SHP00960,CUS0049,RTE076,"Jl. Hayam Wuruk No. 257, Palembang","Jl. Cendrawasih No. 66, Jakarta",30.3,paket_sedang,regular,2024-12-27,2024-12-30,2024-12-31,delivered,287850,TRK2412270004
SHP00961,CUS0535,RTE075,"Jl. Ahmad Yani No. 52, Palembang","Jl. Veteran No. 81, Padang",5.3,dokumen,same_day,2024-07-01,2024-07-01,2024-07-01,delivered,222600,TRK2407010001
SHP00962,CUS0178,RTE015,"Jl. Melati No. 23, Jakarta","Jl. Melati No. 168, Makassar",15.1,paket_besar,regular,2023-01-30,2023-02-04,2023-02-04,delivered,249150,TRK2301300002
SHP00963,CUS0423,RTE048,"Jl. Hayam Wuruk No. 242, Medan","Jl. Mangga No. 68, Palembang",43.0,paket_kecil,regular,2022-01-21,2022-01-26,2022-01-25,delivered,645000,TRK2201210002
SHP00964,CUS0285,RTE073,"Jl. Cendrawasih No. 156, Pekanbaru","Jl. Imam Bonjol No. 33, Medan",7.5,paket_sedang,express,2022-04-22,2022-04-23,,in_transit,172500,TRK2204220001
SHP00965,CUS0029,RTE019,"Jl. Pajajaran No. 183, Jakarta","Jl. Asia Afrika No. 70, Banjarmasin",39.0,paket_kecil,regular,2023-11-14,2023-11-18,,in_transit,526500,TRK2311140001
SHP00966,CUS0403,RTE046,"Jl. Anggrek No. 201, Medan","Jl. Merdeka No. 170, Padang",29.2,paket_sedang,express,2022-01-05,2022-01-07,2022-01-08,delivered,700800,TRK2201050001
SHP00967,CUS0441,RTE011,"Jl. Mangga No. 112, Jakarta","Jl. Gatot Subroto No. 134, Medan",35.3,paket_sedang,regular,2023-06-16,2023-06-21,2023-06-22,delivered,635400,TRK2306160001
SHP00968,CUS0407,RTE050,"Jl. Veteran No. 44, Medan","Jl. Gatot Subroto No. 115, Jakarta",46.7,paket_sedang,regular,2023-02-24,2023-03-01,2023-03-01,delivered,840600,TRK2302240001
SHP00969,CUS0188,RTE025,"Jl. Cendrawasih No. 81, Surabaya","Jl. Raya Bogor No. 70, Makassar",1.8,paket_kecil,regular,2024-07-25,2024-07-29,2024-07-29,delivered,21600,TRK2407250001
SHP00970,CUS0272,RTE053,"Jl. Merdeka No. 56, Makassar","Jl. Sudirman No. 155, Denpasar",11.7,paket_sedang,express,2024-05-01,2024-05-03,2024-05-04,delivered,321750,TRK2405010002
SHP00971,CUS0406,RTE070,"Jl. Sudirman No. 17, Balikpapan","Jl. Kenanga No. 161, Makassar",35.6,paket_besar,express,2023-07-29,2023-07-31,2023-07-31,delivered,961200,TRK2307290001
SHP00972,CUS0597,RTE007,"Jl. Diponegoro No. 46, Jakarta","Jl. Kebon Jeruk No. 250, Yogyakarta",22.0,paket_kecil,regular,2023-06-24,2023-06-27,2023-06-27,delivered,231000,TRK2306240002
SHP00973,CUS0039,RTE039,"Jl. Merdeka No. 164, Bandung","Jl. Thamrin No. 80, Denpasar",11.5,paket_besar,regular,2022-04-07,2022-04-11,2022-04-11,delivered,155250,TRK2204070002
SHP00974,CUS0573,RTE079,"Jl. Ahmad Yani No. 217, Pontianak","Jl. Imam Bonjol No. 174, Jakarta",9.1,paket_besar,same_day,2022-11-23,2022-11-23,,in_transit,307125,TRK2211230002
SHP00975,CUS0204,RTE026,"Jl. Diponegoro No. 267, Surabaya","Jl. Diponegoro No. 120, Solo",0.6,dokumen,regular,2024-04-01,2024-04-03,2024-04-04,delivered,5100,TRK2404010001
SHP00976,CUS0111,RTE028,"Jl. Merdeka No. 6, Surabaya","Jl. Veteran No. 12, Balikpapan",11.1,paket_kecil,regular,2024-06-22,2024-06-26,2024-06-26,delivered,138750,TRK2406220003
SHP00977,CUS0126,RTE055,"Jl. Mawar No. 187, Makassar","Jl. Sudirman No. 225, Surabaya",42.8,paket_kecil,express,2023-12-13,2023-12-16,2023-12-18,delivered,1155600,TRK2312130004
SHP00978,CUS0323,RTE032,"Jl. Pajajaran No. 30, Bandung","Jl. Pahlawan No. 143, Bogor",32.1,paket_kecil,regular,2022-12-21,2022-12-23,,in_transit,256800,TRK2212210001
SHP00979,CUS0237,RTE075,"Jl. Kenanga No. 133, Palembang","Jl. Melati No. 88, Padang",11.8,paket_kecil,same_day,2022-09-27,2022-09-27,,in_transit,495600,TRK2209270003
SHP00980,CUS0048,RTE017,"Jl. Kenanga No. 152, Jakarta","Jl. Mawar No. 35, Balikpapan",47.3,paket_besar,same_day,2022-02-03,2022-02-03,2022-02-03,delivered,2554200,TRK2202030001
SHP00981,CUS0167,RTE021,"Jl. Raya Bogor No. 68, Surabaya","Jl. Pemuda No. 27, Yogyakarta",44.1,dokumen,same_day,2024-04-27,2024-04-27,,in_transit,1323000,TRK2404270002
SHP00982,CUS0266,RTE070,"Jl. Mawar No. 53, Balikpapan","Jl. Melati No. 254, Makassar",16.1,paket_kecil,regular,2023-01-10,2023-01-14,2023-01-17,delivered,185150,TRK2301100004
SHP00983,CUS0052,RTE050,"Jl. Gajah Mada No. 278, Medan","Jl. Veteran No. 275, Jakarta",43.6,paket_sedang,express,2024-08-18,2024-08-21,2024-08-22,delivered,1700400,TRK2408180001
SHP00984,CUS0348,RTE065,"Jl. Gatot Subroto No. 93, Yogyakarta","Jl. Diponegoro No. 163, Surabaya",30.0,paket_besar,express,2023-12-04,2023-12-05,2023-12-05,delivered,510000,TRK2312040003
SHP00985,CUS0547,RTE037,"Jl. Margonda No. 131, Bandung","Jl. Anggrek No. 76, Malang",47.4,paket_sedang,express,2023-01-20,2023-01-22,2023-01-23,delivered,1042800,TRK2301200002
SHP00986,CUS0079,RTE024,"Jl. Asia Afrika No. 67, Surabaya","Jl. Gatot Subroto No. 45, Bandung",49.0,paket_kecil,regular,2024-11-17,2024-11-21,2024-11-20,delivered,563500,TRK2411170001
SHP00987,CUS0355,RTE071,"Jl. Cendrawasih No. 26, Pekanbaru","Jl. Raya Bogor No. 38, Padang",22.8,dokumen,express,2023-08-20,2023-08-21,,in_transit,467400,TRK2308200004
SHP00988,CUS0037,RTE029,"Jl. Cempaka No. 78, Surabaya","Jl. Gajah Mada No. 54, Manado",29.4,paket_sedang,regular,2023-12-28,2024-01-02,2024-01-02,delivered,499800,TRK2312280002
SHP00989,CUS0326,RTE015,"Jl. Melati No. 53, Jakarta","Jl. Pahlawan No. 90, Makassar",7.2,paket_sedang,regular,2023-06-06,2023-06-11,2023-06-11,delivered,118800,TRK2306060002
SHP00990,CUS0571,RTE059,"Jl. Pahlawan No. 84, Denpasar","Jl. Sudirman No. 185, Lombok",42.9,paket_kecil,regular,2024-02-09,2024-02-11,2024-02-11,delivered,343200,TRK2402090002
SHP00991,CUS0329,RTE034,"Jl. Mangga No. 196, Bandung","Jl. Merdeka No. 100, Yogyakarta",37.0,dokumen,express,2023-02-05,2023-02-06,2023-02-06,delivered,832500,TRK2302050001
SHP00992,CUS0297,RTE038,"Jl. Pemuda No. 227, Bandung","Jl. Sudirman No. 157, Cirebon",25.2,paket_sedang,express,2023-11-09,2023-11-10,,in_transit,428400,TRK2311090001
SHP00993,CUS0013,RTE035,"Jl. Mawar No. 11, Bandung","Jl. Pahlawan No. 6, Surabaya",43.0,paket_sedang,regular,2024-11-05,2024-11-09,,lost,494500,TRK2411050001
SHP00994,CUS0358,RTE010,"Jl. Cempaka No. 161, Jakarta","Jl. Merdeka No. 230, Denpasar",24.9,paket_sedang,regular,2024-03-24,2024-03-28,2024-03-28,delivered,348600,TRK2403240002
SHP00995,CUS0215,RTE021,"Jl. Cempaka No. 163, Surabaya","Jl. Cendrawasih No. 120, Yogyakarta",13.5,paket_sedang,express,2024-08-29,2024-08-30,2024-08-30,delivered,270000,TRK2408290002
SHP00996,CUS0175,RTE021,"Jl. Gajah Mada No. 291, Surabaya","Jl. Diponegoro No. 9, Yogyakarta",21.0,paket_besar,regular,2025-01-16,2025-01-19,2025-01-19,delivered,189000,TRK2501160002
SHP00997,CUS0138,RTE004,"Jl. Kebon Jeruk No. 189, Jakarta","Jl. Mangga No. 81, Bekasi",7.6,paket_kecil,regular,2023-10-23,2023-10-24,2023-10-27,delivered,53200,TRK2310230004
SHP00998,CUS0421,RTE028,"Jl. Thamrin No. 78, Surabaya","Jl. Mangga No. 163, Balikpapan",15.9,paket_sedang,express,2024-04-03,2024-04-05,2024-04-05,delivered,381600,TRK2404030001
SHP00999,CUS0251,RTE060,"Jl. Raya Bogor No. 79, Denpasar","Jl. Kebon Jeruk No. 210, Makassar",8.7,paket_sedang,regular,2023-01-04,2023-01-08,2023-01-07,delivered,100050,TRK2301040001
SHP01000,CUS0387,RTE010,"Jl. Hayam Wuruk No. 133, Jakarta","Jl. Cempaka No. 264, Denpasar",1.5,paket_sedang,regular,2022-07-18,2022-07-22,2022-07-22,delivered,21000,TRK2207180001
SHP01001,CUS0110,RTE029,"Jl. Kebon Jeruk No. 276, Surabaya","Jl. Setiabudi No. 21, Manado",2.3,paket_sedang,regular,2022-11-18,2022-11-23,2022-11-23,delivered,39100,TRK2211180001
SHP01002,CUS0086,RTE023,"Jl. Diponegoro No. 49, Surabaya","Jl. Pahlawan No. 40, Denpasar",18.7,paket_kecil,express,2022-08-19,2022-08-20,2022-08-22,delivered,392700,TRK2208190003
SHP01003,CUS0552,RTE020,"Jl. Cendrawasih No. 279, Surabaya","Jl. Cendrawasih No. 275, Malang",25.0,paket_sedang,regular,2022-08-01,2022-08-02,2022-08-04,delivered,187500,TRK2208010002
SHP01004,CUS0113,RTE068,"Jl. Hayam Wuruk No. 135, Balikpapan","Jl. Kenanga No. 276, Banjarmasin",3.0,paket_kecil,regular,2022-10-01,2022-10-04,2022-10-06,delivered,28500,TRK2210010003
SHP01005,CUS0001,RTE006,"Jl. Imam Bonjol No. 91, Jakarta","Jl. Mangga No. 258, Surabaya",45.8,paket_sedang,express,2024-12-10,2024-12-12,2024-12-13,delivered,1053400,TRK2412100003
SHP01006,CUS0322,RTE067,"Jl. Hayam Wuruk No. 199, Balikpapan","Jl. Kebon Jeruk No. 206, Samarinda",14.2,paket_besar,same_day,2023-09-29,2023-09-29,2023-10-01,delivered,362100,TRK2309290001
SHP01007,CUS0122,RTE077,"Jl. Cendrawasih No. 67, Pontianak","Jl. Merdeka No. 152, Singkawang",33.0,paket_kecil,regular,2024-06-12,2024-06-14,2024-06-16,delivered,264000,TRK2406120001
SHP01008,CUS0184,RTE010,"Jl. Merdeka No. 94, Jakarta","Jl. Sudirman No. 157, Denpasar",34.5,dokumen,regular,2023-06-03,2023-06-07,2023-06-08,delivered,483000,TRK2306030002
SHP01009,CUS0116,RTE037,"Jl. Pajajaran No. 249, Bandung","Jl. Anggrek No. 291, Malang",38.6,paket_besar,regular,2022-07-04,2022-07-08,2022-07-09,delivered,463200,TRK2207040003
SHP01010,CUS0458,RTE020,"Jl. Setiabudi No. 209, Surabaya","Jl. Mangga No. 143, Malang",28.8,paket_sedang,express,2022-11-26,2022-11-27,,returned,460800,TRK2211260002
SHP01011,CUS0527,RTE026,"Jl. Asia Afrika No. 282, Surabaya","Jl. Sudirman No. 30, Solo",11.0,paket_sedang,regular,2022-02-12,2022-02-14,2022-02-16,delivered,93500,TRK2202120003
SHP01012,CUS0173,RTE001,"Jl. Thamrin No. 3, Jakarta","Jl. Gajah Mada No. 101, Bandung",37.4,paket_sedang,regular,2025-01-19,2025-01-21,2025-01-21,delivered,299200,TRK2501190003
SHP01013,CUS0099,RTE001,"Jl. Hayam Wuruk No. 24, Jakarta","Jl. Hayam Wuruk No. 92, Bandung",13.6,paket_besar,regular,2025-01-31,2025-02-02,2025-02-04,delivered,108800,TRK2501310002
SHP01014,CUS0364,RTE071,"Jl. Margonda No. 83, Pekanbaru","Jl. Cendrawasih No. 88, Padang",33.0,paket_sedang,express,2022-05-08,2022-05-09,2022-05-09,delivered,676500,TRK2205080001
SHP01015,CUS0408,RTE069,"Jl. Margonda No. 222, Balikpapan","Jl. Pahlawan No. 235, Pontianak",37.8,fragile,regular,2022-12-30,2023-01-03,2023-01-05,delivered,491400,TRK2212300001
SHP01016,CUS0212,RTE065,"Jl. Cempaka No. 198, Yogyakarta","Jl. Raya Bogor No. 105, Surabaya",10.8,paket_sedang,same_day,2022-06-20,2022-06-20,2022-06-21,delivered,275400,TRK2206200002
SHP01017,CUS0117,RTE070,"Jl. Setiabudi No. 207, Balikpapan","Jl. Pahlawan No. 204, Makassar",22.8,paket_kecil,express,2023-09-17,2023-09-19,,returned,615600,TRK2309170001
SHP01018,CUS0112,RTE001,"Jl. Gatot Subroto No. 98, Jakarta","Jl. Diponegoro No. 259, Bandung",39.6,paket_kecil,regular,2022-11-09,2022-11-11,,in_transit,316800,TRK2211090002
SHP01019,CUS0102,RTE070,"Jl. Anggrek No. 115, Balikpapan","Jl. Gajah Mada No. 96, Makassar",23.1,paket_sedang,regular,2024-12-18,2024-12-22,2024-12-23,delivered,265650,TRK2412180003
SHP01020,CUS0021,RTE052,"Jl. Melati No. 253, Makassar","Jl. Imam Bonjol No. 49, Manado",32.6,paket_sedang,express,2024-01-29,2024-02-01,2024-02-03,delivered,929100,TRK2401290002
SHP01021,CUS0172,RTE001,"Jl. Kebon Jeruk No. 276, Jakarta","Jl. Anggrek No. 52, Bandung",42.8,paket_besar,regular,2022-06-03,2022-06-05,2022-06-06,delivered,342400,TRK2206030004
SHP01022,CUS0479,RTE078,"Jl. Mawar No. 210, Pontianak","Jl. Asia Afrika No. 236, Balikpapan",45.9,paket_sedang,regular,2024-05-08,2024-05-12,,in_transit,596700,TRK2405080001
SHP01023,CUS0594,RTE069,"Jl. Kebon Jeruk No. 127, Balikpapan","Jl. Kenanga No. 154, Pontianak",17.6,paket_sedang,same_day,2022-02-04,2022-02-04,,in_transit,844800,TRK2202040002
SHP01024,CUS0155,RTE051,"Jl. Imam Bonjol No. 189, Medan","Jl. Margonda No. 205, Batam",26.7,paket_besar,express,2023-12-26,2023-12-28,2023-12-29,delivered,680850,TRK2312260001
SHP01025,CUS0097,RTE018,"Jl. Hayam Wuruk No. 230, Jakarta","Jl. Merdeka No. 158, Pontianak",30.9,paket_sedang,regular,2023-12-05,2023-12-09,2023-12-09,delivered,355350,TRK2312050001
SHP01026,CUS0280,RTE056,"Jl. Kebon Jeruk No. 5, Makassar","Jl. Setiabudi No. 228, Kendari",36.9,paket_besar,express,2022-02-16,2022-02-17,2022-02-17,delivered,701100,TRK2202160002
SHP01027,CUS0487,RTE019,"Jl. Setiabudi No. 211, Jakarta","Jl. Cendrawasih No. 156, Banjarmasin",3.2,paket_sedang,express,2024-03-22,2024-03-25,2024-03-26,delivered,94400,TRK2403220001
SHP01028,CUS0576,RTE001,"Jl. Kenanga No. 235, Jakarta","Jl. Pemuda No. 255, Bandung",12.8,paket_kecil,express,2023-08-06,2023-08-07,,returned,217600,TRK2308060001
SHP01029,CUS0416,RTE036,"Jl. Gatot Subroto No. 261, Bandung","Jl. Merdeka No. 259, Solo",42.4,paket_kecil,regular,2023-05-12,2023-05-15,2023-05-15,delivered,402800,TRK2305120003
SHP01030,CUS0470,RTE067,"Jl. Kebon Jeruk No. 176, Balikpapan","Jl. Merdeka No. 205, Samarinda",36.7,paket_sedang,express,2022-08-07,2022-08-08,,returned,623900,TRK2208070001
SHP01031,CUS0390,RTE038,"Jl. Setiabudi No. 300, Bandung","Jl. Kenanga No. 15, Cirebon",13.3,paket_kecil,express,2022-12-08,2022-12-09,2022-12-10,delivered,226100,TRK2212080003
SHP01032,CUS0528,RTE051,"Jl. Sudirman No. 168, Medan","Jl. Pahlawan No. 61, Batam",41.8,fragile,regular,2024-03-27,2024-03-31,2024-03-31,delivered,501600,TRK2403270002
SHP01033,CUS0470,RTE006,"Jl. Imam Bonjol No. 205, Jakarta","Jl. Pemuda No. 284, Surabaya",30.1,dokumen,express,2023-01-02,2023-01-04,2023-01-04,delivered,692300,TRK2301020001
SHP01034,CUS0259,RTE046,"Jl. Anggrek No. 54, Medan","Jl. Setiabudi No. 114, Padang",0.1,paket_besar,express,2023-01-25,2023-01-27,2023-01-30,delivered,2400,TRK2301250002
SHP01035,CUS0043,RTE043,"Jl. Melati No. 157, Semarang","Jl. Raya Bogor No. 277, Surabaya",27.6,paket_sedang,same_day,2024-08-28,2024-08-28,2024-08-28,delivered,745200,TRK2408280001
SHP01036,CUS0109,RTE071,"Jl. Gajah Mada No. 213, Pekanbaru","Jl. Veteran No. 8, Padang",7.6,fragile,regular,2022-01-27,2022-01-29,,in_transit,64600,TRK2201270001
SHP01037,CUS0049,RTE001,"Jl. Merdeka No. 24, Jakarta","Jl. Raya Bogor No. 177, Bandung",36.0,paket_besar,regular,2022-07-28,2022-07-30,2022-07-31,delivered,288000,TRK2207280003
SHP01038,CUS0365,RTE027,"Jl. Sudirman No. 184, Surabaya","Jl. Imam Bonjol No. 150, Medan",4.9,paket_kecil,express,2023-01-28,2023-01-31,2023-02-02,delivered,210700,TRK2301280001
SHP01039,CUS0555,RTE038,"Jl. Cendrawasih No. 230, Bandung","Jl. Mangga No. 27, Cirebon",25.2,paket_sedang,same_day,2022-02-09,2022-02-09,,in_transit,642600,TRK2202090001
SHP01040,CUS0122,RTE068,"Jl. Melati No. 83, Balikpapan","Jl. Cendrawasih No. 18, Banjarmasin",1.7,paket_sedang,regular,2024-05-25,2024-05-28,,returned,16150,TRK2405250001
SHP01041,CUS0382,RTE016,"Jl. Thamrin No. 119, Jakarta","Jl. Ahmad Yani No. 152, Manado",15.2,fragile,regular,2022-03-30,2022-04-06,2022-04-06,delivered,326800,TRK2203300002
SHP01042,CUS0281,RTE044,"Jl. Cendrawasih No. 287, Semarang","Jl. Imam Bonjol No. 192, Denpasar",8.3,fragile,regular,2022-10-18,2022-10-22,2022-10-24,delivered,95450,TRK2210180002
SHP01043,CUS0130,RTE015,"Jl. Hayam Wuruk No. 177, Jakarta","Jl. Cempaka No. 224, Makassar",43.6,paket_kecil,regular,2023-01-01,2023-01-06,2023-01-06,delivered,719400,TRK2301010002
SHP01044,CUS0186,RTE016,"Jl. Cempaka No. 5, Jakarta","Jl. Hayam Wuruk No. 121, Manado",10.9,paket_sedang,express,2023-08-27,2023-08-30,2023-08-30,delivered,572250,TRK2308270001
SHP01045,CUS0031,RTE034,"Jl. Melati No. 158, Bandung","Jl. Melati No. 200, Yogyakarta",15.2,paket_kecil,regular,2024-02-02,2024-02-05,2024-02-06,delivered,144400,TRK2402020002
SHP01046,CUS0448,RTE042,"Jl. Pahlawan No. 50, Semarang","Jl. Veteran No. 274, Malang",11.3,dokumen,regular,2022-10-08,2022-10-11,2022-10-11,delivered,107350,TRK2210080002
SHP01047,CUS0357,RTE028,"Jl. Asia Afrika No. 86, Surabaya","Jl. Margonda No. 29, Balikpapan",0.3,paket_kecil,regular,2023-01-14,2023-01-18,2023-01-21,delivered,3750,TRK2301140001
SHP01048,CUS0070,RTE061,"Jl. Veteran No. 74, Denpasar","Jl. Kebon Jeruk No. 238, Yogyakarta",24.8,paket_sedang,regular,2025-01-02,2025-01-05,2025-01-06,delivered,272800,TRK2501020001
SHP01049,CUS0253,RTE080,"Jl. Gajah Mada No. 285, Manado","Jl. Hayam Wuruk No. 165, Gorontalo",27.8,paket_kecil,express,2023-09-18,2023-09-20,2023-09-20,delivered,611600,TRK2309180003
SHP01050,CUS0355,RTE018,"Jl. Margonda No. 161, Jakarta","Jl. Asia Afrika No. 208, Pontianak",5.9,paket_sedang,express,2024-01-25,2024-01-28,2024-01-29,delivered,138650,TRK2401250001
SHP01051,CUS0460,RTE009,"Jl. Thamrin No. 173, Jakarta","Jl. Thamrin No. 271, Malang",42.6,dokumen,regular,2022-07-09,2022-07-13,2022-07-13,delivered,511200,TRK2207090001
SHP01052,CUS0466,RTE040,"Jl. Ahmad Yani No. 242, Semarang","Jl. Veteran No. 188, Yogyakarta",32.0,paket_kecil,regular,2023-09-02,2023-09-04,,returned,240000,TRK2309020001
SHP01053,CUS0449,RTE068,"Jl. Pajajaran No. 152, Balikpapan","Jl. Asia Afrika No. 237, Banjarmasin",6.0,paket_sedang,express,2024-07-29,2024-07-31,2024-07-31,delivered,129000,TRK2407290001
SHP01054,CUS0297,RTE078,"Jl. Merdeka No. 19, Pontianak","Jl. Hayam Wuruk No. 119, Balikpapan",24.5,paket_sedang,regular,2023-02-04,2023-02-08,,in_transit,318500,TRK2302040003
SHP01055,CUS0128,RTE068,"Jl. Merdeka No. 216, Balikpapan","Jl. Gatot Subroto No. 36, Banjarmasin",34.5,paket_kecil,express,2024-12-03,2024-12-05,,returned,741750,TRK2412030001
SHP01056,CUS0187,RTE055,"Jl. Thamrin No. 263, Makassar","Jl. Melati No. 260, Surabaya",26.8,paket_kecil,express,2022-05-20,2022-05-23,2022-05-23,delivered,723600,TRK2205200002
SHP01057,CUS0179,RTE062,"Jl. Kenanga No. 244, Yogyakarta","Jl. Merdeka No. 5, Solo",14.3,paket_sedang,regular,2023-10-10,2023-10-11,2023-10-12,delivered,107250,TRK2310100001
SHP01058,CUS0321,RTE024,"Jl. Asia Afrika No. 228, Surabaya","Jl. Margonda No. 157, Bandung",20.5,paket_besar,regular,2023-11-02,2023-11-06,2023-11-08,delivered,235750,TRK2311020002
SHP01059,CUS0495,RTE066,"Jl. Thamrin No. 52, Yogyakarta","Jl. Anggrek No. 290, Bandung",43.2,paket_kecil,express,2024-09-06,2024-09-07,2024-09-07,delivered,972000,TRK2409060001
SHP01060,CUS0286,RTE049,"Jl. Melati No. 45, Medan","Jl. Pajajaran No. 246, Banda Aceh",22.2,paket_kecil,regular,2024-03-25,2024-03-28,2024-03-29,delivered,233100,TRK2403250001
SHP01061,CUS0067,RTE040,"Jl. Veteran No. 108, Semarang","Jl. Imam Bonjol No. 70, Yogyakarta",29.4,paket_sedang,regular,2024-05-30,2024-06-01,2024-06-01,delivered,220500,TRK2405300002
SHP01062,CUS0350,RTE007,"Jl. Cempaka No. 295, Jakarta","Jl. Mangga No. 15, Yogyakarta",34.5,paket_kecil,express,2023-11-28,2023-11-30,2023-12-01,delivered,793500,TRK2311280001
SHP01063,CUS0592,RTE003,"Jl. Kenanga No. 120, Jakarta","Jl. Raya Bogor No. 175, Tangerang",8.3,paket_besar,express,2024-04-18,2024-04-19,2024-04-20,delivered,116200,TRK2404180001
SHP01064,CUS0298,RTE037,"Jl. Pahlawan No. 151, Bandung","Jl. Imam Bonjol No. 142, Malang",36.8,paket_sedang,express,2023-09-02,2023-09-04,2023-09-05,delivered,809600,TRK2309020002
SHP01065,CUS0469,RTE075,"Jl. Gajah Mada No. 225, Palembang","Jl. Pahlawan No. 288, Padang",45.6,paket_kecil,same_day,2024-10-01,2024-10-01,2024-10-01,delivered,1915200,TRK2410010002
SHP01066,CUS0585,RTE045,"Jl. Setiabudi No. 267, Semarang","Jl. Diponegoro No. 266, Medan",37.1,paket_besar,regular,2023-01-02,2023-01-08,,lost,742000,TRK2301020002
SHP01067,CUS0147,RTE010,"Jl. Mawar No. 299, Jakarta","Jl. Mawar No. 276, Denpasar",30.5,paket_besar,express,2022-06-01,2022-06-04,2022-06-06,delivered,1006500,TRK2206010003
SHP01068,CUS0307,RTE068,"Jl. Kenanga No. 97, Balikpapan","Jl. Kebon Jeruk No. 232, Banjarmasin",44.9,paket_sedang,regular,2024-12-19,2024-12-22,2024-12-22,delivered,426550,TRK2412190002
SHP01069,CUS0269,RTE043,"Jl. Asia Afrika No. 137, Semarang","Jl. Merdeka No. 218, Surabaya",24.9,paket_besar,express,2024-03-12,2024-03-13,2024-03-18,delivered,448200,TRK2403120001
SHP01070,CUS0108,RTE011,"Jl. Pahlawan No. 112, Jakarta","Jl. Kebon Jeruk No. 16, Medan",10.6,paket_sedang,same_day,2024-06-08,2024-06-08,2024-06-10,delivered,596250,TRK2406080004
SHP01071,CUS0117,RTE011,"Jl. Mangga No. 126, Jakarta","Jl. Cempaka No. 252, Medan",41.7,dokumen,regular,2022-01-24,2022-01-29,,in_transit,750600,TRK2201240002
SHP01072,CUS0024,RTE080,"Jl. Raya Bogor No. 294, Manado","Jl. Kebon Jeruk No. 86, Gorontalo",41.7,paket_sedang,express,2022-04-07,2022-04-09,2022-04-09,delivered,917400,TRK2204070003
SHP01073,CUS0152,RTE072,"Jl. Cendrawasih No. 217, Pekanbaru","Jl. Mangga No. 107, Palembang",11.1,paket_besar,regular,2023-10-04,2023-10-08,2023-10-10,delivered,127650,TRK2310040002
SHP01074,CUS0552,RTE003,"Jl. Setiabudi No. 238, Jakarta","Jl. Pajajaran No. 7, Tangerang",38.5,paket_sedang,regular,2022-09-17,2022-09-18,2022-09-19,delivered,269500,TRK2209170004
SHP01075,CUS0021,RTE016,"Jl. Asia Afrika No. 295, Jakarta","Jl. Veteran No. 300, Manado",4.1,paket_kecil,express,2022-09-15,2022-09-18,2022-09-21,delivered,215250,TRK2209150002
SHP01076,CUS0486,RTE040,"Jl. Diponegoro No. 162, Semarang","Jl. Gajah Mada No. 63, Yogyakarta",12.2,paket_sedang,express,2022-05-01,2022-05-02,2022-05-03,delivered,195200,TRK2205010003
SHP01077,CUS0336,RTE069,"Jl. Asia Afrika No. 258, Balikpapan","Jl. Margonda No. 63, Pontianak",2.2,paket_kecil,regular,2023-09-06,2023-09-10,2023-09-10,delivered,28600,TRK2309060001
SHP01078,CUS0473,RTE027,"Jl. Imam Bonjol No. 36, Surabaya","Jl. Hayam Wuruk No. 272, Medan",24.9,paket_kecil,regular,2022-10-14,2022-10-20,2022-10-23,delivered,522900,TRK2210140001
SHP01079,CUS0081,RTE028,"Jl. Margonda No. 179, Surabaya","Jl. Anggrek No. 206, Balikpapan",28.5,paket_kecil,regular,2022-05-04,2022-05-08,2022-05-10,delivered,356250,TRK2205040002
SHP01080,CUS0342,RTE070,"Jl. Hayam Wuruk No. 221, Balikpapan","Jl. Gatot Subroto No. 188, Makassar",31.7,paket_kecil,express,2023-05-20,2023-05-22,2023-05-22,delivered,855900,TRK2305200002
SHP01081,CUS0343,RTE050,"Jl. Imam Bonjol No. 123, Medan","Jl. Mangga No. 250, Jakarta",28.4,paket_kecil,regular,2022-07-27,2022-08-01,2022-08-01,delivered,511200,TRK2207270002
SHP01082,CUS0253,RTE051,"Jl. Raya Bogor No. 22, Medan","Jl. Raya Bogor No. 69, Batam",41.9,fragile,express,2024-09-22,2024-09-24,2024-09-24,delivered,1068450,TRK2409220003
SHP01083,CUS0029,RTE021,"Jl. Kenanga No. 216, Surabaya","Jl. Setiabudi No. 194, Yogyakarta",20.6,paket_kecil,regular,2023-08-28,2023-08-31,,in_transit,185400,TRK2308280003
SHP01084,CUS0182,RTE067,"Jl. Gatot Subroto No. 194, Balikpapan","Jl. Ahmad Yani No. 132, Samarinda",3.5,paket_besar,regular,2022-06-06,2022-06-08,2022-06-07,delivered,26250,TRK2206060002
SHP01085,CUS0108,RTE080,"Jl. Margonda No. 237, Manado","Jl. Hayam Wuruk No. 105, Gorontalo",16.8,paket_besar,express,2023-09-06,2023-09-08,2023-09-08,delivered,369600,TRK2309060002
SHP01086,CUS0272,RTE006,"Jl. Gajah Mada No. 64, Jakarta","Jl. Thamrin No. 97, Surabaya",33.5,paket_sedang,regular,2024-10-01,2024-10-05,2024-10-10,delivered,385250,TRK2410010003
SHP01087,CUS0009,RTE034,"Jl. Diponegoro No. 250, Bandung","Jl. Cendrawasih No. 107, Yogyakarta",21.2,fragile,express,2022-07-29,2022-07-30,,in_transit,477000,TRK2207290002
SHP01088,CUS0270,RTE034,"Jl. Raya Bogor No. 139, Bandung","Jl. Mawar No. 60, Yogyakarta",26.5,paket_sedang,express,2023-10-12,2023-10-13,,returned,596250,TRK2310120002
SHP01089,CUS0217,RTE003,"Jl. Mangga No. 211, Jakarta","Jl. Mangga No. 23, Tangerang",21.0,paket_sedang,express,2022-01-08,2022-01-09,2022-01-10,delivered,294000,TRK2201080001
SHP01090,CUS0178,RTE065,"Jl. Kenanga No. 143, Yogyakarta","Jl. Cempaka No. 261, Surabaya",22.8,paket_kecil,regular,2023-12-20,2023-12-23,2023-12-23,delivered,205200,TRK2312200003
SHP01091,CUS0243,RTE043,"Jl. Kenanga No. 233, Semarang","Jl. Diponegoro No. 252, Surabaya",6.3,paket_kecil,regular,2022-02-13,2022-02-16,2022-02-17,delivered,56700,TRK2202130003
SHP01092,CUS0436,RTE071,"Jl. Kenanga No. 62, Pekanbaru","Jl. Asia Afrika No. 197, Padang",42.0,paket_besar,same_day,2022-03-13,2022-03-13,2022-03-13,delivered,1291500,TRK2203130002
SHP01093,CUS0214,RTE076,"Jl. Anggrek No. 268, Palembang","Jl. Gatot Subroto No. 260, Jakarta",24.7,paket_sedang,regular,2024-01-06,2024-01-09,2024-01-14,delivered,234650,TRK2401060001
SHP01094,CUS0228,RTE030,"Jl. Merdeka No. 208, Surabaya","Jl. Pemuda No. 244, Palembang",22.5,paket_besar,regular,2023-04-22,2023-04-27,2023-04-29,delivered,315000,TRK2304220002
SHP01095,CUS0013,RTE080,"Jl. Asia Afrika No. 179, Manado","Jl. Merdeka No. 263, Gorontalo",41.3,paket_besar,regular,2023-01-17,2023-01-20,2023-01-21,delivered,392350,TRK2301170002
SHP01096,CUS0406,RTE018,"Jl. Gajah Mada No. 136, Jakarta","Jl. Pahlawan No. 21, Pontianak",46.2,dokumen,regular,2023-04-22,2023-04-26,2023-04-29,delivered,531300,TRK2304220003
SHP01097,CUS0036,RTE046,"Jl. Mawar No. 237, Medan","Jl. Diponegoro No. 4, Padang",13.5,paket_kecil,regular,2022-04-26,2022-04-29,2022-05-01,delivered,148500,TRK2204260001
SHP01098,CUS0507,RTE076,"Jl. Margonda No. 140, Palembang","Jl. Asia Afrika No. 290, Jakarta",10.8,paket_kecil,same_day,2023-05-07,2023-05-07,2023-05-09,delivered,299700,TRK2305070001
SHP01099,CUS0078,RTE008,"Jl. Cempaka No. 248, Jakarta","Jl. Margonda No. 159, Solo",5.0,paket_sedang,regular,2022-10-23,2022-10-26,,returned,52500,TRK2210230001
SHP01100,CUS0284,RTE070,"Jl. Mawar No. 15, Balikpapan","Jl. Mangga No. 286, Makassar",23.8,paket_besar,regular,2024-04-13,2024-04-17,2024-04-17,delivered,273700,TRK2404130002
SHP01101,CUS0182,RTE048,"Jl. Gatot Subroto No. 254, Medan","Jl. Pemuda No. 74, Palembang",9.4,dokumen,express,2023-03-15,2023-03-18,2023-03-18,delivered,282000,TRK2303150002
SHP01102,CUS0103,RTE014,"Jl. Kenanga No. 27, Jakarta","Jl. Thamrin No. 99, Pekanbaru",15.3,paket_sedang,regular,2024-02-21,2024-02-26,,lost,214200,TRK2402210001
SHP01103,CUS0221,RTE007,"Jl. Melati No. 7, Jakarta","Jl. Diponegoro No. 280, Yogyakarta",20.0,paket_sedang,regular,2022-04-25,2022-04-28,2022-05-01,delivered,210000,TRK2204250001
SHP01104,CUS0156,RTE005,"Jl. Thamrin No. 172, Jakarta","Jl. Setiabudi No. 122, Semarang",19.6,paket_besar,same_day,2022-10-05,2022-10-05,2022-10-05,delivered,646800,TRK2210050002
SHP01105,CUS0370,RTE026,"Jl. Cendrawasih No. 279, Surabaya","Jl. Mangga No. 16, Solo",0.6,paket_sedang,express,2023-10-04,2023-10-05,2023-10-04,delivered,12000,TRK2310040003
SHP01106,CUS0099,RTE064,"Jl. Veteran No. 70, Yogyakarta","Jl. Hayam Wuruk No. 289, Semarang",48.3,dokumen,regular,2023-03-19,2023-03-21,2023-03-22,delivered,362250,TRK2303190002
SHP01107,CUS0092,RTE025,"Jl. Setiabudi No. 18, Surabaya","Jl. Kebon Jeruk No. 232, Makassar",8.7,dokumen,regular,2025-01-12,2025-01-16,2025-01-18,delivered,104400,TRK2501120001
SHP01108,CUS0580,RTE006,"Jl. Pajajaran No. 261, Jakarta","Jl. Melati No. 39, Surabaya",32.8,paket_sedang,regular,2022-09-03,2022-09-07,2022-09-06,delivered,377200,TRK2209030003
SHP01109,CUS0260,RTE041,"Jl. Margonda No. 144, Semarang","Jl. Pajajaran No. 209, Solo",39.6,fragile,regular,2022-12-09,2022-12-11,,in_transit,297000,TRK2212090001
SHP01110,CUS0561,RTE009,"Jl. Melati No. 4, Jakarta","Jl. Mawar No. 132, Malang",15.4,paket_sedang,regular,2023-04-07,2023-04-11,2023-04-13,delivered,184800,TRK2304070001
SHP01111,CUS0301,RTE017,"Jl. Pahlawan No. 185, Jakarta","Jl. Diponegoro No. 48, Balikpapan",32.4,dokumen,regular,2023-01-06,2023-01-11,,in_transit,486000,TRK2301060002
SHP01112,CUS0220,RTE076,"Jl. Ahmad Yani No. 43, Palembang","Jl. Diponegoro No. 9, Jakarta",29.2,paket_kecil,regular,2024-08-29,2024-09-01,2024-09-04,delivered,277400,TRK2408290003
SHP01113,CUS0385,RTE079,"Jl. Sudirman No. 107, Pontianak","Jl. Raya Bogor No. 94, Jakarta",21.1,paket_sedang,regular,2022-07-13,2022-07-17,2022-07-17,delivered,242650,TRK2207130002
SHP01114,CUS0134,RTE061,"Jl. Cendrawasih No. 41, Denpasar","Jl. Kebon Jeruk No. 239, Yogyakarta",30.2,paket_kecil,express,2022-02-19,2022-02-21,2022-02-26,delivered,649300,TRK2202190003
SHP01115,CUS0138,RTE035,"Jl. Gajah Mada No. 184, Bandung","Jl. Mangga No. 277, Surabaya",17.6,paket_kecil,regular,2022-08-05,2022-08-09,,returned,202400,TRK2208050001
SHP01116,CUS0109,RTE074,"Jl. Raya Bogor No. 57, Palembang","Jl. Hayam Wuruk No. 275, Lampung",29.1,paket_besar,regular,2024-05-30,2024-06-02,2024-06-03,delivered,276450,TRK2405300003
SHP01117,CUS0415,RTE037,"Jl. Pajajaran No. 275, Bandung","Jl. Cendrawasih No. 131, Malang",24.0,paket_sedang,express,2024-05-12,2024-05-14,2024-05-14,delivered,528000,TRK2405120001
SHP01118,CUS0475,RTE049,"Jl. Thamrin No. 5, Medan","Jl. Anggrek No. 270, Banda Aceh",13.5,paket_sedang,regular,2024-11-12,2024-11-15,2024-11-17,delivered,141750,TRK2411120001
SHP01119,CUS0449,RTE072,"Jl. Gatot Subroto No. 290, Pekanbaru","Jl. Asia Afrika No. 293, Palembang",1.7,paket_kecil,express,2022-09-25,2022-09-28,2022-09-28,delivered,39100,TRK2209250003
SHP01120,CUS0308,RTE006,"Jl. Thamrin No. 207, Jakarta","Jl. Mangga No. 271, Surabaya",46.7,paket_besar,regular,2024-03-15,2024-03-19,2024-03-20,delivered,537050,TRK2403150004
SHP01121,CUS0131,RTE026,"Jl. Hayam Wuruk No. 118, Surabaya","Jl. Ahmad Yani No. 277, Solo",13.5,paket_sedang,regular,2022-03-22,2022-03-24,,returned,114750,TRK2203220004
SHP01122,CUS0517,RTE021,"Jl. Asia Afrika No. 115, Surabaya","Jl. Mangga No. 271, Yogyakarta",20.6,paket_kecil,regular,2022-10-31,2022-11-03,2022-11-05,delivered,185400,TRK2210310002
SHP01123,CUS0010,RTE022,"Jl. Gatot Subroto No. 86, Surabaya","Jl. Merdeka No. 252, Semarang",34.3,paket_besar,regular,2024-01-06,2024-01-09,,in_transit,308700,TRK2401060002
SHP01124,CUS0337,RTE001,"Jl. Merdeka No. 112, Jakarta","Jl. Sudirman No. 32, Bandung",1.1,paket_sedang,regular,2023-05-25,2023-05-27,2023-05-29,delivered,8800,TRK2305250004
SHP01125,CUS0413,RTE059,"Jl. Veteran No. 57, Denpasar","Jl. Cempaka No. 3, Lombok",0.3,paket_sedang,same_day,2022-07-04,2022-07-04,,in_transit,7425,TRK2207040004
SHP01126,CUS0125,RTE033,"Jl. Asia Afrika No. 208, Bandung","Jl. Sudirman No. 12, Semarang",29.0,paket_besar,regular,2024-02-27,2024-03-01,2024-03-02,delivered,275500,TRK2402270001
SHP01127,CUS0156,RTE031,"Jl. Diponegoro No. 254, Surabaya","Jl. Merdeka No. 234, Pekanbaru",37.1,paket_sedang,express,2024-07-30,2024-08-02,2024-08-04,delivered,1502550,TRK2407300001
SHP01128,CUS0046,RTE050,"Jl. Sudirman No. 278, Medan","Jl. Pajajaran No. 173, Jakarta",15.1,fragile,regular,2025-01-26,2025-01-31,2025-01-31,delivered,271800,TRK2501260001
SHP01129,CUS0265,RTE050,"Jl. Veteran No. 21, Medan","Jl. Thamrin No. 12, Jakarta",46.1,paket_besar,express,2024-11-20,2024-11-23,2024-11-23,delivered,1797900,TRK2411200001
SHP01130,CUS0225,RTE032,"Jl. Cendrawasih No. 61, Bandung","Jl. Asia Afrika No. 126, Bogor",47.7,dokumen,regular,2024-12-07,2024-12-09,2024-12-12,delivered,381600,TRK2412070002
SHP01131,CUS0326,RTE012,"Jl. Raya Bogor No. 285, Jakarta","Jl. Kebon Jeruk No. 190, Palembang",34.7,paket_kecil,regular,2023-09-25,2023-09-28,2023-09-28,delivered,329650,TRK2309250001
SHP01132,CUS0019,RTE025,"Jl. Kebon Jeruk No. 134, Surabaya","Jl. Raya Bogor No. 7, Makassar",3.5,paket_kecil,same_day,2023-05-05,2023-05-05,2023-05-05,delivered,128625,TRK2305050001
SHP01133,CUS0421,RTE004,"Jl. Mawar No. 165, Jakarta","Jl. Imam Bonjol No. 295, Bekasi",30.4,paket_kecil,express,2023-07-14,2023-07-15,2023-07-18,delivered,471200,TRK2307140002
SHP01134,CUS0443,RTE057,"Jl. Diponegoro No. 28, Denpasar","Jl. Asia Afrika No. 30, Mataram",27.6,paket_kecil,express,2022-02-02,2022-02-03,,lost,496800,TRK2202020002
SHP01135,CUS0143,RTE070,"Jl. Gatot Subroto No. 260, Balikpapan","Jl. Diponegoro No. 71, Makassar",32.7,paket_sedang,express,2023-08-15,2023-08-17,2023-08-22,delivered,882900,TRK2308150002
SHP01136,CUS0153,RTE051,"Jl. Diponegoro No. 18, Medan","Jl. Anggrek No. 178, Batam",25.1,dokumen,regular,2023-10-28,2023-11-01,2023-11-04,delivered,301200,TRK2310280001
SHP01137,CUS0479,RTE030,"Jl. Gajah Mada No. 99, Surabaya","Jl. Cendrawasih No. 160, Palembang",8.1,fragile,regular,2024-07-19,2024-07-24,2024-07-23,delivered,113400,TRK2407190002
SHP01138,CUS0302,RTE012,"Jl. Pahlawan No. 49, Jakarta","Jl. Setiabudi No. 287, Palembang",47.5,paket_sedang,regular,2022-08-08,2022-08-11,,returned,451250,TRK2208080003
SHP01139,CUS0563,RTE015,"Jl. Raya Bogor No. 215, Jakarta","Jl. Gatot Subroto No. 91, Makassar",39.3,fragile,regular,2022-02-06,2022-02-11,,in_transit,648450,TRK2202060003
SHP01140,CUS0294,RTE051,"Jl. Asia Afrika No. 17, Medan","Jl. Thamrin No. 238, Batam",30.1,paket_kecil,regular,2024-05-23,2024-05-27,,in_transit,361200,TRK2405230002
SHP01141,CUS0419,RTE004,"Jl. Thamrin No. 44, Jakarta","Jl. Diponegoro No. 288, Bekasi",12.2,paket_kecil,regular,2022-03-02,2022-03-03,2022-03-03,delivered,85400,TRK2203020002
SHP01142,CUS0180,RTE026,"Jl. Diponegoro No. 291, Surabaya","Jl. Pajajaran No. 219, Solo",3.5,dokumen,regular,2023-06-26,2023-06-28,2023-07-01,delivered,29750,TRK2306260003
SHP01143,CUS0384,RTE002,"Jl. Melati No. 220, Jakarta","Jl. Cendrawasih No. 167, Bogor",11.3,paket_besar,same_day,2023-06-14,2023-06-14,2023-06-14,delivered,271200,TRK2306140002
SHP01144,CUS0048,RTE040,"Jl. Kebon Jeruk No. 91, Semarang","Jl. Diponegoro No. 226, Yogyakarta",21.0,paket_kecil,express,2023-09-07,2023-09-08,2023-09-08,delivered,336000,TRK2309070005
SHP01145,CUS0026,RTE014,"Jl. Cempaka No. 46, Jakarta","Jl. Hayam Wuruk No. 122, Pekanbaru",0.4,paket_sedang,same_day,2023-02-24,2023-02-24,2023-03-01,delivered,18900,TRK2302240002
SHP01146,CUS0317,RTE063,"Jl. Diponegoro No. 133, Yogyakarta","Jl. Veteran No. 180, Malang",28.0,paket_sedang,express,2024-04-19,2024-04-20,2024-04-21,delivered,560000,TRK2404190001
SHP01147,CUS0168,RTE041,"Jl. Setiabudi No. 52, Semarang","Jl. Pajajaran No. 65, Solo",41.3,paket_sedang,regular,2024-03-18,2024-03-20,2024-03-21,delivered,309750,TRK2403180001
SHP01148,CUS0004,RTE066,"Jl. Imam Bonjol No. 215, Yogyakarta","Jl. Margonda No. 199, Bandung",46.8,fragile,regular,2022-11-09,2022-11-12,2022-11-15,delivered,444600,TRK2211090003
SHP01149,CUS0283,RTE010,"Jl. Cempaka No. 227, Jakarta","Jl. Cendrawasih No. 280, Denpasar",22.2,paket_besar,regular,2023-08-24,2023-08-28,,in_transit,310800,TRK2308240001
SHP01150,CUS0485,RTE060,"Jl. Gatot Subroto No. 82, Denpasar","Jl. Mangga No. 31, Makassar",32.0,paket_kecil,regular,2024-04-25,2024-04-29,,in_transit,368000,TRK2404250002
SHP01151,CUS0112,RTE066,"Jl. Pemuda No. 257, Yogyakarta","Jl. Mangga No. 248, Bandung",49.7,fragile,regular,2023-04-27,2023-04-30,2023-04-30,delivered,472150,TRK2304270002
SHP01152,CUS0279,RTE027,"Jl. Pemuda No. 28, Surabaya","Jl. Pemuda No. 215, Medan",43.9,paket_besar,express,2022-11-09,2022-11-12,,in_transit,1887700,TRK2211090004
SHP01153,CUS0114,RTE020,"Jl. Gatot Subroto No. 173, Surabaya","Jl. Kebon Jeruk No. 222, Malang",42.2,paket_sedang,same_day,2023-12-31,2023-12-31,2023-12-31,delivered,1012800,TRK2312310001
SHP01154,CUS0263,RTE074,"Jl. Pahlawan No. 9, Palembang","Jl. Imam Bonjol No. 142, Lampung",40.1,paket_sedang,regular,2022-09-11,2022-09-14,2022-09-14,delivered,380950,TRK2209110002
SHP01155,CUS0505,RTE026,"Jl. Kenanga No. 282, Surabaya","Jl. Gatot Subroto No. 272, Solo",7.4,paket_kecil,express,2024-05-28,2024-05-29,2024-05-29,delivered,148000,TRK2405280002
SHP01156,CUS0231,RTE044,"Jl. Raya Bogor No. 148, Semarang","Jl. Anggrek No. 258, Denpasar",40.3,paket_besar,express,2024-11-24,2024-11-26,2024-11-26,delivered,1047800,TRK2411240001
SHP01157,CUS0430,RTE069,"Jl. Sudirman No. 208, Balikpapan","Jl. Imam Bonjol No. 133, Pontianak",43.3,dokumen,regular,2022-07-26,2022-07-30,,in_transit,562900,TRK2207260002
SHP01158,CUS0045,RTE024,"Jl. Gatot Subroto No. 83, Surabaya","Jl. Gajah Mada No. 160, Bandung",9.9,paket_besar,regular,2023-01-17,2023-01-21,2023-01-21,delivered,113850,TRK2301170003
SHP01159,CUS0031,RTE016,"Jl. Margonda No. 206, Jakarta","Jl. Thamrin No. 160, Manado",30.6,fragile,regular,2022-01-09,2022-01-16,,lost,657900,TRK2201090001
SHP01160,CUS0246,RTE064,"Jl. Diponegoro No. 52, Yogyakarta","Jl. Margonda No. 259, Semarang",19.3,fragile,regular,2022-12-01,2022-12-03,,in_transit,144750,TRK2212010001
SHP01161,CUS0064,RTE026,"Jl. Asia Afrika No. 229, Surabaya","Jl. Kenanga No. 26, Solo",4.1,paket_besar,regular,2022-01-28,2022-01-30,,in_transit,34850,TRK2201280004
SHP01162,CUS0215,RTE039,"Jl. Melati No. 60, Bandung","Jl. Veteran No. 55, Denpasar",37.5,paket_sedang,regular,2024-08-13,2024-08-17,2024-08-19,delivered,506250,TRK2408130002
SHP01163,CUS0569,RTE054,"Jl. Thamrin No. 54, Makassar","Jl. Kebon Jeruk No. 199, Balikpapan",44.2,paket_kecil,regular,2022-04-15,2022-04-19,,returned,508300,TRK2204150001
SHP01164,CUS0520,RTE034,"Jl. Asia Afrika No. 298, Bandung","Jl. Kebon Jeruk No. 146, Yogyakarta",42.3,paket_sedang,express,2023-11-05,2023-11-06,2023-11-09,delivered,951750,TRK2311050001
SHP01165,CUS0010,RTE016,"Jl. Gatot Subroto No. 106, Jakarta","Jl. Mawar No. 175, Manado",11.3,paket_sedang,same_day,2022-09-02,2022-09-02,2022-09-02,delivered,889875,TRK2209020002
SHP01166,CUS0171,RTE072,"Jl. Anggrek No. 228, Pekanbaru","Jl. Anggrek No. 2, Palembang",23.6,paket_besar,express,2022-04-26,2022-04-29,2022-05-01,delivered,542800,TRK2204260002
SHP01167,CUS0480,RTE015,"Jl. Cendrawasih No. 55, Jakarta","Jl. Cendrawasih No. 15, Makassar",27.7,paket_sedang,same_day,2024-08-20,2024-08-20,2024-08-25,delivered,1350375,TRK2408200005
SHP01168,CUS0159,RTE017,"Jl. Merdeka No. 197, Jakarta","Jl. Ahmad Yani No. 247, Balikpapan",24.6,paket_kecil,regular,2024-09-20,2024-09-25,2024-09-25,delivered,369000,TRK2409200001
SHP01169,CUS0233,RTE006,"Jl. Mawar No. 215, Jakarta","Jl. Kenanga No. 55, Surabaya",45.0,dokumen,regular,2025-01-25,2025-01-29,2025-01-28,delivered,517500,TRK2501250003
SHP01170,CUS0563,RTE047,"Jl. Gajah Mada No. 239, Medan","Jl. Anggrek No. 17, Pekanbaru",0.8,paket_sedang,express,2023-08-24,2023-08-26,,in_transit,17200,TRK2308240002
SHP01171,CUS0199,RTE018,"Jl. Merdeka No. 203, Jakarta","Jl. Pahlawan No. 84, Pontianak",48.5,paket_kecil,express,2022-03-19,2022-03-22,2022-03-24,delivered,1139750,TRK2203190003
SHP01172,CUS0394,RTE078,"Jl. Raya Bogor No. 196, Pontianak","Jl. Kenanga No. 181, Balikpapan",42.4,paket_kecil,express,2024-08-24,2024-08-26,2024-08-25,delivered,1187200,TRK2408240003
SHP01173,CUS0454,RTE046,"Jl. Gatot Subroto No. 224, Medan","Jl. Cempaka No. 61, Padang",12.4,paket_besar,regular,2022-10-18,2022-10-21,2022-10-21,delivered,136400,TRK2210180003
SHP01174,CUS0057,RTE015,"Jl. Cendrawasih No. 153, Jakarta","Jl. Diponegoro No. 199, Makassar",3.7,paket_sedang,regular,2023-03-22,2023-03-27,2023-03-27,delivered,61050,TRK2303220001
SHP01175,CUS0048,RTE067,"Jl. Setiabudi No. 133, Balikpapan","Jl. Pahlawan No. 145, Samarinda",42.4,paket_besar,express,2022-08-19,2022-08-20,2022-08-21,delivered,720800,TRK2208190004
SHP01176,CUS0228,RTE074,"Jl. Diponegoro No. 148, Palembang","Jl. Kenanga No. 150, Lampung",25.2,paket_kecil,regular,2023-09-10,2023-09-13,2023-09-16,delivered,239400,TRK2309100001
SHP01177,CUS0436,RTE077,"Jl. Gatot Subroto No. 8, Pontianak","Jl. Hayam Wuruk No. 118, Singkawang",2.4,paket_kecil,regular,2024-02-12,2024-02-14,2024-02-15,delivered,19200,TRK2402120003
SHP01178,CUS0374,RTE071,"Jl. Imam Bonjol No. 149, Pekanbaru","Jl. Imam Bonjol No. 126, Padang",11.6,paket_besar,express,2023-11-07,2023-11-08,2023-11-08,delivered,237800,TRK2311070002
SHP01179,CUS0564,RTE012,"Jl. Gatot Subroto No. 2, Jakarta","Jl. Hayam Wuruk No. 9, Palembang",41.0,paket_besar,regular,2024-10-18,2024-10-21,,lost,389500,TRK2410180001
SHP01180,CUS0431,RTE034,"Jl. Setiabudi No. 80, Bandung","Jl. Melati No. 259, Yogyakarta",41.0,paket_sedang,regular,2022-09-08,2022-09-11,2022-09-11,delivered,389500,TRK2209080003
SHP01181,CUS0253,RTE071,"Jl. Hayam Wuruk No. 165, Pekanbaru","Jl. Pajajaran No. 57, Padang",6.9,paket_besar,regular,2024-10-06,2024-10-08,2024-10-08,delivered,58650,TRK2410060002
SHP01182,CUS0101,RTE018,"Jl. Veteran No. 191, Jakarta","Jl. Setiabudi No. 289, Pontianak",24.9,dokumen,regular,2023-06-16,2023-06-20,2023-06-20,delivered,286350,TRK2306160002
SHP01183,CUS0047,RTE077,"Jl. Mawar No. 83, Pontianak","Jl. Veteran No. 197, Singkawang",1.0,paket_kecil,regular,2024-06-10,2024-06-12,,in_transit,8000,TRK2406100003
SHP01184,CUS0379,RTE036,"Jl. Cendrawasih No. 237, Bandung","Jl. Mawar No. 73, Solo",1.9,dokumen,regular,2022-02-25,2022-02-28,2022-03-01,delivered,18050,TRK2202250002
SHP01185,CUS0063,RTE065,"Jl. Mawar No. 63, Yogyakarta","Jl. Gajah Mada No. 197, Surabaya",40.3,paket_besar,express,2024-12-24,2024-12-25,,returned,685100,TRK2412240001
SHP01186,CUS0236,RTE062,"Jl. Raya Bogor No. 32, Yogyakarta","Jl. Merdeka No. 51, Solo",24.4,paket_kecil,regular,2024-12-21,2024-12-22,2024-12-21,delivered,183000,TRK2412210001
SHP01187,CUS0191,RTE057,"Jl. Pemuda No. 38, Denpasar","Jl. Pemuda No. 258, Mataram",42.3,paket_besar,express,2023-01-06,2023-01-07,2023-01-07,delivered,761400,TRK2301060003
SHP01188,CUS0166,RTE073,"Jl. Pahlawan No. 171, Pekanbaru","Jl. Ahmad Yani No. 202, Medan",34.3,paket_sedang,regular,2024-07-12,2024-07-15,2024-07-15,delivered,325850,TRK2407120002
SHP01189,CUS0529,RTE039,"Jl. Thamrin No. 230, Bandung","Jl. Cendrawasih No. 220, Denpasar",12.6,dokumen,express,2024-02-12,2024-02-14,2024-02-15,delivered,403200,TRK2402120004
SHP01190,CUS0148,RTE062,"Jl. Gatot Subroto No. 106, Yogyakarta","Jl. Hayam Wuruk No. 107, Solo",36.4,fragile,regular,2024-09-01,2024-09-02,,in_transit,273000,TRK2409010001
SHP01191,CUS0428,RTE018,"Jl. Gajah Mada No. 65, Jakarta","Jl. Merdeka No. 271, Pontianak",21.6,paket_sedang,express,2022-04-17,2022-04-20,2022-04-20,delivered,507600,TRK2204170002
SHP01192,CUS0031,RTE034,"Jl. Anggrek No. 268, Bandung","Jl. Imam Bonjol No. 120, Yogyakarta",8.9,paket_sedang,same_day,2024-01-29,2024-01-29,2024-01-31,delivered,300375,TRK2401290003
SHP01193,CUS0266,RTE001,"Jl. Gajah Mada No. 14, Jakarta","Jl. Raya Bogor No. 269, Bandung",47.2,paket_sedang,regular,2024-08-29,2024-08-31,,in_transit,377600,TRK2408290004
SHP01194,CUS0205,RTE074,"Jl. Cendrawasih No. 43, Palembang","Jl. Hayam Wuruk No. 231, Lampung",21.5,paket_kecil,regular,2023-10-06,2023-10-09,2023-10-09,delivered,204250,TRK2310060002
SHP01195,CUS0330,RTE053,"Jl. Mawar No. 30, Makassar","Jl. Pajajaran No. 243, Denpasar",25.1,paket_besar,express,2023-11-26,2023-11-28,2023-11-28,delivered,690250,TRK2311260002
SHP01196,CUS0163,RTE056,"Jl. Gatot Subroto No. 15, Makassar","Jl. Veteran No. 270, Kendari",13.1,paket_besar,express,2023-03-07,2023-03-08,2023-03-11,delivered,248900,TRK2303070002
SHP01197,CUS0134,RTE059,"Jl. Pajajaran No. 106, Denpasar","Jl. Pahlawan No. 31, Lombok",35.3,paket_kecil,express,2022-10-29,2022-10-30,2022-10-31,delivered,582450,TRK2210290001
SHP01198,CUS0109,RTE010,"Jl. Mawar No. 190, Jakarta","Jl. Kebon Jeruk No. 251, Denpasar",21.4,paket_kecil,express,2022-08-07,2022-08-10,2022-08-10,delivered,706200,TRK2208070002
SHP01199,CUS0059,RTE038,"Jl. Pahlawan No. 279, Bandung","Jl. Gajah Mada No. 59, Cirebon",14.5,paket_besar,regular,2023-04-22,2023-04-24,,in_transit,116000,TRK2304220004
SHP01200,CUS0034,RTE048,"Jl. Pahlawan No. 54, Medan","Jl. Cendrawasih No. 297, Palembang",0.5,paket_sedang,regular,2023-01-19,2023-01-24,,returned,7500,TRK2301190001
SHP01201,CUS0031,RTE024,"Jl. Pajajaran No. 212, Surabaya","Jl. Mangga No. 282, Bandung",0.8,fragile,regular,2023-01-13,2023-01-17,2023-01-18,delivered,9200,TRK2301130002
SHP01202,CUS0276,RTE064,"Jl. Gatot Subroto No. 32, Yogyakarta","Jl. Cendrawasih No. 280, Semarang",1.4,dokumen,regular,2022-02-09,2022-02-11,2022-02-14,delivered,10500,TRK2202090002
SHP01203,CUS0083,RTE052,"Jl. Merdeka No. 229, Makassar","Jl. Setiabudi No. 21, Manado",44.4,paket_sedang,regular,2023-08-20,2023-08-25,2023-08-26,delivered,666000,TRK2308200005
SHP01204,CUS0214,RTE024,"Jl. Cendrawasih No. 235, Surabaya","Jl. Pahlawan No. 130, Bandung",45.8,paket_kecil,regular,2022-08-20,2022-08-24,2022-08-27,delivered,526700,TRK2208200001
SHP01205,CUS0452,RTE021,"Jl. Mangga No. 143, Surabaya","Jl. Mawar No. 222, Yogyakarta",48.9,fragile,regular,2025-01-10,2025-01-13,2025-01-13,delivered,440100,TRK2501100002
SHP01206,CUS0577,RTE005,"Jl. Pajajaran No. 204, Jakarta","Jl. Setiabudi No. 167, Semarang",13.1,paket_kecil,regular,2025-01-31,2025-02-03,2025-02-03,delivered,124450,TRK2501310003
SHP01207,CUS0225,RTE078,"Jl. Veteran No. 66, Pontianak","Jl. Mawar No. 81, Balikpapan",49.6,paket_sedang,express,2022-06-28,2022-06-30,2022-06-30,delivered,1388800,TRK2206280001
SHP01208,CUS0587,RTE016,"Jl. Imam Bonjol No. 114, Jakarta","Jl. Gajah Mada No. 25, Manado",15.0,paket_besar,regular,2022-05-02,2022-05-09,2022-05-09,delivered,322500,TRK2205020001
SHP01209,CUS0441,RTE054,"Jl. Mawar No. 203, Makassar","Jl. Kebon Jeruk No. 170, Balikpapan",41.2,paket_sedang,regular,2023-09-15,2023-09-19,2023-09-19,delivered,473800,TRK2309150002
SHP01210,CUS0211,RTE076,"Jl. Melati No. 136, Palembang","Jl. Cempaka No. 192, Jakarta",1.3,paket_besar,express,2025-01-23,2025-01-25,2025-01-25,delivered,24050,TRK2501230003
SHP01211,CUS0003,RTE054,"Jl. Pajajaran No. 254, Makassar","Jl. Gajah Mada No. 212, Balikpapan",42.3,dokumen,regular,2025-01-22,2025-01-26,,in_transit,486450,TRK2501220002
SHP01212,CUS0011,RTE014,"Jl. Mangga No. 88, Jakarta","Jl. Cempaka No. 24, Pekanbaru",8.4,paket_besar,regular,2023-09-05,2023-09-10,,returned,117600,TRK2309050001
SHP01213,CUS0244,RTE080,"Jl. Thamrin No. 144, Manado","Jl. Ahmad Yani No. 278, Gorontalo",28.7,dokumen,regular,2022-12-22,2022-12-25,2022-12-28,delivered,272650,TRK2212220001
SHP01214,CUS0357,RTE025,"Jl. Veteran No. 106, Surabaya","Jl. Pahlawan No. 4, Makassar",47.9,paket_kecil,regular,2022-03-25,2022-03-29,2022-03-29,delivered,574800,TRK2203250001
SHP01215,CUS0384,RTE043,"Jl. Gajah Mada No. 31, Semarang","Jl. Asia Afrika No. 116, Surabaya",49.5,paket_kecil,same_day,2022-03-10,2022-03-10,2022-03-10,delivered,1336500,TRK2203100001
SHP01216,CUS0415,RTE075,"Jl. Anggrek No. 284, Palembang","Jl. Kenanga No. 146, Padang",34.8,paket_kecil,regular,2023-05-18,2023-05-22,2023-05-22,delivered,469800,TRK2305180004
SHP01217,CUS0167,RTE038,"Jl. Veteran No. 202, Bandung","Jl. Pahlawan No. 219, Cirebon",6.7,paket_besar,regular,2023-12-12,2023-12-14,2023-12-15,delivered,53600,TRK2312120003
SHP01218,CUS0552,RTE030,"Jl. Asia Afrika No. 65, Surabaya","Jl. Ahmad Yani No. 139, Palembang",4.6,paket_besar,regular,2024-06-28,2024-07-03,,returned,64400,TRK2406280002
SHP01219,CUS0342,RTE077,"Jl. Imam Bonjol No. 161, Pontianak","Jl. Cempaka No. 69, Singkawang",47.6,paket_kecil,regular,2024-10-13,2024-10-15,2024-10-15,delivered,380800,TRK2410130003
SHP01220,CUS0078,RTE062,"Jl. Mawar No. 159, Yogyakarta","Jl. Mangga No. 191, Solo",14.0,dokumen,regular,2024-02-26,2024-02-27,2024-02-27,delivered,105000,TRK2402260002
SHP01221,CUS0275,RTE012,"Jl. Mangga No. 105, Jakarta","Jl. Mawar No. 176, Palembang",31.1,paket_besar,express,2022-09-29,2022-09-30,2022-09-30,delivered,606450,TRK2209290002
SHP01222,CUS0458,RTE010,"Jl. Margonda No. 118, Jakarta","Jl. Asia Afrika No. 247, Denpasar",18.7,paket_besar,regular,2024-05-17,2024-05-21,2024-05-24,delivered,261800,TRK2405170004
SHP01223,CUS0281,RTE061,"Jl. Hayam Wuruk No. 78, Denpasar","Jl. Raya Bogor No. 261, Yogyakarta",31.5,paket_kecil,regular,2022-07-30,2022-08-02,2022-08-05,delivered,346500,TRK2207300001
SHP01224,CUS0146,RTE004,"Jl. Cempaka No. 218, Jakarta","Jl. Asia Afrika No. 230, Bekasi",40.5,paket_kecil,regular,2022-11-21,2022-11-22,,in_transit,283500,TRK2211210003
SHP01225,CUS0546,RTE035,"Jl. Hayam Wuruk No. 71, Bandung","Jl. Ahmad Yani No. 32, Surabaya",9.6,paket_besar,regular,2023-12-26,2023-12-30,2023-12-31,delivered,110400,TRK2312260002
SHP01226,CUS0340,RTE046,"Jl. Sudirman No. 163, Medan","Jl. Asia Afrika No. 139, Padang",10.6,paket_besar,regular,2022-08-04,2022-08-07,,in_transit,116600,TRK2208040002
SHP01227,CUS0307,RTE031,"Jl. Raya Bogor No. 26, Surabaya","Jl. Anggrek No. 227, Pekanbaru",24.3,paket_sedang,express,2022-10-14,2022-10-17,,lost,984150,TRK2210140002
SHP01228,CUS0268,RTE060,"Jl. Cempaka No. 65, Denpasar","Jl. Gajah Mada No. 129, Makassar",43.0,paket_kecil,regular,2024-10-24,2024-10-28,2024-10-29,delivered,494500,TRK2410240001
SHP01229,CUS0261,RTE042,"Jl. Margonda No. 277, Semarang","Jl. Asia Afrika No. 93, Malang",36.8,fragile,regular,2025-01-16,2025-01-19,,in_transit,349600,TRK2501160003
SHP01230,CUS0495,RTE064,"Jl. Thamrin No. 221, Yogyakarta","Jl. Melati No. 196, Semarang",41.5,paket_kecil,regular,2023-04-26,2023-04-28,2023-04-30,delivered,311250,TRK2304260001
SHP01231,CUS0572,RTE056,"Jl. Gajah Mada No. 49, Makassar","Jl. Gajah Mada No. 30, Kendari",8.4,paket_sedang,express,2023-08-17,2023-08-18,2023-08-23,delivered,159600,TRK2308170002
SHP01232,CUS0282,RTE008,"Jl. Anggrek No. 171, Jakarta","Jl. Kebon Jeruk No. 258, Solo",39.3,paket_kecil,express,2024-12-22,2024-12-24,2024-12-24,delivered,982500,TRK2412220002
SHP01233,CUS0555,RTE022,"Jl. Setiabudi No. 165, Surabaya","Jl. Margonda No. 224, Semarang",35.6,paket_sedang,regular,2022-12-19,2022-12-22,2022-12-21,delivered,320400,TRK2212190003
SHP01234,CUS0521,RTE035,"Jl. Imam Bonjol No. 247, Bandung","Jl. Diponegoro No. 300, Surabaya",39.0,paket_kecil,regular,2023-10-16,2023-10-20,2023-10-22,delivered,448500,TRK2310160002
SHP01235,CUS0083,RTE075,"Jl. Imam Bonjol No. 87, Palembang","Jl. Kenanga No. 82, Padang",8.7,paket_besar,regular,2022-08-06,2022-08-10,2022-08-11,delivered,117450,TRK2208060004
SHP01236,CUS0362,RTE052,"Jl. Pahlawan No. 154, Makassar","Jl. Mawar No. 89, Manado",27.7,paket_kecil,same_day,2023-05-31,2023-05-31,2023-06-03,delivered,1184175,TRK2305310002
SHP01237,CUS0014,RTE012,"Jl. Pahlawan No. 84, Jakarta","Jl. Veteran No. 141, Palembang",4.5,paket_sedang,regular,2022-01-24,2022-01-27,,lost,42750,TRK2201240003
SHP01238,CUS0014,RTE078,"Jl. Margonda No. 214, Pontianak","Jl. Imam Bonjol No. 88, Balikpapan",41.6,paket_sedang,regular,2024-04-19,2024-04-23,2024-04-23,delivered,540800,TRK2404190002
SHP01239,CUS0269,RTE044,"Jl. Thamrin No. 298, Semarang","Jl. Gajah Mada No. 221, Denpasar",9.8,dokumen,regular,2022-03-22,2022-03-26,2022-03-25,delivered,112700,TRK2203220005
SHP01240,CUS0238,RTE079,"Jl. Gatot Subroto No. 26, Pontianak","Jl. Pajajaran No. 44, Jakarta",28.8,paket_kecil,same_day,2023-02-16,2023-02-16,2023-02-17,delivered,972000,TRK2302160002
SHP01241,CUS0182,RTE018,"Jl. Pahlawan No. 153, Jakarta","Jl. Mawar No. 48, Pontianak",4.4,paket_sedang,regular,2022-01-12,2022-01-16,,lost,50600,TRK2201120001
SHP01242,CUS0048,RTE054,"Jl. Sudirman No. 271, Makassar","Jl. Diponegoro No. 237, Balikpapan",24.3,dokumen,regular,2023-07-30,2023-08-03,2023-08-03,delivered,279450,TRK2307300002
SHP01243,CUS0429,RTE008,"Jl. Melati No. 224, Jakarta","Jl. Diponegoro No. 201, Solo",14.1,paket_besar,same_day,2023-12-26,2023-12-26,2023-12-26,delivered,528750,TRK2312260003
SHP01244,CUS0587,RTE042,"Jl. Veteran No. 238, Semarang","Jl. Pahlawan No. 103, Malang",13.6,dokumen,regular,2022-10-28,2022-10-31,2022-11-03,delivered,129200,TRK2210280001
SHP01245,CUS0114,RTE027,"Jl. Merdeka No. 211, Surabaya","Jl. Asia Afrika No. 7, Medan",32.2,paket_besar,regular,2023-08-03,2023-08-09,2023-08-11,delivered,676200,TRK2308030001
SHP01246,CUS0446,RTE039,"Jl. Diponegoro No. 103, Bandung","Jl. Margonda No. 51, Denpasar",19.5,paket_kecil,regular,2022-08-27,2022-08-31,2022-09-03,delivered,263250,TRK2208270001
SHP01247,CUS0202,RTE059,"Jl. Pahlawan No. 238, Denpasar","Jl. Melati No. 199, Lombok",26.2,paket_sedang,regular,2022-03-06,2022-03-08,2022-03-08,delivered,209600,TRK2203060002
SHP01248,CUS0214,RTE033,"Jl. Cempaka No. 150, Bandung","Jl. Pahlawan No. 24, Semarang",41.0,paket_besar,regular,2024-08-27,2024-08-30,2024-08-30,delivered,389500,TRK2408270002
SHP01249,CUS0349,RTE013,"Jl. Anggrek No. 282, Jakarta","Jl. Mawar No. 11, Padang",49.9,paket_besar,express,2023-01-22,2023-01-25,2023-01-25,delivered,1621750,TRK2301220001
SHP01250,CUS0188,RTE006,"Jl. Pahlawan No. 147, Jakarta","Jl. Kenanga No. 113, Surabaya",22.3,paket_kecil,regular,2022-06-09,2022-06-13,2022-06-15,delivered,256450,TRK2206090002
SHP01251,CUS0173,RTE029,"Jl. Ahmad Yani No. 177, Surabaya","Jl. Cendrawasih No. 172, Manado",39.8,paket_sedang,regular,2023-06-08,2023-06-13,,in_transit,676600,TRK2306080002
SHP01252,CUS0460,RTE073,"Jl. Setiabudi No. 6, Pekanbaru","Jl. Pahlawan No. 184, Medan",43.7,paket_besar,regular,2023-04-07,2023-04-10,2023-04-10,delivered,415150,TRK2304070002
SHP01253,CUS0141,RTE054,"Jl. Kenanga No. 291, Makassar","Jl. Thamrin No. 144, Balikpapan",34.4,paket_kecil,express,2024-06-07,2024-06-09,2024-06-11,delivered,791200,TRK2406070001
SHP01254,CUS0273,RTE009,"Jl. Kebon Jeruk No. 7, Jakarta","Jl. Sudirman No. 174, Malang",11.4,paket_besar,express,2023-10-03,2023-10-05,2023-10-06,delivered,324900,TRK2310030001
SHP01255,CUS0275,RTE023,"Jl. Gatot Subroto No. 201, Surabaya","Jl. Pajajaran No. 143, Denpasar",11.8,paket_besar,express,2022-02-02,2022-02-03,,in_transit,247800,TRK2202020003
SHP01256,CUS0034,RTE075,"Jl. Setiabudi No. 113, Palembang","Jl. Melati No. 274, Padang",4.0,paket_sedang,regular,2023-09-17,2023-09-21,2023-09-22,delivered,54000,TRK2309170002
SHP01257,CUS0421,RTE013,"Jl. Pemuda No. 114, Jakarta","Jl. Mawar No. 259, Padang",47.8,paket_sedang,regular,2023-03-11,2023-03-16,2023-03-17,delivered,740900,TRK2303110001
SHP01258,CUS0406,RTE049,"Jl. Gatot Subroto No. 278, Medan","Jl. Setiabudi No. 232, Banda Aceh",42.2,fragile,regular,2024-05-01,2024-05-04,2024-05-04,delivered,443100,TRK2405010003
SHP01259,CUS0425,RTE060,"Jl. Diponegoro No. 199, Denpasar","Jl. Setiabudi No. 120, Makassar",20.3,fragile,regular,2024-01-24,2024-01-28,2024-01-29,delivered,233450,TRK2401240003
SHP01260,CUS0090,RTE067,"Jl. Gajah Mada No. 265, Balikpapan","Jl. Pajajaran No. 293, Samarinda",1.8,dokumen,regular,2024-08-31,2024-09-02,,in_transit,13500,TRK2408310002
SHP01261,CUS0171,RTE074,"Jl. Asia Afrika No. 6, Palembang","Jl. Setiabudi No. 265, Lampung",15.5,dokumen,regular,2024-02-28,2024-03-02,,returned,147250,TRK2402280003
SHP01262,CUS0021,RTE038,"Jl. Veteran No. 187, Bandung","Jl. Cendrawasih No. 220, Cirebon",1.8,paket_besar,regular,2023-05-23,2023-05-25,2023-05-25,delivered,14400,TRK2305230002
SHP01263,CUS0436,RTE076,"Jl. Anggrek No. 126, Palembang","Jl. Merdeka No. 14, Jakarta",19.9,paket_sedang,express,2023-03-09,2023-03-11,2023-03-10,delivered,368150,TRK2303090001
SHP01264,CUS0415,RTE061,"Jl. Margonda No. 62, Denpasar","Jl. Kenanga No. 70, Yogyakarta",9.2,paket_kecil,regular,2024-08-31,2024-09-03,2024-09-06,delivered,101200,TRK2408310003
SHP01265,CUS0288,RTE011,"Jl. Cempaka No. 9, Jakarta","Jl. Setiabudi No. 263, Medan",22.7,paket_sedang,regular,2023-11-05,2023-11-10,2023-11-10,delivered,408600,TRK2311050002
SHP01266,CUS0338,RTE077,"Jl. Thamrin No. 199, Pontianak","Jl. Melati No. 106, Singkawang",28.7,paket_kecil,express,2022-12-13,2022-12-14,2022-12-15,delivered,502250,TRK2212130004
SHP01267,CUS0516,RTE062,"Jl. Imam Bonjol No. 13, Yogyakarta","Jl. Pajajaran No. 162, Solo",40.0,paket_sedang,regular,2023-09-12,2023-09-13,,in_transit,300000,TRK2309120002
SHP01268,CUS0585,RTE018,"Jl. Diponegoro No. 61, Jakarta","Jl. Margonda No. 234, Pontianak",3.0,paket_sedang,express,2024-05-15,2024-05-18,,in_transit,70500,TRK2405150003
SHP01269,CUS0080,RTE070,"Jl. Imam Bonjol No. 227, Balikpapan","Jl. Sudirman No. 209, Makassar",19.6,paket_kecil,regular,2022-05-23,2022-05-27,2022-05-27,delivered,225400,TRK2205230001
SHP01270,CUS0167,RTE074,"Jl. Raya Bogor No. 8, Palembang","Jl. Melati No. 99, Lampung",47.2,paket_sedang,regular,2024-11-08,2024-11-11,2024-11-13,delivered,448400,TRK2411080002
SHP01271,CUS0083,RTE073,"Jl. Kenanga No. 82, Pekanbaru","Jl. Melati No. 62, Medan",28.1,paket_sedang,regular,2023-02-22,2023-02-25,2023-02-27,delivered,266950,TRK2302220002
SHP01272,CUS0239,RTE060,"Jl. Gatot Subroto No. 235, Denpasar","Jl. Pajajaran No. 4, Makassar",26.7,paket_besar,regular,2023-06-22,2023-06-26,,lost,307050,TRK2306220003
SHP01273,CUS0176,RTE052,"Jl. Mangga No. 150, Makassar","Jl. Pahlawan No. 16, Manado",10.4,paket_sedang,express,2023-04-26,2023-04-29,2023-05-04,delivered,296400,TRK2304260002
SHP01274,CUS0090,RTE031,"Jl. Hayam Wuruk No. 155, Surabaya","Jl. Raya Bogor No. 10, Pekanbaru",5.7,paket_kecil,express,2024-05-07,2024-05-10,2024-05-10,delivered,230850,TRK2405070001
SHP01275,CUS0390,RTE077,"Jl. Pahlawan No. 33, Pontianak","Jl. Cempaka No. 175, Singkawang",41.0,paket_sedang,regular,2024-01-24,2024-01-26,2024-01-26,delivered,328000,TRK2401240004
SHP01276,CUS0544,RTE021,"Jl. Ahmad Yani No. 119, Surabaya","Jl. Kenanga No. 263, Yogyakarta",37.2,paket_kecil,regular,2022-04-22,2022-04-25,2022-04-26,delivered,334800,TRK2204220002
SHP01277,CUS0078,RTE060,"Jl. Pajajaran No. 276, Denpasar","Jl. Asia Afrika No. 213, Makassar",23.6,paket_besar,regular,2024-03-02,2024-03-06,2024-03-07,delivered,271400,TRK2403020001
SHP01278,CUS0278,RTE029,"Jl. Raya Bogor No. 59, Surabaya","Jl. Hayam Wuruk No. 271, Manado",29.0,paket_besar,regular,2022-07-30,2022-08-04,2022-08-04,delivered,493000,TRK2207300002
SHP01279,CUS0259,RTE075,"Jl. Pajajaran No. 73, Palembang","Jl. Kebon Jeruk No. 262, Padang",4.7,dokumen,regular,2022-04-05,2022-04-09,2022-04-09,delivered,63450,TRK2204050001
SHP01280,CUS0056,RTE077,"Jl. Diponegoro No. 212, Pontianak","Jl. Kebon Jeruk No. 153, Singkawang",2.2,paket_besar,regular,2022-03-05,2022-03-07,2022-03-08,delivered,17600,TRK2203050001
SHP01281,CUS0553,RTE005,"Jl. Anggrek No. 34, Jakarta","Jl. Mawar No. 82, Semarang",20.2,paket_sedang,express,2024-04-29,2024-04-30,2024-05-01,delivered,444400,TRK2404290002
SHP01282,CUS0304,RTE039,"Jl. Anggrek No. 168, Bandung","Jl. Setiabudi No. 16, Denpasar",33.1,dokumen,regular,2024-11-23,2024-11-27,2024-11-28,delivered,446850,TRK2411230002
SHP01283,CUS0594,RTE044,"Jl. Mangga No. 95, Semarang","Jl. Kebon Jeruk No. 240, Denpasar",31.6,dokumen,regular,2025-01-10,2025-01-14,,in_transit,363400,TRK2501100003
SHP01284,CUS0003,RTE055,"Jl. Mangga No. 58, Makassar","Jl. Pajajaran No. 198, Surabaya",42.9,paket_kecil,express,2024-04-11,2024-04-14,2024-04-14,delivered,1158300,TRK2404110001
SHP01285,CUS0016,RTE072,"Jl. Thamrin No. 272, Pekanbaru","Jl. Diponegoro No. 9, Palembang",12.1,paket_kecil,regular,2022-12-25,2022-12-29,2023-01-03,delivered,139150,TRK2212250003
SHP01286,CUS0432,RTE025,"Jl. Raya Bogor No. 136, Surabaya","Jl. Ahmad Yani No. 138, Makassar",11.0,paket_besar,regular,2023-01-12,2023-01-16,2023-01-17,delivered,132000,TRK2301120001
SHP01287,CUS0343,RTE067,"Jl. Raya Bogor No. 249, Balikpapan","Jl. Sudirman No. 42, Samarinda",9.0,paket_besar,regular,2022-10-20,2022-10-22,2022-10-22,delivered,67500,TRK2210200002
SHP01288,CUS0383,RTE028,"Jl. Cendrawasih No. 10, Surabaya","Jl. Mangga No. 47, Balikpapan",46.9,paket_kecil,regular,2024-07-28,2024-08-01,2024-08-01,delivered,586250,TRK2407280001
SHP01289,CUS0010,RTE024,"Jl. Kenanga No. 137, Surabaya","Jl. Mangga No. 232, Bandung",20.3,paket_besar,same_day,2022-05-01,2022-05-01,2022-05-01,delivered,715575,TRK2205010004
SHP01290,CUS0386,RTE058,"Jl. Sudirman No. 68, Denpasar","Jl. Setiabudi No. 151, Surabaya",12.2,paket_kecil,same_day,2023-09-24,2023-09-24,2023-09-24,delivered,393450,TRK2309240001
SHP01291,CUS0364,RTE029,"Jl. Margonda No. 218, Surabaya","Jl. Ahmad Yani No. 257, Manado",37.7,paket_sedang,regular,2024-01-23,2024-01-28,2024-01-30,delivered,640900,TRK2401230002
SHP01292,CUS0286,RTE003,"Jl. Veteran No. 205, Jakarta","Jl. Margonda No. 140, Tangerang",42.0,paket_besar,express,2022-10-28,2022-10-29,,returned,588000,TRK2210280002
SHP01293,CUS0122,RTE046,"Jl. Margonda No. 292, Medan","Jl. Mawar No. 256, Padang",12.5,paket_kecil,same_day,2024-03-30,2024-03-30,2024-03-30,delivered,450000,TRK2403300002
SHP01294,CUS0203,RTE017,"Jl. Veteran No. 220, Jakarta","Jl. Thamrin No. 196, Balikpapan",20.2,paket_sedang,same_day,2024-12-19,2024-12-19,,in_transit,1090800,TRK2412190003
SHP01295,CUS0418,RTE037,"Jl. Mangga No. 38, Bandung","Jl. Diponegoro No. 191, Malang",29.1,paket_sedang,express,2022-12-23,2022-12-25,2022-12-25,delivered,640200,TRK2212230002
SHP01296,CUS0052,RTE033,"Jl. Pahlawan No. 269, Bandung","Jl. Imam Bonjol No. 95, Semarang",8.4,paket_sedang,express,2022-09-21,2022-09-23,2022-09-22,delivered,159600,TRK2209210002
SHP01297,CUS0427,RTE051,"Jl. Gatot Subroto No. 233, Medan","Jl. Mangga No. 299, Batam",20.5,paket_kecil,regular,2024-02-12,2024-02-16,2024-02-17,delivered,246000,TRK2402120005
SHP01298,CUS0159,RTE076,"Jl. Pajajaran No. 281, Palembang","Jl. Veteran No. 111, Jakarta",16.1,paket_sedang,express,2024-03-29,2024-03-31,2024-04-01,delivered,297850,TRK2403290001
SHP01299,CUS0476,RTE064,"Jl. Mawar No. 96, Yogyakarta","Jl. Gajah Mada No. 223, Semarang",0.7,paket_kecil,regular,2024-12-11,2024-12-13,2024-12-13,delivered,5250,TRK2412110002
SHP01300,CUS0536,RTE033,"Jl. Cempaka No. 127, Bandung","Jl. Asia Afrika No. 168, Semarang",10.1,paket_sedang,regular,2022-06-23,2022-06-26,2022-06-26,delivered,95950,TRK2206230006
SHP01301,CUS0130,RTE052,"Jl. Sudirman No. 16, Makassar","Jl. Sudirman No. 35, Manado",14.6,dokumen,express,2024-08-13,2024-08-16,2024-08-19,delivered,416100,TRK2408130003
SHP01302,CUS0151,RTE079,"Jl. Pajajaran No. 35, Pontianak","Jl. Pemuda No. 117, Jakarta",42.7,paket_besar,same_day,2022-05-25,2022-05-25,2022-05-25,delivered,1441125,TRK2205250005
SHP01303,CUS0122,RTE003,"Jl. Merdeka No. 265, Jakarta","Jl. Mangga No. 254, Tangerang",16.1,fragile,express,2024-08-20,2024-08-21,2024-08-21,delivered,225400,TRK2408200006
SHP01304,CUS0554,RTE056,"Jl. Kebon Jeruk No. 168, Makassar","Jl. Raya Bogor No. 197, Kendari",14.9,paket_besar,express,2022-10-05,2022-10-06,2022-10-06,delivered,283100,TRK2210050003
SHP01305,CUS0012,RTE043,"Jl. Cempaka No. 78, Semarang","Jl. Thamrin No. 266, Surabaya",9.2,paket_kecil,regular,2022-03-05,2022-03-08,,in_transit,82800,TRK2203050002
SHP01306,CUS0584,RTE063,"Jl. Cendrawasih No. 220, Yogyakarta","Jl. Cempaka No. 53, Malang",31.2,paket_kecil,express,2024-03-31,2024-04-01,2024-04-01,delivered,624000,TRK2403310001
SHP01307,CUS0583,RTE070,"Jl. Thamrin No. 190, Balikpapan","Jl. Imam Bonjol No. 274, Makassar",6.7,dokumen,express,2024-01-17,2024-01-19,2024-01-19,delivered,180900,TRK2401170001
SHP01308,CUS0003,RTE058,"Jl. Cempaka No. 210, Denpasar","Jl. Cendrawasih No. 52, Surabaya",46.8,paket_sedang,regular,2024-09-10,2024-09-13,2024-09-13,delivered,444600,TRK2409100001
SHP01309,CUS0298,RTE001,"Jl. Pemuda No. 127, Jakarta","Jl. Pemuda No. 252, Bandung",13.0,paket_besar,regular,2023-04-07,2023-04-09,2023-04-14,delivered,104000,TRK2304070003
SHP01310,CUS0199,RTE062,"Jl. Raya Bogor No. 162, Yogyakarta","Jl. Imam Bonjol No. 50, Solo",0.7,paket_sedang,express,2023-02-07,2023-02-08,2023-02-09,delivered,11200,TRK2302070002
SHP01311,CUS0076,RTE064,"Jl. Gajah Mada No. 32, Yogyakarta","Jl. Veteran No. 215, Semarang",4.4,paket_sedang,express,2023-01-03,2023-01-04,,returned,63800,TRK2301030002
SHP01312,CUS0047,RTE019,"Jl. Margonda No. 171, Jakarta","Jl. Cempaka No. 299, Banjarmasin",29.9,dokumen,regular,2024-11-22,2024-11-26,2024-11-27,delivered,403650,TRK2411220001
SHP01313,CUS0216,RTE059,"Jl. Thamrin No. 98, Denpasar","Jl. Pemuda No. 95, Lombok",40.5,paket_besar,regular,2023-07-18,2023-07-20,2023-07-22,delivered,324000,TRK2307180001
SHP01314,CUS0294,RTE071,"Jl. Cempaka No. 1, Pekanbaru","Jl. Setiabudi No. 139, Padang",24.7,dokumen,same_day,2024-12-30,2024-12-30,2024-12-30,delivered,759525,TRK2412300001
SHP01315,CUS0132,RTE029,"Jl. Hayam Wuruk No. 34, Surabaya","Jl. Sudirman No. 241, Manado",20.7,dokumen,same_day,2022-05-27,2022-05-27,2022-05-29,delivered,1086750,TRK2205270003
SHP01316,CUS0035,RTE072,"Jl. Setiabudi No. 183, Pekanbaru","Jl. Gatot Subroto No. 248, Palembang",34.8,fragile,regular,2025-01-07,2025-01-11,2025-01-12,delivered,400200,TRK2501070001
SHP01317,CUS0081,RTE035,"Jl. Gajah Mada No. 197, Bandung","Jl. Merdeka No. 131, Surabaya",1.9,paket_besar,express,2023-12-27,2023-12-30,2023-12-31,delivered,50350,TRK2312270001
SHP01318,CUS0353,RTE045,"Jl. Kenanga No. 41, Semarang","Jl. Pajajaran No. 49, Medan",16.1,paket_besar,regular,2023-07-10,2023-07-16,2023-07-18,delivered,322000,TRK2307100002
SHP01319,CUS0402,RTE047,"Jl. Veteran No. 60, Medan","Jl. Imam Bonjol No. 25, Pekanbaru",32.4,paket_besar,regular,2022-04-14,2022-04-17,2022-04-17,delivered,307800,TRK2204140001
SHP01320,CUS0252,RTE002,"Jl. Margonda No. 160, Jakarta","Jl. Hayam Wuruk No. 160, Bogor",5.9,paket_kecil,regular,2023-05-25,2023-05-26,2023-05-27,delivered,44250,TRK2305250005
SHP01321,CUS0560,RTE020,"Jl. Pahlawan No. 42, Surabaya","Jl. Kenanga No. 13, Malang",34.1,paket_sedang,regular,2022-11-25,2022-11-26,2022-11-28,delivered,255750,TRK2211250002
SHP01322,CUS0041,RTE031,"Jl. Anggrek No. 191, Surabaya","Jl. Kenanga No. 284, Pekanbaru",20.0,fragile,express,2022-02-13,2022-02-16,,in_transit,810000,TRK2202130004
SHP01323,CUS0456,RTE069,"Jl. Kenanga No. 7, Balikpapan","Jl. Diponegoro No. 201, Pontianak",16.2,paket_sedang,regular,2022-07-05,2022-07-09,2022-07-14,delivered,210600,TRK2207050001
SHP01324,CUS0392,RTE037,"Jl. Margonda No. 224, Bandung","Jl. Margonda No. 106, Malang",43.4,paket_besar,regular,2024-05-05,2024-05-09,2024-05-09,delivered,520800,TRK2405050001
SHP01325,CUS0057,RTE025,"Jl. Cempaka No. 240, Surabaya","Jl. Pemuda No. 135, Makassar",42.5,paket_sedang,express,2022-04-20,2022-04-22,,in_transit,1041250,TRK2204200001
SHP01326,CUS0443,RTE063,"Jl. Thamrin No. 259, Yogyakarta","Jl. Pajajaran No. 286, Malang",24.2,fragile,express,2022-12-11,2022-12-12,2022-12-11,delivered,484000,TRK2212110002
SHP01327,CUS0121,RTE077,"Jl. Margonda No. 48, Pontianak","Jl. Kenanga No. 145, Singkawang",43.3,dokumen,regular,2022-10-25,2022-10-27,,lost,346400,TRK2210250002
SHP01328,CUS0400,RTE049,"Jl. Asia Afrika No. 50, Medan","Jl. Hayam Wuruk No. 276, Banda Aceh",13.9,paket_kecil,regular,2023-12-04,2023-12-07,2023-12-07,delivered,145950,TRK2312040004
SHP01329,CUS0409,RTE031,"Jl. Pahlawan No. 62, Surabaya","Jl. Asia Afrika No. 207, Pekanbaru",1.7,fragile,express,2022-11-22,2022-11-25,2022-11-25,delivered,68850,TRK2211220001
SHP01330,CUS0322,RTE029,"Jl. Cempaka No. 241, Surabaya","Jl. Raya Bogor No. 4, Manado",23.9,fragile,regular,2023-07-25,2023-07-30,2023-07-30,delivered,406300,TRK2307250001
SHP01331,CUS0059,RTE069,"Jl. Raya Bogor No. 71, Balikpapan","Jl. Kebon Jeruk No. 101, Pontianak",4.1,paket_besar,regular,2024-03-10,2024-03-14,2024-03-16,delivered,53300,TRK2403100003
SHP01332,CUS0587,RTE044,"Jl. Pajajaran No. 125, Semarang","Jl. Mangga No. 140, Denpasar",21.1,paket_besar,regular,2024-04-15,2024-04-19,2024-04-19,delivered,242650,TRK2404150001
SHP01333,CUS0418,RTE024,"Jl. Veteran No. 168, Surabaya","Jl. Margonda No. 296, Bandung",18.9,dokumen,regular,2022-01-28,2022-02-01,2022-02-01,delivered,217350,TRK2201280005
SHP01334,CUS0394,RTE010,"Jl. Pajajaran No. 274, Jakarta","Jl. Pemuda No. 9, Denpasar",6.6,paket_sedang,express,2024-07-07,2024-07-10,2024-07-09,delivered,217800,TRK2407070001
SHP01335,CUS0398,RTE067,"Jl. Imam Bonjol No. 25, Balikpapan","Jl. Hayam Wuruk No. 27, Samarinda",19.7,dokumen,regular,2023-05-04,2023-05-06,2023-05-06,delivered,147750,TRK2305040001
SHP01336,CUS0009,RTE048,"Jl. Thamrin No. 67, Medan","Jl. Pajajaran No. 272, Palembang",44.4,dokumen,express,2024-05-28,2024-05-31,2024-05-31,delivered,1332000,TRK2405280003
SHP01337,CUS0009,RTE080,"Jl. Kenanga No. 62, Manado","Jl. Sudirman No. 111, Gorontalo",29.4,paket_sedang,regular,2022-05-01,2022-05-04,,in_transit,279300,TRK2205010005
SHP01338,CUS0243,RTE004,"Jl. Diponegoro No. 187, Jakarta","Jl. Diponegoro No. 12, Bekasi",30.5,paket_kecil,express,2023-02-14,2023-02-15,,in_transit,472750,TRK2302140002
SHP01339,CUS0472,RTE048,"Jl. Mangga No. 240, Medan","Jl. Margonda No. 188, Palembang",11.6,paket_kecil,express,2023-01-18,2023-01-21,,in_transit,348000,TRK2301180002
SHP01340,CUS0402,RTE006,"Jl. Thamrin No. 274, Jakarta","Jl. Cendrawasih No. 23, Surabaya",6.7,fragile,regular,2024-10-06,2024-10-10,2024-10-13,delivered,77050,TRK2410060003
SHP01341,CUS0330,RTE033,"Jl. Ahmad Yani No. 71, Bandung","Jl. Thamrin No. 164, Semarang",14.4,paket_sedang,express,2023-07-31,2023-08-02,2023-08-03,delivered,273600,TRK2307310005
SHP01342,CUS0338,RTE029,"Jl. Anggrek No. 47, Surabaya","Jl. Asia Afrika No. 286, Manado",0.9,paket_sedang,same_day,2025-01-27,2025-01-27,2025-01-28,delivered,47250,TRK2501270003
SHP01343,CUS0357,RTE045,"Jl. Anggrek No. 109, Semarang","Jl. Pemuda No. 145, Medan",38.1,paket_kecil,regular,2022-11-18,2022-11-24,2022-11-27,delivered,762000,TRK2211180002
SHP01344,CUS0380,RTE020,"Jl. Asia Afrika No. 253, Surabaya","Jl. Cempaka No. 254, Malang",2.7,paket_sedang,regular,2022-01-25,2022-01-26,2022-01-26,delivered,20250,TRK2201250002
SHP01345,CUS0419,RTE014,"Jl. Cendrawasih No. 72, Jakarta","Jl. Pemuda No. 278, Pekanbaru",21.2,paket_sedang,regular,2024-07-08,2024-07-13,2024-07-16,delivered,296800,TRK2407080001
SHP01346,CUS0158,RTE054,"Jl. Imam Bonjol No. 9, Makassar","Jl. Diponegoro No. 101, Balikpapan",17.7,fragile,regular,2024-10-29,2024-11-02,,in_transit,203550,TRK2410290002
SHP01347,CUS0374,RTE004,"Jl. Gatot Subroto No. 192, Jakarta","Jl. Merdeka No. 3, Bekasi",3.5,paket_kecil,same_day,2022-07-04,2022-07-04,2022-07-04,delivered,81375,TRK2207040005
SHP01348,CUS0097,RTE041,"Jl. Cendrawasih No. 28, Semarang","Jl. Gajah Mada No. 270, Solo",22.1,dokumen,regular,2023-01-03,2023-01-05,2023-01-05,delivered,165750,TRK2301030003
SHP01349,CUS0077,RTE027,"Jl. Veteran No. 168, Surabaya","Jl. Pemuda No. 227, Medan",28.4,dokumen,regular,2023-06-26,2023-07-02,2023-07-04,delivered,596400,TRK2306260004
SHP01350,CUS0375,RTE028,"Jl. Asia Afrika No. 164, Surabaya","Jl. Margonda No. 240, Balikpapan",29.2,paket_kecil,regular,2022-09-10,2022-09-14,2022-09-15,delivered,365000,TRK2209100001
SHP01351,CUS0082,RTE068,"Jl. Kebon Jeruk No. 295, Balikpapan","Jl. Kenanga No. 204, Banjarmasin",21.8,paket_besar,regular,2024-04-08,2024-04-11,2024-04-12,delivered,207100,TRK2404080001
SHP01352,CUS0440,RTE043,"Jl. Imam Bonjol No. 64, Semarang","Jl. Kenanga No. 121, Surabaya",9.8,paket_kecil,express,2024-10-10,2024-10-11,2024-10-11,delivered,176400,TRK2410100002
SHP01353,CUS0573,RTE059,"Jl. Imam Bonjol No. 281, Denpasar","Jl. Sudirman No. 192, Lombok",34.4,dokumen,regular,2023-05-13,2023-05-15,,returned,275200,TRK2305130005
SHP01354,CUS0490,RTE061,"Jl. Pajajaran No. 46, Denpasar","Jl. Kenanga No. 136, Yogyakarta",12.3,dokumen,express,2022-07-25,2022-07-27,2022-07-28,delivered,264450,TRK2207250002
SHP01355,CUS0168,RTE004,"Jl. Cempaka No. 185, Jakarta","Jl. Cendrawasih No. 251, Bekasi",12.2,paket_kecil,regular,2024-09-08,2024-09-09,2024-09-09,delivered,85400,TRK2409080001
SHP01356,CUS0137,RTE027,"Jl. Mangga No. 208, Surabaya","Jl. Pemuda No. 133, Medan",2.1,paket_besar,regular,2023-10-22,2023-10-28,2023-10-28,delivered,44100,TRK2310220001
SHP01357,CUS0168,RTE051,"Jl. Mawar No. 193, Medan","Jl. Cempaka No. 96, Batam",13.0,paket_sedang,regular,2022-11-23,2022-11-27,2022-11-27,delivered,156000,TRK2211230003
SHP01358,CUS0548,RTE044,"Jl. Kebon Jeruk No. 73, Semarang","Jl. Thamrin No. 70, Denpasar",12.0,paket_kecil,express,2022-07-12,2022-07-14,2022-07-14,delivered,312000,TRK2207120003
SHP01359,CUS0001,RTE009,"Jl. Cendrawasih No. 97, Jakarta","Jl. Veteran No. 90, Malang",25.9,paket_kecil,regular,2023-09-01,2023-09-05,,in_transit,310800,TRK2309010001
SHP01360,CUS0507,RTE010,"Jl. Cempaka No. 269, Jakarta","Jl. Diponegoro No. 5, Denpasar",40.0,paket_sedang,regular,2022-06-22,2022-06-26,,returned,560000,TRK2206220003
SHP01361,CUS0337,RTE035,"Jl. Margonda No. 176, Bandung","Jl. Diponegoro No. 200, Surabaya",3.0,fragile,regular,2024-06-12,2024-06-16,2024-06-17,delivered,34500,TRK2406120002
SHP01362,CUS0072,RTE026,"Jl. Kenanga No. 114, Surabaya","Jl. Asia Afrika No. 16, Solo",0.3,paket_besar,regular,2023-05-19,2023-05-21,2023-05-21,delivered,2550,TRK2305190002
SHP01363,CUS0159,RTE024,"Jl. Setiabudi No. 222, Surabaya","Jl. Kebon Jeruk No. 78, Bandung",45.7,paket_sedang,regular,2024-08-14,2024-08-18,2024-08-18,delivered,525550,TRK2408140001
SHP01364,CUS0078,RTE054,"Jl. Pajajaran No. 260, Makassar","Jl. Margonda No. 18, Balikpapan",47.8,paket_sedang,regular,2024-09-06,2024-09-10,2024-09-09,delivered,549700,TRK2409060002
SHP01365,CUS0454,RTE001,"Jl. Merdeka No. 286, Jakarta","Jl. Gajah Mada No. 27, Bandung",12.0,paket_besar,regular,2023-10-04,2023-10-06,,in_transit,96000,TRK2310040004
SHP01366,CUS0174,RTE080,"Jl. Anggrek No. 156, Manado","Jl. Diponegoro No. 148, Gorontalo",4.3,paket_besar,express,2024-08-26,2024-08-28,2024-08-30,delivered,94600,TRK2408260002
SHP01367,CUS0305,RTE007,"Jl. Diponegoro No. 254, Jakarta","Jl. Ahmad Yani No. 10, Yogyakarta",33.8,paket_besar,express,2024-01-22,2024-01-24,2024-01-25,delivered,777400,TRK2401220003
SHP01368,CUS0439,RTE059,"Jl. Cendrawasih No. 71, Denpasar","Jl. Gajah Mada No. 292, Lombok",46.3,paket_besar,regular,2022-11-24,2022-11-26,2022-11-25,delivered,370400,TRK2211240001
SHP01369,CUS0041,RTE032,"Jl. Margonda No. 208, Bandung","Jl. Merdeka No. 261, Bogor",33.2,paket_kecil,regular,2023-06-22,2023-06-24,2023-06-27,delivered,265600,TRK2306220004
SHP01370,CUS0073,RTE037,"Jl. Mangga No. 230, Bandung","Jl. Ahmad Yani No. 162, Malang",29.8,paket_sedang,regular,2022-08-02,2022-08-06,2022-08-07,delivered,357600,TRK2208020002
SHP01371,CUS0223,RTE076,"Jl. Margonda No. 293, Palembang","Jl. Raya Bogor No. 249, Jakarta",37.5,paket_besar,same_day,2023-07-23,2023-07-23,2023-07-25,delivered,1040625,TRK2307230004
SHP01372,CUS0080,RTE033,"Jl. Cempaka No. 260, Bandung","Jl. Cendrawasih No. 18, Semarang",29.5,paket_sedang,regular,2023-10-05,2023-10-08,2023-10-07,delivered,280250,TRK2310050002
SHP01373,CUS0289,RTE077,"Jl. Margonda No. 107, Pontianak","Jl. Diponegoro No. 214, Singkawang",38.8,paket_sedang,regular,2022-09-19,2022-09-21,2022-09-21,delivered,310400,TRK2209190001
SHP01374,CUS0228,RTE076,"Jl. Ahmad Yani No. 196, Palembang","Jl. Asia Afrika No. 67, Jakarta",5.1,paket_besar,express,2024-12-28,2024-12-30,2025-01-01,delivered,94350,TRK2412280003
SHP01375,CUS0077,RTE014,"Jl. Hayam Wuruk No. 148, Jakarta","Jl. Kenanga No. 174, Pekanbaru",11.5,dokumen,express,2022-05-30,2022-06-02,2022-06-02,delivered,362250,TRK2205300001
SHP01376,CUS0462,RTE056,"Jl. Pajajaran No. 84, Makassar","Jl. Diponegoro No. 99, Kendari",40.8,fragile,same_day,2023-09-15,2023-09-15,2023-09-18,delivered,1162800,TRK2309150003
SHP01377,CUS0308,RTE023,"Jl. Kebon Jeruk No. 83, Surabaya","Jl. Hayam Wuruk No. 204, Denpasar",35.8,paket_besar,express,2024-10-03,2024-10-04,2024-10-04,delivered,751800,TRK2410030002
SHP01378,CUS0526,RTE065,"Jl. Anggrek No. 73, Yogyakarta","Jl. Diponegoro No. 105, Surabaya",22.6,paket_sedang,express,2024-09-16,2024-09-17,2024-09-17,delivered,384200,TRK2409160002
SHP01379,CUS0560,RTE038,"Jl. Gatot Subroto No. 199, Bandung","Jl. Anggrek No. 26, Cirebon",19.3,dokumen,same_day,2023-02-14,2023-02-14,2023-02-15,delivered,492150,TRK2302140003
SHP01380,CUS0262,RTE074,"Jl. Kebon Jeruk No. 190, Palembang","Jl. Imam Bonjol No. 157, Lampung",23.4,fragile,express,2025-01-03,2025-01-04,2025-01-09,delivered,538200,TRK2501030001
SHP01381,CUS0278,RTE051,"Jl. Sudirman No. 167, Medan","Jl. Anggrek No. 220, Batam",34.4,paket_sedang,express,2024-03-03,2024-03-05,2024-03-05,delivered,877200,TRK2403030002
SHP01382,CUS0555,RTE031,"Jl. Sudirman No. 228, Surabaya","Jl. Diponegoro No. 104, Pekanbaru",19.8,paket_kecil,express,2022-05-02,2022-05-05,2022-05-06,delivered,801900,TRK2205020002
SHP01383,CUS0145,RTE054,"Jl. Gatot Subroto No. 197, Makassar","Jl. Imam Bonjol No. 68, Balikpapan",0.5,paket_sedang,regular,2023-10-15,2023-10-19,2023-10-21,delivered,5750,TRK2310150001
SHP01384,CUS0519,RTE053,"Jl. Ahmad Yani No. 170, Makassar","Jl. Melati No. 268, Denpasar",47.4,paket_kecil,same_day,2024-01-05,2024-01-05,2024-01-08,delivered,1955250,TRK2401050001
SHP01385,CUS0361,RTE013,"Jl. Pahlawan No. 131, Jakarta","Jl. Melati No. 221, Padang",13.8,dokumen,regular,2024-12-08,2024-12-13,2024-12-13,delivered,213900,TRK2412080004
SHP01386,CUS0534,RTE054,"Jl. Anggrek No. 68, Makassar","Jl. Pemuda No. 30, Balikpapan",17.9,paket_sedang,regular,2023-06-07,2023-06-11,2023-06-11,delivered,205850,TRK2306070002
SHP01387,CUS0158,RTE023,"Jl. Ahmad Yani No. 155, Surabaya","Jl. Ahmad Yani No. 36, Denpasar",38.5,paket_sedang,express,2023-08-30,2023-08-31,2023-08-30,delivered,808500,TRK2308300001
SHP01388,CUS0207,RTE026,"Jl. Anggrek No. 209, Surabaya","Jl. Kenanga No. 219, Solo",0.9,paket_besar,regular,2024-08-20,2024-08-22,2024-08-25,delivered,7650,TRK2408200007
SHP01389,CUS0066,RTE058,"Jl. Sudirman No. 126, Denpasar","Jl. Cendrawasih No. 100, Surabaya",2.4,paket_sedang,regular,2022-11-12,2022-11-15,2022-11-18,delivered,22800,TRK2211120004
SHP01390,CUS0525,RTE053,"Jl. Thamrin No. 89, Makassar","Jl. Thamrin No. 171, Denpasar",36.6,paket_sedang,same_day,2024-12-31,2024-12-31,2024-12-31,delivered,1509750,TRK2412310002
SHP01391,CUS0285,RTE009,"Jl. Merdeka No. 138, Jakarta","Jl. Raya Bogor No. 297, Malang",0.7,paket_besar,express,2022-05-16,2022-05-18,2022-05-20,delivered,19950,TRK2205160001
SHP01392,CUS0488,RTE077,"Jl. Melati No. 295, Pontianak","Jl. Melati No. 70, Singkawang",42.1,paket_kecil,regular,2023-07-05,2023-07-07,2023-07-07,delivered,336800,TRK2307050001
SHP01393,CUS0372,RTE050,"Jl. Cempaka No. 139, Medan","Jl. Anggrek No. 7, Jakarta",15.0,fragile,regular,2023-02-24,2023-03-01,2023-03-01,delivered,270000,TRK2302240003
SHP01394,CUS0387,RTE063,"Jl. Pemuda No. 261, Yogyakarta","Jl. Sudirman No. 294, Malang",16.2,paket_sedang,regular,2023-05-30,2023-06-02,2023-06-03,delivered,153900,TRK2305300001
SHP01395,CUS0345,RTE075,"Jl. Kebon Jeruk No. 281, Palembang","Jl. Thamrin No. 72, Padang",32.9,paket_sedang,regular,2023-05-29,2023-06-02,2023-06-02,delivered,444150,TRK2305290003
SHP01396,CUS0046,RTE030,"Jl. Gatot Subroto No. 182, Surabaya","Jl. Anggrek No. 72, Palembang",16.7,paket_kecil,regular,2024-08-17,2024-08-22,,lost,233800,TRK2408170003
SHP01397,CUS0196,RTE040,"Jl. Diponegoro No. 21, Semarang","Jl. Veteran No. 50, Yogyakarta",28.2,paket_sedang,regular,2024-08-22,2024-08-24,2024-08-24,delivered,211500,TRK2408220001
SHP01398,CUS0448,RTE059,"Jl. Gajah Mada No. 188, Denpasar","Jl. Asia Afrika No. 159, Lombok",3.4,paket_besar,same_day,2023-07-02,2023-07-02,2023-07-07,delivered,84150,TRK2307020002
SHP01399,CUS0536,RTE021,"Jl. Merdeka No. 2, Surabaya","Jl. Anggrek No. 268, Yogyakarta",37.8,paket_kecil,express,2023-10-18,2023-10-19,2023-10-21,delivered,756000,TRK2310180001
SHP01400,CUS0533,RTE051,"Jl. Margonda No. 264, Medan","Jl. Ahmad Yani No. 55, Batam",28.6,paket_kecil,express,2023-03-27,2023-03-29,2023-03-29,delivered,729300,TRK2303270001
SHP01401,CUS0440,RTE004,"Jl. Pajajaran No. 185, Jakarta","Jl. Pajajaran No. 281, Bekasi",18.9,paket_sedang,regular,2022-12-06,2022-12-07,2022-12-08,delivered,132300,TRK2212060001
SHP01402,CUS0493,RTE038,"Jl. Anggrek No. 108, Bandung","Jl. Asia Afrika No. 228, Cirebon",9.7,dokumen,regular,2023-01-08,2023-01-10,2023-01-12,delivered,77600,TRK2301080001
SHP01403,CUS0219,RTE012,"Jl. Gajah Mada No. 48, Jakarta","Jl. Anggrek No. 47, Palembang",23.5,paket_sedang,regular,2022-10-28,2022-10-31,2022-11-03,delivered,223250,TRK2210280003
SHP01404,CUS0371,RTE044,"Jl. Mangga No. 160, Semarang","Jl. Cendrawasih No. 281, Denpasar",29.7,dokumen,regular,2022-11-09,2022-11-13,,in_transit,341550,TRK2211090005
SHP01405,CUS0242,RTE018,"Jl. Mawar No. 74, Jakarta","Jl. Veteran No. 243, Pontianak",6.0,paket_sedang,express,2022-02-25,2022-02-28,2022-03-05,delivered,141000,TRK2202250003
SHP01406,CUS0176,RTE030,"Jl. Melati No. 294, Surabaya","Jl. Thamrin No. 19, Palembang",35.5,paket_besar,regular,2023-10-10,2023-10-15,,in_transit,497000,TRK2310100002
SHP01407,CUS0280,RTE070,"Jl. Kebon Jeruk No. 230, Balikpapan","Jl. Thamrin No. 283, Makassar",14.1,paket_sedang,regular,2023-10-24,2023-10-28,2023-10-30,delivered,162150,TRK2310240002
SHP01408,CUS0073,RTE057,"Jl. Cendrawasih No. 255, Denpasar","Jl. Hayam Wuruk No. 161, Mataram",10.2,paket_sedang,express,2025-01-12,2025-01-13,,lost,183600,TRK2501120002
SHP01409,CUS0041,RTE058,"Jl. Pajajaran No. 108, Denpasar","Jl. Mawar No. 264, Surabaya",3.4,paket_sedang,regular,2024-10-08,2024-10-11,2024-10-12,delivered,32300,TRK2410080001
SHP01410,CUS0572,RTE075,"Jl. Pemuda No. 190, Palembang","Jl. Anggrek No. 200, Padang",8.5,paket_besar,regular,2024-11-01,2024-11-05,2024-11-05,delivered,114750,TRK2411010004
SHP01411,CUS0525,RTE057,"Jl. Cendrawasih No. 106, Denpasar","Jl. Anggrek No. 12, Mataram",43.1,fragile,express,2024-09-07,2024-09-08,2024-09-08,delivered,775800,TRK2409070001
SHP01412,CUS0155,RTE031,"Jl. Mangga No. 205, Surabaya","Jl. Raya Bogor No. 56, Pekanbaru",9.1,fragile,express,2022-02-27,2022-03-02,2022-03-03,delivered,368550,TRK2202270003
SHP01413,CUS0342,RTE012,"Jl. Kenanga No. 280, Jakarta","Jl. Asia Afrika No. 80, Palembang",46.4,paket_sedang,express,2024-12-07,2024-12-08,2024-12-09,delivered,904800,TRK2412070003
SHP01414,CUS0101,RTE066,"Jl. Setiabudi No. 69, Yogyakarta","Jl. Sudirman No. 251, Bandung",0.5,paket_sedang,same_day,2022-03-17,2022-03-17,,in_transit,16875,TRK2203170001
SHP01415,CUS0122,RTE007,"Jl. Mawar No. 68, Jakarta","Jl. Veteran No. 247, Yogyakarta",39.0,paket_sedang,regular,2024-03-04,2024-03-07,2024-03-08,delivered,409500,TRK2403040003
SHP01416,CUS0237,RTE029,"Jl. Ahmad Yani No. 262, Surabaya","Jl. Raya Bogor No. 224, Manado",33.1,paket_sedang,regular,2022-04-05,2022-04-10,,in_transit,562700,TRK2204050002
SHP01417,CUS0249,RTE041,"Jl. Thamrin No. 216, Semarang","Jl. Melati No. 168, Solo",23.1,paket_sedang,express,2023-04-07,2023-04-08,2023-04-13,delivered,369600,TRK2304070004
SHP01418,CUS0196,RTE044,"Jl. Gajah Mada No. 229, Semarang","Jl. Sudirman No. 250, Denpasar",22.2,paket_besar,same_day,2022-12-16,2022-12-16,2022-12-18,delivered,865800,TRK2212160001
SHP01419,CUS0224,RTE013,"Jl. Hayam Wuruk No. 169, Jakarta","Jl. Hayam Wuruk No. 22, Padang",34.1,paket_besar,regular,2022-03-09,2022-03-14,,in_transit,528550,TRK2203090003
SHP01420,CUS0367,RTE017,"Jl. Kebon Jeruk No. 48, Jakarta","Jl. Anggrek No. 245, Balikpapan",30.9,paket_sedang,same_day,2023-04-01,2023-04-01,,in_transit,1668600,TRK2304010002
SHP01421,CUS0529,RTE036,"Jl. Margonda No. 144, Bandung","Jl. Ahmad Yani No. 23, Solo",15.6,fragile,express,2023-03-05,2023-03-07,,returned,327600,TRK2303050001
SHP01422,CUS0108,RTE010,"Jl. Pemuda No. 33, Jakarta","Jl. Pemuda No. 248, Denpasar",47.6,paket_sedang,express,2022-07-29,2022-08-01,2022-08-03,delivered,1570800,TRK2207290003
SHP01423,CUS0233,RTE042,"Jl. Thamrin No. 102, Semarang","Jl. Imam Bonjol No. 275, Malang",49.5,paket_kecil,express,2024-03-16,2024-03-17,2024-03-19,delivered,915750,TRK2403160004
SHP01424,CUS0547,RTE078,"Jl. Gatot Subroto No. 20, Pontianak","Jl. Mangga No. 225, Balikpapan",43.9,paket_sedang,regular,2025-01-06,2025-01-10,2025-01-10,delivered,570700,TRK2501060002
SHP01425,CUS0146,RTE030,"Jl. Kebon Jeruk No. 155, Surabaya","Jl. Setiabudi No. 137, Palembang",17.9,paket_sedang,regular,2024-04-23,2024-04-28,2024-05-03,delivered,250600,TRK2404230003
SHP01426,CUS0589,RTE038,"Jl. Sudirman No. 119, Bandung","Jl. Setiabudi No. 217, Cirebon",36.3,paket_sedang,regular,2022-02-14,2022-02-16,2022-02-16,delivered,290400,TRK2202140003
SHP01427,CUS0224,RTE018,"Jl. Cempaka No. 164, Jakarta","Jl. Melati No. 112, Pontianak",37.9,paket_sedang,regular,2022-09-01,2022-09-05,2022-09-05,delivered,435850,TRK2209010001
SHP01428,CUS0511,RTE047,"Jl. Mawar No. 83, Medan","Jl. Cempaka No. 76, Pekanbaru",33.2,paket_kecil,express,2024-03-16,2024-03-18,2024-03-23,delivered,713800,TRK2403160005
SHP01429,CUS0214,RTE005,"Jl. Diponegoro No. 290, Jakarta","Jl. Gatot Subroto No. 170, Semarang",28.0,fragile,express,2023-09-16,2023-09-17,2023-09-18,delivered,616000,TRK2309160001
SHP01430,CUS0233,RTE030,"Jl. Pahlawan No. 154, Surabaya","Jl. Gatot Subroto No. 193, Palembang",42.7,paket_besar,regular,2025-01-31,2025-02-05,,in_transit,597800,TRK2501310004
SHP01431,CUS0356,RTE033,"Jl. Kenanga No. 127, Bandung","Jl. Mangga No. 222, Semarang",39.9,dokumen,regular,2023-03-01,2023-03-04,2023-03-04,delivered,379050,TRK2303010001
SHP01432,CUS0394,RTE061,"Jl. Margonda No. 131, Denpasar","Jl. Imam Bonjol No. 91, Yogyakarta",36.4,paket_kecil,express,2024-01-01,2024-01-03,2024-01-04,delivered,782600,TRK2401010002
SHP01433,CUS0085,RTE063,"Jl. Ahmad Yani No. 59, Yogyakarta","Jl. Cendrawasih No. 33, Malang",22.2,paket_kecil,regular,2022-12-06,2022-12-09,2022-12-09,delivered,210900,TRK2212060002
SHP01434,CUS0097,RTE052,"Jl. Mangga No. 283, Makassar","Jl. Gatot Subroto No. 147, Manado",44.6,dokumen,same_day,2023-09-07,2023-09-07,,returned,1906650,TRK2309070006
SHP01435,CUS0281,RTE062,"Jl. Imam Bonjol No. 30, Yogyakarta","Jl. Margonda No. 131, Solo",40.9,paket_kecil,express,2024-07-10,2024-07-11,2024-07-11,delivered,654400,TRK2407100002
SHP01436,CUS0132,RTE076,"Jl. Pajajaran No. 65, Palembang","Jl. Kenanga No. 208, Jakarta",14.5,paket_sedang,regular,2023-02-17,2023-02-20,2023-02-22,delivered,137750,TRK2302170001
SHP01437,CUS0030,RTE020,"Jl. Cendrawasih No. 179, Surabaya","Jl. Pajajaran No. 16, Malang",28.8,paket_sedang,regular,2023-01-19,2023-01-20,2023-01-20,delivered,216000,TRK2301190002
SHP01438,CUS0194,RTE054,"Jl. Imam Bonjol No. 232, Makassar","Jl. Mawar No. 64, Balikpapan",30.0,paket_kecil,regular,2024-04-27,2024-05-01,,returned,345000,TRK2404270003
SHP01439,CUS0446,RTE010,"Jl. Sudirman No. 72, Jakarta","Jl. Hayam Wuruk No. 202, Denpasar",45.8,paket_kecil,regular,2022-10-03,2022-10-07,2022-10-09,delivered,641200,TRK2210030002
SHP01440,CUS0132,RTE018,"Jl. Raya Bogor No. 113, Jakarta","Jl. Ahmad Yani No. 279, Pontianak",2.1,paket_besar,regular,2024-06-15,2024-06-19,2024-06-24,delivered,24150,TRK2406150001
SHP01441,CUS0568,RTE029,"Jl. Cendrawasih No. 250, Surabaya","Jl. Gajah Mada No. 9, Manado",4.8,paket_besar,express,2022-05-28,2022-05-31,,in_transit,168000,TRK2205280002
SHP01442,CUS0336,RTE020,"Jl. Kebon Jeruk No. 156, Surabaya","Jl. Ahmad Yani No. 207, Malang",6.1,paket_kecil,express,2022-12-03,2022-12-04,2022-12-04,delivered,97600,TRK2212030002
SHP01443,CUS0359,RTE009,"Jl. Mawar No. 156, Jakarta","Jl. Imam Bonjol No. 185, Malang",21.8,paket_kecil,regular,2022-04-18,2022-04-22,2022-04-22,delivered,261600,TRK2204180003
SHP01444,CUS0393,RTE032,"Jl. Melati No. 66, Bandung","Jl. Imam Bonjol No. 112, Bogor",3.4,paket_sedang,same_day,2024-01-01,2024-01-01,,lost,81600,TRK2401010003
SHP01445,CUS0391,RTE079,"Jl. Kebon Jeruk No. 172, Pontianak","Jl. Gajah Mada No. 299, Jakarta",37.9,paket_sedang,express,2024-06-17,2024-06-20,2024-06-20,delivered,852750,TRK2406170003
SHP01446,CUS0270,RTE012,"Jl. Pemuda No. 24, Jakarta","Jl. Sudirman No. 111, Palembang",46.4,fragile,express,2023-10-25,2023-10-26,2023-10-25,delivered,904800,TRK2310250003
SHP01447,CUS0184,RTE043,"Jl. Hayam Wuruk No. 33, Semarang","Jl. Pajajaran No. 107, Surabaya",41.6,paket_besar,regular,2023-08-14,2023-08-17,2023-08-20,delivered,374400,TRK2308140002
SHP01448,CUS0262,RTE071,"Jl. Imam Bonjol No. 247, Pekanbaru","Jl. Diponegoro No. 93, Padang",26.7,paket_sedang,express,2022-01-02,2022-01-03,2022-01-03,delivered,547350,TRK2201020002
SHP01449,CUS0247,RTE030,"Jl. Gatot Subroto No. 130, Surabaya","Jl. Gajah Mada No. 142, Palembang",19.0,paket_besar,regular,2024-02-05,2024-02-10,2024-02-11,delivered,266000,TRK2402050003
SHP01450,CUS0300,RTE075,"Jl. Merdeka No. 77, Palembang","Jl. Gajah Mada No. 48, Padang",5.8,paket_sedang,express,2024-07-26,2024-07-29,,returned,162400,TRK2407260003
SHP01451,CUS0539,RTE067,"Jl. Mawar No. 163, Balikpapan","Jl. Merdeka No. 33, Samarinda",6.8,paket_sedang,regular,2022-01-29,2022-01-31,,in_transit,51000,TRK2201290001
SHP01452,CUS0598,RTE042,"Jl. Pemuda No. 125, Semarang","Jl. Mawar No. 254, Malang",32.6,paket_sedang,express,2023-02-02,2023-02-03,2023-02-03,delivered,603100,TRK2302020002
SHP01453,CUS0542,RTE048,"Jl. Anggrek No. 27, Medan","Jl. Thamrin No. 52, Palembang",36.2,paket_sedang,regular,2022-06-25,2022-06-30,2022-06-30,delivered,543000,TRK2206250002
SHP01454,CUS0597,RTE011,"Jl. Hayam Wuruk No. 48, Jakarta","Jl. Gatot Subroto No. 129, Medan",11.5,paket_sedang,regular,2022-12-16,2022-12-21,2022-12-22,delivered,207000,TRK2212160002
SHP01455,CUS0016,RTE063,"Jl. Kenanga No. 40, Yogyakarta","Jl. Kenanga No. 234, Malang",5.0,paket_sedang,regular,2024-12-10,2024-12-13,2024-12-13,delivered,47500,TRK2412100004
SHP01456,CUS0309,RTE017,"Jl. Hayam Wuruk No. 233, Jakarta","Jl. Thamrin No. 209, Balikpapan",32.2,paket_sedang,regular,2022-10-20,2022-10-25,,delivered,483000,TRK2210200003
SHP01457,CUS0439,RTE075,"Jl. Raya Bogor No. 102, Palembang","Jl. Veteran No. 37, Padang",18.7,paket_kecil,same_day,2023-02-06,2023-02-06,2023-02-06,delivered,785400,TRK2302060001
SHP01458,CUS0035,RTE007,"Jl. Pahlawan No. 100, Jakarta","Jl. Thamrin No. 95, Yogyakarta",48.0,paket_sedang,regular,2023-11-18,2023-11-21,2023-11-24,delivered,504000,TRK2311180002
SHP01459,CUS0020,RTE042,"Jl. Diponegoro No. 87, Semarang","Jl. Pemuda No. 49, Malang",4.9,paket_besar,regular,2024-04-06,2024-04-09,2024-04-09,delivered,46550,TRK2404060002
SHP01460,CUS0038,RTE014,"Jl. Hayam Wuruk No. 39, Jakarta","Jl. Ahmad Yani No. 164, Pekanbaru",37.0,paket_sedang,regular,2022-07-15,2022-07-20,2022-07-25,delivered,518000,TRK2207150004
SHP01461,CUS0412,RTE055,"Jl. Veteran No. 106, Makassar","Jl. Pajajaran No. 266, Surabaya",7.1,paket_kecil,regular,2023-07-24,2023-07-28,2023-07-27,delivered,85200,TRK2307240001
SHP01462,CUS0328,RTE030,"Jl. Mangga No. 67, Surabaya","Jl. Pahlawan No. 91, Palembang",2.5,paket_kecil,express,2022-02-26,2022-03-01,2022-03-01,delivered,67500,TRK2202260002
SHP01463,CUS0048,RTE010,"Jl. Asia Afrika No. 107, Jakarta","Jl. Ahmad Yani No. 274, Denpasar",15.4,paket_kecil,regular,2023-01-30,2023-02-03,,delivered,215600,TRK2301300003
SHP01464,CUS0234,RTE023,"Jl. Gajah Mada No. 93, Surabaya","Jl. Anggrek No. 194, Denpasar",47.8,paket_kecil,regular,2022-11-21,2022-11-24,2022-11-24,delivered,454100,TRK2211210004
SHP01465,CUS0261,RTE043,"Jl. Cendrawasih No. 146, Semarang","Jl. Hayam Wuruk No. 65, Surabaya",10.9,paket_kecil,regular,2023-09-04,2023-09-07,2023-09-09,delivered,98100,TRK2309040001
SHP01466,CUS0306,RTE079,"Jl. Mawar No. 220, Pontianak","Jl. Sudirman No. 89, Jakarta",13.3,paket_sedang,regular,2023-01-31,2023-02-04,,returned,152950,TRK2301310001
SHP01467,CUS0275,RTE023,"Jl. Pajajaran No. 28, Surabaya","Jl. Pajajaran No. 299, Denpasar",47.5,paket_kecil,same_day,2024-07-18,2024-07-18,,returned,1496250,TRK2407180004
SHP01468,CUS0485,RTE032,"Jl. Ahmad Yani No. 294, Bandung","Jl. Kenanga No. 185, Bogor",8.9,paket_sedang,regular,2023-12-31,2024-01-02,,in_transit,71200,TRK2312310002
SHP01469,CUS0415,RTE012,"Jl. Hayam Wuruk No. 91, Jakarta","Jl. Imam Bonjol No. 207, Palembang",18.6,paket_kecil,regular,2023-07-02,2023-07-05,2023-07-06,delivered,176700,TRK2307020003
SHP01470,CUS0400,RTE021,"Jl. Gajah Mada No. 127, Surabaya","Jl. Kebon Jeruk No. 262, Yogyakarta",3.1,fragile,regular,2023-09-07,2023-09-10,2023-09-10,delivered,27900,TRK2309070007
SHP01471,CUS0485,RTE048,"Jl. Veteran No. 128, Medan","Jl. Imam Bonjol No. 298, Palembang",34.9,paket_kecil,regular,2023-07-09,2023-07-14,2023-07-17,delivered,523500,TRK2307090002
SHP01472,CUS0404,RTE056,"Jl. Pajajaran No. 163, Makassar","Jl. Raya Bogor No. 120, Kendari",17.0,paket_sedang,express,2024-04-15,2024-04-16,,returned,323000,TRK2404150002
SHP01473,CUS0131,RTE074,"Jl. Kenanga No. 174, Palembang","Jl. Pajajaran No. 128, Lampung",7.8,paket_kecil,same_day,2024-03-06,2024-03-06,,in_transit,269100,TRK2403060001
SHP01474,CUS0506,RTE076,"Jl. Diponegoro No. 153, Palembang","Jl. Asia Afrika No. 174, Jakarta",23.8,paket_kecil,regular,2024-05-06,2024-05-09,2024-05-14,delivered,226100,TRK2405060001
SHP01475,CUS0561,RTE029,"Jl. Hayam Wuruk No. 139, Surabaya","Jl. Merdeka No. 147, Manado",20.6,paket_kecil,same_day,2024-05-28,2024-05-28,2024-05-28,delivered,1081500,TRK2405280004
SHP01476,CUS0592,RTE004,"Jl. Cendrawasih No. 52, Jakarta","Jl. Imam Bonjol No. 276, Bekasi",7.4,paket_sedang,express,2023-04-30,2023-05-01,,returned,114700,TRK2304300002
SHP01477,CUS0560,RTE010,"Jl. Cendrawasih No. 50, Jakarta","Jl. Gajah Mada No. 115, Denpasar",33.7,paket_sedang,regular,2024-03-17,2024-03-21,2024-03-24,delivered,471800,TRK2403170001
SHP01478,CUS0528,RTE026,"Jl. Margonda No. 237, Surabaya","Jl. Gatot Subroto No. 15, Solo",12.3,paket_sedang,regular,2024-08-28,2024-08-30,2024-08-30,delivered,104550,TRK2408280002
SHP01479,CUS0061,RTE061,"Jl. Margonda No. 86, Denpasar","Jl. Setiabudi No. 3, Yogyakarta",47.2,paket_kecil,express,2024-05-17,2024-05-19,,in_transit,1014800,TRK2405170005
SHP01480,CUS0494,RTE071,"Jl. Margonda No. 10, Pekanbaru","Jl. Kenanga No. 72, Padang",19.4,paket_kecil,regular,2022-08-30,2022-09-01,,in_transit,164900,TRK2208300002
SHP01481,CUS0135,RTE016,"Jl. Pemuda No. 204, Jakarta","Jl. Merdeka No. 153, Manado",39.2,paket_sedang,regular,2023-10-25,2023-11-01,2023-11-02,delivered,842800,TRK2310250004
SHP01482,CUS0148,RTE075,"Jl. Kebon Jeruk No. 85, Palembang","Jl. Imam Bonjol No. 152, Padang",17.3,paket_sedang,regular,2022-08-11,2022-08-15,2022-08-16,delivered,233550,TRK2208110001
SHP01483,CUS0600,RTE076,"Jl. Kebon Jeruk No. 154, Palembang","Jl. Sudirman No. 111, Jakarta",19.8,paket_sedang,express,2022-06-13,2022-06-15,2022-06-20,delivered,366300,TRK2206130003
SHP01484,CUS0113,RTE024,"Jl. Kebon Jeruk No. 212, Surabaya","Jl. Margonda No. 197, Bandung",36.0,paket_sedang,regular,2024-04-19,2024-04-23,2024-04-24,delivered,414000,TRK2404190003
SHP01485,CUS0027,RTE053,"Jl. Raya Bogor No. 282, Makassar","Jl. Veteran No. 112, Denpasar",16.5,paket_sedang,regular,2022-08-03,2022-08-07,2022-08-12,delivered,189750,TRK2208030001
SHP01486,CUS0111,RTE022,"Jl. Gajah Mada No. 293, Surabaya","Jl. Sudirman No. 59, Semarang",20.1,paket_besar,express,2023-07-12,2023-07-13,2023-07-15,delivered,361800,TRK2307120001
SHP01487,CUS0035,RTE011,"Jl. Merdeka No. 116, Jakarta","Jl. Veteran No. 140, Medan",48.6,paket_kecil,express,2024-05-08,2024-05-11,2024-05-13,delivered,1822500,TRK2405080002
SHP01488,CUS0211,RTE036,"Jl. Kenanga No. 52, Bandung","Jl. Pemuda No. 24, Solo",41.3,paket_sedang,express,2023-06-28,2023-06-30,2023-06-30,delivered,867300,TRK2306280002
SHP01489,CUS0064,RTE010,"Jl. Cendrawasih No. 253, Jakarta","Jl. Cempaka No. 111, Denpasar",2.0,fragile,express,2022-07-06,2022-07-09,2022-07-09,delivered,66000,TRK2207060001
SHP01490,CUS0011,RTE037,"Jl. Mangga No. 43, Bandung","Jl. Setiabudi No. 13, Malang",2.5,paket_kecil,regular,2022-03-21,2022-03-25,2022-03-25,delivered,30000,TRK2203210003
SHP01491,CUS0576,RTE054,"Jl. Cendrawasih No. 61, Makassar","Jl. Imam Bonjol No. 279, Balikpapan",50.0,paket_besar,regular,2022-03-23,2022-03-27,2022-03-27,delivered,575000,TRK2203230001
SHP01492,CUS0148,RTE016,"Jl. Setiabudi No. 103, Jakarta","Jl. Ahmad Yani No. 257, Manado",44.8,fragile,regular,2023-06-19,2023-06-26,,lost,963200,TRK2306190002
SHP01493,CUS0160,RTE008,"Jl. Merdeka No. 164, Jakarta","Jl. Merdeka No. 39, Solo",21.3,paket_sedang,express,2022-07-16,2022-07-18,2022-07-19,delivered,532500,TRK2207160005
SHP01494,CUS0103,RTE027,"Jl. Kenanga No. 196, Surabaya","Jl. Thamrin No. 41, Medan",16.3,paket_sedang,express,2022-06-26,2022-06-29,2022-07-01,delivered,700900,TRK2206260003
SHP01495,CUS0119,RTE027,"Jl. Diponegoro No. 51, Surabaya","Jl. Mangga No. 159, Medan",46.3,paket_besar,regular,2023-09-14,2023-09-20,,in_transit,972300,TRK2309140002
SHP01496,CUS0476,RTE001,"Jl. Pahlawan No. 267, Jakarta","Jl. Kenanga No. 46, Bandung",14.5,paket_kecil,express,2024-07-29,2024-07-30,2024-08-02,delivered,246500,TRK2407290002
SHP01497,CUS0307,RTE041,"Jl. Diponegoro No. 249, Semarang","Jl. Margonda No. 39, Solo",38.7,paket_sedang,regular,2024-09-02,2024-09-04,,returned,290250,TRK2409020002
SHP01498,CUS0523,RTE048,"Jl. Melati No. 195, Medan","Jl. Pemuda No. 220, Palembang",9.5,dokumen,express,2022-06-13,2022-06-16,2022-06-15,delivered,285000,TRK2206130004
SHP01499,CUS0512,RTE039,"Jl. Cempaka No. 57, Bandung","Jl. Raya Bogor No. 195, Denpasar",6.2,paket_sedang,regular,2022-12-13,2022-12-17,2022-12-17,delivered,83700,TRK2212130005
SHP01500,CUS0156,RTE016,"Jl. Gajah Mada No. 146, Jakarta","Jl. Thamrin No. 39, Manado",35.5,dokumen,regular,2023-03-23,2023-03-30,2023-03-30,delivered,763250,TRK2303230002
SHP01501,CUS0421,RTE077,"Jl. Raya Bogor No. 222, Pontianak","Jl. Raya Bogor No. 95, Singkawang",19.5,paket_sedang,regular,2023-12-07,2023-12-09,2023-12-09,delivered,156000,TRK2312070002
SHP01502,CUS0331,RTE023,"Jl. Setiabudi No. 255, Surabaya","Jl. Pajajaran No. 160, Denpasar",44.7,dokumen,express,2024-01-15,2024-01-16,2024-01-16,delivered,938700,TRK2401150001
SHP01503,CUS0067,RTE060,"Jl. Mangga No. 278, Denpasar","Jl. Cempaka No. 142, Makassar",26.1,fragile,regular,2024-05-22,2024-05-26,2024-05-26,delivered,300150,TRK2405220001
SHP01504,CUS0290,RTE065,"Jl. Mangga No. 114, Yogyakarta","Jl. Thamrin No. 16, Surabaya",18.5,paket_sedang,express,2023-11-29,2023-11-30,2023-11-30,delivered,314500,TRK2311290003
SHP01505,CUS0357,RTE052,"Jl. Merdeka No. 188, Makassar","Jl. Gajah Mada No. 259, Manado",14.9,paket_kecil,regular,2024-07-07,2024-07-12,,in_transit,223500,TRK2407070002
SHP01506,CUS0089,RTE059,"Jl. Diponegoro No. 200, Denpasar","Jl. Imam Bonjol No. 69, Lombok",38.0,paket_kecil,regular,2022-02-23,2022-02-25,2022-02-25,delivered,304000,TRK2202230003
SHP01507,CUS0009,RTE061,"Jl. Sudirman No. 22, Denpasar","Jl. Gatot Subroto No. 151, Yogyakarta",43.0,paket_sedang,regular,2022-08-16,2022-08-19,2022-08-21,delivered,473000,TRK2208160003
SHP01508,CUS0006,RTE049,"Jl. Anggrek No. 216, Medan","Jl. Pahlawan No. 134, Banda Aceh",2.1,paket_besar,regular,2022-07-30,2022-08-02,2022-08-05,delivered,22050,TRK2207300003
SHP01509,CUS0004,RTE053,"Jl. Cendrawasih No. 278, Makassar","Jl. Cempaka No. 31, Denpasar",33.6,fragile,same_day,2022-07-25,2022-07-25,2022-07-26,delivered,1386000,TRK2207250003
SHP01510,CUS0550,RTE019,"Jl. Sudirman No. 242, Jakarta","Jl. Cendrawasih No. 87, Banjarmasin",9.7,paket_besar,regular,2023-12-21,2023-12-25,2023-12-28,delivered,130950,TRK2312210001
SHP01511,CUS0166,RTE018,"Jl. Veteran No. 74, Jakarta","Jl. Kenanga No. 76, Pontianak",9.1,paket_sedang,regular,2022-01-27,2022-01-31,2022-02-01,delivered,104650,TRK2201270002
SHP01512,CUS0483,RTE042,"Jl. Diponegoro No. 270, Semarang","Jl. Merdeka No. 184, Malang",50.0,paket_sedang,regular,2022-03-07,2022-03-10,2022-03-09,delivered,475000,TRK2203070001
SHP01513,CUS0095,RTE005,"Jl. Pajajaran No. 284, Jakarta","Jl. Ahmad Yani No. 232, Semarang",30.3,paket_kecil,regular,2022-07-28,2022-07-31,2022-08-02,delivered,287850,TRK2207280004
SHP01514,CUS0253,RTE045,"Jl. Raya Bogor No. 16, Semarang","Jl. Setiabudi No. 161, Medan",9.8,fragile,regular,2022-10-26,2022-11-01,2022-11-01,delivered,196000,TRK2210260003
SHP01515,CUS0544,RTE076,"Jl. Diponegoro No. 4, Palembang","Jl. Cendrawasih No. 149, Jakarta",6.0,paket_besar,express,2024-01-07,2024-01-09,,in_transit,111000,TRK2401070001
SHP01516,CUS0502,RTE072,"Jl. Thamrin No. 238, Pekanbaru","Jl. Anggrek No. 124, Palembang",1.6,fragile,regular,2022-05-30,2022-06-03,,lost,18400,TRK2205300002
SHP01517,CUS0025,RTE039,"Jl. Asia Afrika No. 148, Bandung","Jl. Margonda No. 169, Denpasar",12.2,dokumen,regular,2022-09-16,2022-09-20,2022-09-22,delivered,164700,TRK2209160001
SHP01518,CUS0523,RTE013,"Jl. Kebon Jeruk No. 135, Jakarta","Jl. Pemuda No. 241, Padang",27.8,paket_besar,regular,2022-09-21,2022-09-26,2022-09-27,delivered,430900,TRK2209210003
SHP01519,CUS0180,RTE011,"Jl. Kebon Jeruk No. 262, Jakarta","Jl. Raya Bogor No. 285, Medan",46.3,paket_kecil,regular,2023-03-31,2023-04-05,2023-04-07,delivered,833400,TRK2303310002
SHP01520,CUS0510,RTE072,"Jl. Kebon Jeruk No. 13, Pekanbaru","Jl. Raya Bogor No. 117, Palembang",23.3,paket_sedang,regular,2022-10-26,2022-10-30,2022-10-30,delivered,267950,TRK2210260004
SHP01521,CUS0456,RTE033,"Jl. Veteran No. 207, Bandung","Jl. Cempaka No. 295, Semarang",0.8,paket_besar,express,2023-10-24,2023-10-26,2023-10-31,delivered,15200,TRK2310240003
SHP01522,CUS0505,RTE048,"Jl. Mangga No. 293, Medan","Jl. Pemuda No. 11, Palembang",27.3,paket_kecil,express,2022-01-02,2022-01-05,2022-01-07,delivered,819000,TRK2201020003
SHP01523,CUS0441,RTE073,"Jl. Kebon Jeruk No. 26, Pekanbaru","Jl. Margonda No. 153, Medan",18.0,paket_kecil,express,2025-01-17,2025-01-18,2025-01-18,delivered,414000,TRK2501170001
SHP01524,CUS0387,RTE009,"Jl. Pajajaran No. 25, Jakarta","Jl. Imam Bonjol No. 170, Malang",21.1,paket_kecil,regular,2023-07-14,2023-07-18,2023-07-18,delivered,253200,TRK2307140003
SHP01525,CUS0045,RTE011,"Jl. Imam Bonjol No. 163, Jakarta","Jl. Diponegoro No. 228, Medan",20.8,fragile,regular,2022-05-22,2022-05-27,2022-05-27,delivered,374400,TRK2205220001
SHP01526,CUS0566,RTE008,"Jl. Diponegoro No. 184, Jakarta","Jl. Veteran No. 11, Solo",25.7,paket_kecil,same_day,2024-03-27,2024-03-27,2024-03-28,delivered,963750,TRK2403270003
SHP01527,CUS0165,RTE079,"Jl. Imam Bonjol No. 152, Pontianak","Jl. Ahmad Yani No. 155, Jakarta",23.0,paket_besar,regular,2023-10-24,2023-10-28,,in_transit,264500,TRK2310240004
SHP01528,CUS0010,RTE069,"Jl. Pemuda No. 95, Balikpapan","Jl. Veteran No. 73, Pontianak",45.1,paket_kecil,regular,2024-11-15,2024-11-19,,lost,586300,TRK2411150001
SHP01529,CUS0005,RTE005,"Jl. Ahmad Yani No. 41, Jakarta","Jl. Mawar No. 65, Semarang",15.5,paket_besar,regular,2023-05-21,2023-05-24,2023-05-27,delivered,147250,TRK2305210001
SHP01530,CUS0408,RTE077,"Jl. Asia Afrika No. 168, Pontianak","Jl. Kenanga No. 174, Singkawang",15.8,paket_kecil,express,2022-02-28,2022-03-01,2022-03-01,delivered,276500,TRK2202280001
SHP01531,CUS0511,RTE073,"Jl. Imam Bonjol No. 8, Pekanbaru","Jl. Pahlawan No. 143, Medan",8.3,paket_sedang,regular,2023-03-13,2023-03-16,2023-03-16,delivered,78850,TRK2303130002
SHP01532,CUS0148,RTE080,"Jl. Hayam Wuruk No. 150, Manado","Jl. Gajah Mada No. 93, Gorontalo",46.6,paket_besar,regular,2025-01-06,2025-01-09,2025-01-12,delivered,442700,TRK2501060003
SHP01533,CUS0143,RTE068,"Jl. Imam Bonjol No. 116, Balikpapan","Jl. Thamrin No. 144, Banjarmasin",1.1,paket_besar,express,2024-06-10,2024-06-12,2024-06-12,delivered,23650,TRK2406100004
SHP01534,CUS0093,RTE057,"Jl. Pahlawan No. 51, Denpasar","Jl. Melati No. 152, Mataram",47.6,paket_sedang,regular,2022-02-24,2022-02-26,,in_transit,380800,TRK2202240001
SHP01535,CUS0310,RTE012,"Jl. Cendrawasih No. 238, Jakarta","Jl. Kenanga No. 91, Palembang",45.3,paket_kecil,regular,2022-12-27,2022-12-30,2023-01-02,delivered,430350,TRK2212270002
SHP01536,CUS0392,RTE078,"Jl. Merdeka No. 244, Pontianak","Jl. Sudirman No. 203, Balikpapan",11.1,paket_kecil,regular,2022-03-09,2022-03-13,2022-03-18,delivered,144300,TRK2203090004
SHP01537,CUS0125,RTE030,"Jl. Mangga No. 81, Surabaya","Jl. Anggrek No. 24, Palembang",15.2,paket_besar,regular,2022-01-16,2022-01-21,2022-01-21,delivered,212800,TRK2201160003
SHP01538,CUS0047,RTE054,"Jl. Asia Afrika No. 300, Makassar","Jl. Thamrin No. 55, Balikpapan",28.9,paket_sedang,regular,2024-02-05,2024-02-09,,returned,332350,TRK2402050004
SHP01539,CUS0232,RTE063,"Jl. Cempaka No. 250, Yogyakarta","Jl. Gatot Subroto No. 32, Malang",0.2,paket_sedang,regular,2023-12-01,2023-12-04,2023-12-04,delivered,1900,TRK2312010002
SHP01540,CUS0386,RTE019,"Jl. Pahlawan No. 175, Jakarta","Jl. Imam Bonjol No. 144, Banjarmasin",35.0,dokumen,same_day,2024-01-25,2024-01-25,2024-01-25,delivered,1548750,TRK2401250002
SHP01541,CUS0317,RTE001,"Jl. Pajajaran No. 231, Jakarta","Jl. Mangga No. 74, Bandung",11.4,paket_kecil,same_day,2023-12-06,2023-12-06,2023-12-08,delivered,290700,TRK2312060003
SHP01542,CUS0223,RTE018,"Jl. Pajajaran No. 120, Jakarta","Jl. Gatot Subroto No. 198, Pontianak",32.6,paket_sedang,express,2022-06-04,2022-06-07,2022-06-07,delivered,766100,TRK2206040001
SHP01543,CUS0386,RTE038,"Jl. Mawar No. 148, Bandung","Jl. Veteran No. 228, Cirebon",0.7,paket_besar,express,2023-08-29,2023-08-30,,returned,11900,TRK2308290001
SHP01544,CUS0362,RTE026,"Jl. Raya Bogor No. 54, Surabaya","Jl. Gatot Subroto No. 232, Solo",48.7,paket_sedang,regular,2024-05-26,2024-05-28,2024-05-28,delivered,413950,TRK2405260001
SHP01545,CUS0353,RTE023,"Jl. Raya Bogor No. 242, Surabaya","Jl. Kebon Jeruk No. 215, Denpasar",3.4,dokumen,express,2022-11-24,2022-11-25,2022-11-26,delivered,71400,TRK2211240002
SHP01546,CUS0329,RTE062,"Jl. Kenanga No. 29, Yogyakarta","Jl. Cendrawasih No. 38, Solo",39.9,paket_sedang,regular,2022-09-28,2022-09-29,2022-09-29,delivered,299250,TRK2209280001
SHP01547,CUS0117,RTE051,"Jl. Melati No. 281, Medan","Jl. Raya Bogor No. 227, Batam",1.3,paket_sedang,express,2024-05-25,2024-05-27,2024-05-27,delivered,33150,TRK2405250002
SHP01548,CUS0252,RTE018,"Jl. Diponegoro No. 102, Jakarta","Jl. Raya Bogor No. 249, Pontianak",6.2,paket_kecil,regular,2022-05-27,2022-05-31,2022-06-03,delivered,71300,TRK2205270004
SHP01549,CUS0388,RTE067,"Jl. Pajajaran No. 146, Balikpapan","Jl. Kebon Jeruk No. 263, Samarinda",18.4,paket_kecil,express,2022-06-21,2022-06-22,2022-06-22,delivered,312800,TRK2206210003
SHP01550,CUS0156,RTE078,"Jl. Pemuda No. 99, Pontianak","Jl. Sudirman No. 21, Balikpapan",1.5,paket_besar,regular,2023-11-21,2023-11-25,2023-11-27,delivered,19500,TRK2311210001
SHP01551,CUS0252,RTE073,"Jl. Setiabudi No. 276, Pekanbaru","Jl. Mangga No. 77, Medan",43.7,paket_besar,regular,2023-03-01,2023-03-04,,in_transit,415150,TRK2303010002
SHP01552,CUS0147,RTE034,"Jl. Cendrawasih No. 177, Bandung","Jl. Cempaka No. 258, Yogyakarta",42.6,paket_kecil,regular,2022-09-17,2022-09-20,,returned,404700,TRK2209170005
SHP01553,CUS0491,RTE069,"Jl. Margonda No. 133, Balikpapan","Jl. Asia Afrika No. 252, Pontianak",33.0,paket_kecil,express,2024-10-14,2024-10-17,,lost,1056000,TRK2410140004
SHP01554,CUS0423,RTE044,"Jl. Mangga No. 37, Semarang","Jl. Hayam Wuruk No. 108, Denpasar",46.0,paket_kecil,regular,2022-07-21,2022-07-25,,delivered,529000,TRK2207210003
SHP01555,CUS0282,RTE004,"Jl. Imam Bonjol No. 181, Jakarta","Jl. Pahlawan No. 220, Bekasi",19.7,paket_kecil,regular,2023-03-28,2023-03-29,2023-04-01,delivered,137900,TRK2303280001
SHP01556,CUS0378,RTE009,"Jl. Diponegoro No. 250, Jakarta","Jl. Pahlawan No. 144, Malang",15.9,paket_kecil,regular,2024-09-28,2024-10-02,2024-10-07,delivered,190800,TRK2409280002
SHP01557,CUS0375,RTE051,"Jl. Hayam Wuruk No. 198, Medan","Jl. Cempaka No. 241, Batam",48.9,paket_kecil,regular,2024-11-13,2024-11-17,2024-11-17,delivered,586800,TRK2411130003
SHP01558,CUS0437,RTE021,"Jl. Pahlawan No. 143, Surabaya","Jl. Mangga No. 148, Yogyakarta",35.4,paket_besar,regular,2023-09-21,2023-09-24,2023-09-24,delivered,318600,TRK2309210002
SHP01559,CUS0142,RTE041,"Jl. Sudirman No. 212, Semarang","Jl. Mangga No. 67, Solo",48.5,paket_sedang,regular,2024-12-29,2024-12-31,2025-01-03,delivered,363750,TRK2412290001
SHP01560,CUS0113,RTE019,"Jl. Raya Bogor No. 28, Jakarta","Jl. Cendrawasih No. 65, Banjarmasin",37.6,paket_besar,same_day,2024-10-05,2024-10-05,2024-10-05,delivered,1663800,TRK2410050001
SHP01561,CUS0237,RTE041,"Jl. Margonda No. 12, Semarang","Jl. Cempaka No. 226, Solo",29.3,paket_kecil,express,2023-07-06,2023-07-07,2023-07-10,delivered,468800,TRK2307060003
SHP01562,CUS0075,RTE017,"Jl. Mangga No. 57, Jakarta","Jl. Pemuda No. 224, Balikpapan",43.4,paket_sedang,regular,2023-01-17,2023-01-22,2023-01-22,delivered,651000,TRK2301170004
SHP01563,CUS0201,RTE038,"Jl. Melati No. 237, Bandung","Jl. Kenanga No. 4, Cirebon",14.4,paket_kecil,express,2024-08-07,2024-08-08,2024-08-11,delivered,244800,TRK2408070002
SHP01564,CUS0141,RTE048,"Jl. Asia Afrika No. 267, Medan","Jl. Pemuda No. 27, Palembang",23.0,paket_kecil,express,2024-12-20,2024-12-23,2024-12-23,delivered,690000,TRK2412200002
SHP01565,CUS0300,RTE058,"Jl. Kenanga No. 74, Denpasar","Jl. Setiabudi No. 125, Surabaya",9.7,paket_sedang,regular,2022-04-25,2022-04-28,2022-05-01,delivered,92150,TRK2204250002
SHP01566,CUS0277,RTE041,"Jl. Gatot Subroto No. 203, Semarang","Jl. Melati No. 205, Solo",38.3,paket_sedang,regular,2023-02-08,2023-02-10,2023-02-10,delivered,287250,TRK2302080002
SHP01567,CUS0225,RTE018,"Jl. Anggrek No. 219, Jakarta","Jl. Merdeka No. 3, Pontianak",5.7,fragile,regular,2022-02-25,2022-03-01,,lost,65550,TRK2202250004
SHP01568,CUS0051,RTE067,"Jl. Pemuda No. 258, Balikpapan","Jl. Ahmad Yani No. 65, Samarinda",19.4,paket_kecil,express,2023-02-21,2023-02-22,2023-02-22,delivered,329800,TRK2302210002
SHP01569,CUS0218,RTE055,"Jl. Mawar No. 296, Makassar","Jl. Imam Bonjol No. 12, Surabaya",47.4,paket_sedang,express,2025-01-11,2025-01-14,2025-01-15,delivered,1279800,TRK2501110002
SHP01570,CUS0511,RTE011,"Jl. Margonda No. 106, Jakarta","Jl. Imam Bonjol No. 5, Medan",42.6,paket_sedang,regular,2023-08-09,2023-08-14,2023-08-17,delivered,766800,TRK2308090002
SHP01571,CUS0137,RTE004,"Jl. Kenanga No. 190, Jakarta","Jl. Cendrawasih No. 144, Bekasi",28.5,paket_besar,regular,2023-01-20,2023-01-21,2023-01-21,delivered,199500,TRK2301200003
SHP01572,CUS0379,RTE012,"Jl. Mangga No. 111, Jakarta","Jl. Gajah Mada No. 26, Palembang",41.3,fragile,regular,2022-06-08,2022-06-11,2022-06-11,delivered,392350,TRK2206080001
SHP01573,CUS0340,RTE038,"Jl. Imam Bonjol No. 57, Bandung","Jl. Melati No. 177, Cirebon",39.4,paket_sedang,express,2022-05-03,2022-05-04,,in_transit,669800,TRK2205030004
SHP01574,CUS0554,RTE007,"Jl. Merdeka No. 269, Jakarta","Jl. Pajajaran No. 261, Yogyakarta",28.9,paket_besar,same_day,2022-03-15,2022-03-15,2022-03-15,delivered,997050,TRK2203150002
SHP01575,CUS0070,RTE008,"Jl. Pemuda No. 32, Jakarta","Jl. Ahmad Yani No. 124, Solo",3.3,paket_sedang,express,2023-11-28,2023-11-30,2023-11-30,delivered,82500,TRK2311280002
SHP01576,CUS0219,RTE043,"Jl. Merdeka No. 268, Semarang","Jl. Kebon Jeruk No. 53, Surabaya",13.8,paket_sedang,express,2023-09-28,2023-09-29,2023-09-30,delivered,248400,TRK2309280001
SHP01577,CUS0361,RTE065,"Jl. Thamrin No. 101, Yogyakarta","Jl. Thamrin No. 7, Surabaya",5.2,paket_sedang,regular,2024-02-21,2024-02-24,,delivered,46800,TRK2402210002
SHP01578,CUS0289,RTE058,"Jl. Asia Afrika No. 250, Denpasar","Jl. Mawar No. 282, Surabaya",13.2,dokumen,express,2022-03-18,2022-03-19,,in_transit,283800,TRK2203180002
SHP01579,CUS0159,RTE060,"Jl. Raya Bogor No. 53, Denpasar","Jl. Imam Bonjol No. 270, Makassar",34.7,paket_sedang,regular,2024-09-17,2024-09-21,,returned,399050,TRK2409170001
SHP01580,CUS0106,RTE056,"Jl. Gatot Subroto No. 55, Makassar","Jl. Gajah Mada No. 265, Kendari",46.4,paket_sedang,express,2024-05-15,2024-05-16,2024-05-16,delivered,881600,TRK2405150004
SHP01581,CUS0583,RTE074,"Jl. Melati No. 198, Palembang","Jl. Mawar No. 183, Lampung",29.0,paket_besar,regular,2023-02-12,2023-02-15,2023-02-15,delivered,275500,TRK2302120002
SHP01582,CUS0068,RTE061,"Jl. Thamrin No. 165, Denpasar","Jl. Sudirman No. 171, Yogyakarta",48.5,paket_sedang,regular,2023-01-24,2023-01-27,2023-01-27,delivered,533500,TRK2301240003
SHP01583,CUS0553,RTE009,"Jl. Mangga No. 179, Jakarta","Jl. Cendrawasih No. 168, Malang",22.0,paket_kecil,regular,2023-05-21,2023-05-25,2023-05-25,delivered,264000,TRK2305210002
SHP01584,CUS0246,RTE032,"Jl. Mangga No. 261, Bandung","Jl. Pahlawan No. 145, Bogor",8.0,paket_sedang,regular,2022-07-13,2022-07-15,2022-07-16,delivered,64000,TRK2207130003
SHP01585,CUS0494,RTE043,"Jl. Kenanga No. 23, Semarang","Jl. Gatot Subroto No. 170, Surabaya",27.0,paket_kecil,regular,2024-05-26,2024-05-29,2024-05-30,delivered,243000,TRK2405260002
SHP01586,CUS0214,RTE001,"Jl. Setiabudi No. 104, Jakarta","Jl. Sudirman No. 78, Bandung",39.5,paket_kecil,regular,2024-08-04,2024-08-06,2024-08-06,delivered,316000,TRK2408040001
SHP01587,CUS0394,RTE056,"Jl. Mangga No. 287, Makassar","Jl. Kebon Jeruk No. 114, Kendari",12.8,dokumen,regular,2022-05-06,2022-05-09,2022-05-09,delivered,121600,TRK2205060002
SHP01588,CUS0129,RTE067,"Jl. Gajah Mada No. 154, Balikpapan","Jl. Cendrawasih No. 55, Samarinda",48.4,dokumen,express,2024-08-14,2024-08-15,,returned,822800,TRK2408140002
SHP01589,CUS0196,RTE001,"Jl. Kenanga No. 289, Jakarta","Jl. Melati No. 65, Bandung",44.3,paket_besar,express,2024-07-24,2024-07-25,2024-07-27,delivered,753100,TRK2407240003
SHP01590,CUS0230,RTE072,"Jl. Margonda No. 86, Pekanbaru","Jl. Melati No. 244, Palembang",23.5,fragile,same_day,2022-08-26,2022-08-26,2022-08-26,delivered,810750,TRK2208260003
SHP01591,CUS0514,RTE038,"Jl. Diponegoro No. 164, Bandung","Jl. Diponegoro No. 247, Cirebon",32.7,fragile,regular,2022-01-03,2022-01-05,2022-01-07,delivered,261600,TRK2201030004
SHP01592,CUS0063,RTE002,"Jl. Mawar No. 43, Jakarta","Jl. Diponegoro No. 38, Bogor",2.5,paket_kecil,regular,2022-10-16,2022-10-17,2022-10-17,delivered,18750,TRK2210160001
SHP01593,CUS0298,RTE063,"Jl. Merdeka No. 27, Yogyakarta","Jl. Gajah Mada No. 248, Malang",42.5,paket_sedang,regular,2024-08-19,2024-08-22,,lost,403750,TRK2408190001
SHP01594,CUS0097,RTE080,"Jl. Margonda No. 219, Manado","Jl. Asia Afrika No. 297, Gorontalo",29.2,paket_sedang,regular,2024-01-18,2024-01-21,2024-01-23,delivered,277400,TRK2401180001
SHP01595,CUS0445,RTE045,"Jl. Setiabudi No. 205, Semarang","Jl. Imam Bonjol No. 234, Medan",20.4,dokumen,express,2024-02-13,2024-02-16,,lost,918000,TRK2402130002
SHP01596,CUS0537,RTE031,"Jl. Merdeka No. 148, Surabaya","Jl. Setiabudi No. 137, Pekanbaru",0.9,paket_sedang,regular,2022-11-08,2022-11-13,2022-11-13,delivered,15300,TRK2211080002
SHP01597,CUS0289,RTE018,"Jl. Raya Bogor No. 195, Jakarta","Jl. Raya Bogor No. 187, Pontianak",9.9,paket_sedang,regular,2023-01-09,2023-01-13,2023-01-13,delivered,113850,TRK2301090001
SHP01598,CUS0091,RTE075,"Jl. Gatot Subroto No. 133, Palembang","Jl. Veteran No. 7, Padang",23.0,paket_kecil,regular,2024-09-06,2024-09-10,2024-09-11,delivered,310500,TRK2409060003
SHP01599,CUS0432,RTE007,"Jl. Setiabudi No. 59, Jakarta","Jl. Hayam Wuruk No. 253, Yogyakarta",39.5,paket_sedang,regular,2023-11-05,2023-11-08,2023-11-07,delivered,414750,TRK2311050003
SHP01600,CUS0099,RTE006,"Jl. Gatot Subroto No. 204, Jakarta","Jl. Margonda No. 78, Surabaya",21.0,dokumen,regular,2022-10-03,2022-10-07,,in_transit,241500,TRK2210030003
SHP01601,CUS0411,RTE045,"Jl. Kenanga No. 293, Semarang","Jl. Margonda No. 107, Medan",33.5,paket_besar,regular,2024-07-22,2024-07-28,2024-07-31,delivered,670000,TRK2407220002
SHP01602,CUS0209,RTE029,"Jl. Hayam Wuruk No. 148, Surabaya","Jl. Anggrek No. 257, Manado",35.7,paket_kecil,regular,2023-01-18,2023-01-23,2023-01-23,delivered,606900,TRK2301180003
SHP01603,CUS0585,RTE052,"Jl. Melati No. 292, Makassar","Jl. Gatot Subroto No. 130, Manado",19.3,fragile,same_day,2024-10-31,2024-10-31,2024-11-03,delivered,825075,TRK2410310003
SHP01604,CUS0397,RTE037,"Jl. Raya Bogor No. 123, Bandung","Jl. Diponegoro No. 12, Malang",43.8,dokumen,express,2022-10-12,2022-10-14,2022-10-16,delivered,963600,TRK2210120001
SHP01605,CUS0418,RTE055,"Jl. Gajah Mada No. 75, Makassar","Jl. Setiabudi No. 266, Surabaya",7.2,paket_kecil,regular,2023-06-25,2023-06-29,2023-07-02,delivered,86400,TRK2306250001
SHP01606,CUS0171,RTE064,"Jl. Raya Bogor No. 66, Yogyakarta","Jl. Pemuda No. 2, Semarang",2.1,dokumen,same_day,2022-10-17,2022-10-17,2022-10-17,delivered,45675,TRK2210170001
SHP01607,CUS0401,RTE007,"Jl. Gatot Subroto No. 156, Jakarta","Jl. Raya Bogor No. 194, Yogyakarta",39.5,paket_kecil,express,2022-02-19,2022-02-21,2022-02-22,delivered,908500,TRK2202190004
SHP01608,CUS0347,RTE036,"Jl. Merdeka No. 74, Bandung","Jl. Melati No. 59, Solo",20.1,paket_sedang,same_day,2022-04-27,2022-04-27,,in_transit,633150,TRK2204270002
SHP01609,CUS0203,RTE031,"Jl. Hayam Wuruk No. 216, Surabaya","Jl. Kebon Jeruk No. 112, Pekanbaru",19.1,paket_besar,regular,2022-01-27,2022-02-01,,in_transit,324700,TRK2201270003
SHP01610,CUS0092,RTE008,"Jl. Thamrin No. 20, Jakarta","Jl. Mangga No. 27, Solo",26.4,paket_sedang,regular,2022-05-16,2022-05-19,2022-05-20,delivered,277200,TRK2205160002
SHP01611,CUS0534,RTE015,"Jl. Pajajaran No. 2, Jakarta","Jl. Pemuda No. 273, Makassar",48.4,paket_kecil,express,2023-04-18,2023-04-21,2023-04-21,delivered,1573000,TRK2304180002
SHP01612,CUS0286,RTE009,"Jl. Hayam Wuruk No. 279, Jakarta","Jl. Cempaka No. 93, Malang",31.3,dokumen,same_day,2023-04-17,2023-04-17,2023-04-17,delivered,1338075,TRK2304170001
SHP01613,CUS0269,RTE029,"Jl. Kebon Jeruk No. 228, Surabaya","Jl. Cendrawasih No. 218, Manado",4.5,paket_besar,regular,2022-12-15,2022-12-20,2022-12-21,delivered,76500,TRK2212150001
SHP01614,CUS0026,RTE066,"Jl. Gatot Subroto No. 72, Yogyakarta","Jl. Diponegoro No. 220, Bandung",26.0,paket_kecil,same_day,2023-09-13,2023-09-13,,lost,877500,TRK2309130002
SHP01615,CUS0470,RTE033,"Jl. Setiabudi No. 235, Bandung","Jl. Sudirman No. 178, Semarang",45.6,paket_kecil,regular,2022-03-16,2022-03-19,2022-03-24,delivered,433200,TRK2203160003
SHP01616,CUS0562,RTE028,"Jl. Raya Bogor No. 126, Surabaya","Jl. Sudirman No. 222, Balikpapan",24.9,paket_kecil,regular,2024-10-28,2024-11-01,2024-11-01,delivered,311250,TRK2410280001
SHP01617,CUS0143,RTE013,"Jl. Kenanga No. 300, Jakarta","Jl. Asia Afrika No. 158, Padang",7.1,paket_sedang,regular,2024-08-29,2024-09-03,2024-09-08,delivered,110050,TRK2408290005
SHP01618,CUS0365,RTE004,"Jl. Setiabudi No. 54, Jakarta","Jl. Imam Bonjol No. 249, Bekasi",21.4,paket_sedang,regular,2024-11-08,2024-11-09,2024-11-10,delivered,149800,TRK2411080003
SHP01619,CUS0408,RTE017,"Jl. Raya Bogor No. 272, Jakarta","Jl. Kenanga No. 111, Balikpapan",20.5,paket_kecil,express,2024-12-13,2024-12-16,2024-12-19,delivered,738000,TRK2412130001
SHP01620,CUS0367,RTE004,"Jl. Gatot Subroto No. 204, Jakarta","Jl. Setiabudi No. 83, Bekasi",23.0,paket_sedang,express,2022-11-22,2022-11-23,,returned,356500,TRK2211220002
SHP01621,CUS0189,RTE055,"Jl. Cendrawasih No. 223, Makassar","Jl. Mawar No. 264, Surabaya",41.6,paket_sedang,express,2023-02-03,2023-02-06,2023-02-06,delivered,1123200,TRK2302030002
SHP01622,CUS0407,RTE011,"Jl. Imam Bonjol No. 167, Jakarta","Jl. Pahlawan No. 96, Medan",27.6,paket_sedang,express,2025-01-06,2025-01-09,2025-01-14,delivered,1035000,TRK2501060004
SHP01623,CUS0001,RTE060,"Jl. Pemuda No. 298, Denpasar","Jl. Mangga No. 124, Makassar",40.4,paket_sedang,regular,2022-10-05,2022-10-09,2022-10-09,delivered,464600,TRK2210050004
SHP01624,CUS0489,RTE062,"Jl. Mawar No. 78, Yogyakarta","Jl. Cendrawasih No. 166, Solo",48.7,paket_besar,regular,2023-08-30,2023-08-31,2023-08-30,delivered,365250,TRK2308300002
SHP01625,CUS0193,RTE072,"Jl. Gajah Mada No. 273, Pekanbaru","Jl. Sudirman No. 163, Palembang",1.6,dokumen,same_day,2023-08-19,2023-08-19,2023-08-19,delivered,55200,TRK2308190001
SHP01626,CUS0452,RTE014,"Jl. Setiabudi No. 199, Jakarta","Jl. Hayam Wuruk No. 248, Pekanbaru",27.6,paket_kecil,regular,2022-10-12,2022-10-17,,in_transit,386400,TRK2210120002
SHP01627,CUS0361,RTE051,"Jl. Gajah Mada No. 48, Medan","Jl. Kenanga No. 273, Batam",22.1,paket_sedang,regular,2024-12-12,2024-12-16,2024-12-16,delivered,265200,TRK2412120001
SHP01628,CUS0058,RTE047,"Jl. Setiabudi No. 23, Medan","Jl. Sudirman No. 95, Pekanbaru",13.2,paket_sedang,express,2023-01-06,2023-01-08,2023-01-09,delivered,283800,TRK2301060004
SHP01629,CUS0458,RTE072,"Jl. Melati No. 179, Pekanbaru","Jl. Kebon Jeruk No. 238, Palembang",49.6,paket_sedang,express,2022-02-04,2022-02-07,,lost,1140800,TRK2202040003
SHP01630,CUS0145,RTE076,"Jl. Merdeka No. 10, Palembang","Jl. Asia Afrika No. 53, Jakarta",36.6,paket_kecil,express,2022-01-28,2022-01-30,2022-01-30,delivered,677100,TRK2201280006
SHP01631,CUS0520,RTE051,"Jl. Kebon Jeruk No. 19, Medan","Jl. Melati No. 141, Batam",8.6,paket_besar,regular,2024-04-02,2024-04-06,2024-04-07,delivered,103200,TRK2404020002
SHP01632,CUS0353,RTE020,"Jl. Pahlawan No. 83, Surabaya","Jl. Veteran No. 97, Malang",20.5,paket_kecil,regular,2022-02-02,2022-02-03,2022-02-03,delivered,153750,TRK2202020004
SHP01633,CUS0043,RTE002,"Jl. Melati No. 101, Jakarta","Jl. Sudirman No. 70, Bogor",40.6,paket_besar,regular,2024-05-17,2024-05-18,2024-05-18,delivered,304500,TRK2405170006
SHP01634,CUS0588,RTE058,"Jl. Gajah Mada No. 123, Denpasar","Jl. Melati No. 148, Surabaya",49.7,paket_sedang,regular,2024-10-10,2024-10-13,2024-10-16,delivered,472150,TRK2410100003
SHP01635,CUS0095,RTE036,"Jl. Pemuda No. 201, Bandung","Jl. Raya Bogor No. 189, Solo",45.1,paket_sedang,express,2023-06-08,2023-06-10,2023-06-09,delivered,947100,TRK2306080003
SHP01636,CUS0390,RTE070,"Jl. Melati No. 107, Balikpapan","Jl. Gajah Mada No. 156, Makassar",12.7,paket_kecil,regular,2023-11-08,2023-11-12,2023-11-14,delivered,146050,TRK2311080002
SHP01637,CUS0288,RTE049,"Jl. Kebon Jeruk No. 220, Medan","Jl. Kenanga No. 275, Banda Aceh",33.2,paket_sedang,express,2023-02-11,2023-02-12,2023-02-13,delivered,846600,TRK2302110002
SHP01638,CUS0275,RTE065,"Jl. Merdeka No. 152, Yogyakarta","Jl. Kenanga No. 118, Surabaya",33.1,fragile,express,2025-01-25,2025-01-26,,in_transit,562700,TRK2501250004
SHP01639,CUS0440,RTE021,"Jl. Cendrawasih No. 254, Surabaya","Jl. Merdeka No. 223, Yogyakarta",48.9,paket_besar,express,2023-10-04,2023-10-05,2023-10-05,delivered,978000,TRK2310040005
SHP01640,CUS0031,RTE059,"Jl. Melati No. 187, Denpasar","Jl. Anggrek No. 242, Lombok",0.3,paket_sedang,express,2023-08-19,2023-08-20,2023-08-20,delivered,4950,TRK2308190002
SHP01641,CUS0419,RTE079,"Jl. Kenanga No. 112, Pontianak","Jl. Raya Bogor No. 129, Jakarta",15.1,paket_besar,same_day,2024-05-31,2024-05-31,2024-06-05,delivered,509625,TRK2405310001
SHP01642,CUS0346,RTE069,"Jl. Thamrin No. 183, Balikpapan","Jl. Sudirman No. 157, Pontianak",16.0,dokumen,same_day,2022-03-07,2022-03-07,2022-03-08,delivered,768000,TRK2203070002
SHP01643,CUS0545,RTE035,"Jl. Imam Bonjol No. 238, Bandung","Jl. Pahlawan No. 5, Surabaya",2.7,paket_kecil,regular,2023-02-06,2023-02-10,2023-02-11,delivered,31050,TRK2302060002
SHP01644,CUS0479,RTE058,"Jl. Veteran No. 251, Denpasar","Jl. Diponegoro No. 162, Surabaya",13.6,paket_besar,regular,2022-01-10,2022-01-13,,in_transit,129200,TRK2201100002
SHP01645,CUS0248,RTE072,"Jl. Sudirman No. 33, Pekanbaru","Jl. Cendrawasih No. 71, Palembang",16.8,fragile,regular,2023-12-27,2023-12-31,2023-12-30,delivered,193200,TRK2312270002
SHP01646,CUS0136,RTE001,"Jl. Pemuda No. 176, Jakarta","Jl. Sudirman No. 95, Bandung",48.0,dokumen,regular,2023-12-05,2023-12-07,2023-12-07,delivered,384000,TRK2312050002
SHP01647,CUS0067,RTE018,"Jl. Mawar No. 136, Jakarta","Jl. Setiabudi No. 120, Pontianak",41.2,paket_besar,express,2023-11-09,2023-11-12,,lost,968200,TRK2311090002
SHP01648,CUS0193,RTE011,"Jl. Pajajaran No. 52, Jakarta","Jl. Asia Afrika No. 73, Medan",12.0,paket_kecil,regular,2023-07-17,2023-07-22,2023-07-27,delivered,216000,TRK2307170001
SHP01649,CUS0171,RTE052,"Jl. Gajah Mada No. 95, Makassar","Jl. Mawar No. 136, Manado",7.5,paket_sedang,express,2024-02-18,2024-02-21,2024-02-24,delivered,213750,TRK2402180003
SHP01650,CUS0353,RTE015,"Jl. Margonda No. 27, Jakarta","Jl. Anggrek No. 187, Makassar",24.8,paket_sedang,express,2023-12-18,2023-12-21,2023-12-21,delivered,806000,TRK2312180001
SHP01651,CUS0351,RTE011,"Jl. Ahmad Yani No. 221, Jakarta","Jl. Thamrin No. 42, Medan",29.3,paket_kecil,regular,2024-09-03,2024-09-08,2024-09-09,delivered,527400,TRK2409030001
SHP01652,CUS0312,RTE045,"Jl. Gajah Mada No. 161, Semarang","Jl. Setiabudi No. 113, Medan",34.5,paket_sedang,same_day,2024-05-05,2024-05-05,,in_transit,2328750,TRK2405050002
SHP01653,CUS0139,RTE061,"Jl. Pahlawan No. 279, Denpasar","Jl. Asia Afrika No. 213, Yogyakarta",22.8,paket_kecil,regular,2024-02-29,2024-03-03,2024-03-03,delivered,250800,TRK2402290002
SHP01654,CUS0144,RTE012,"Jl. Raya Bogor No. 163, Jakarta","Jl. Melati No. 192, Palembang",48.2,paket_besar,same_day,2022-12-08,2022-12-08,2022-12-10,delivered,1409850,TRK2212080004
SHP01655,CUS0264,RTE013,"Jl. Pahlawan No. 218, Jakarta","Jl. Sudirman No. 264, Padang",13.0,paket_kecil,express,2024-06-24,2024-06-27,,returned,422500,TRK2406240002
SHP01656,CUS0402,RTE021,"Jl. Sudirman No. 31, Surabaya","Jl. Cendrawasih No. 293, Yogyakarta",11.8,paket_sedang,regular,2023-05-08,2023-05-11,,in_transit,106200,TRK2305080003
SHP01657,CUS0021,RTE031,"Jl. Cempaka No. 173, Surabaya","Jl. Gatot Subroto No. 224, Pekanbaru",37.3,fragile,regular,2023-11-19,2023-11-24,2023-11-23,delivered,634100,TRK2311190002
SHP01658,CUS0338,RTE079,"Jl. Mangga No. 277, Pontianak","Jl. Diponegoro No. 65, Jakarta",45.7,paket_besar,regular,2024-06-21,2024-06-25,2024-06-25,delivered,525550,TRK2406210001
SHP01659,CUS0103,RTE023,"Jl. Setiabudi No. 111, Surabaya","Jl. Ahmad Yani No. 118, Denpasar",41.4,paket_sedang,express,2024-12-22,2024-12-23,2024-12-28,delivered,869400,TRK2412220003
SHP01660,CUS0316,RTE065,"Jl. Gajah Mada No. 47, Yogyakarta","Jl. Raya Bogor No. 150, Surabaya",32.5,dokumen,regular,2023-05-12,2023-05-15,2023-05-15,delivered,292500,TRK2305120004
SHP01661,CUS0376,RTE006,"Jl. Raya Bogor No. 75, Jakarta","Jl. Kenanga No. 90, Surabaya",39.3,paket_kecil,regular,2023-06-07,2023-06-11,2023-06-11,delivered,451950,TRK2306070003
SHP01662,CUS0371,RTE048,"Jl. Mawar No. 194, Medan","Jl. Mawar No. 95, Palembang",30.4,dokumen,same_day,2023-11-10,2023-11-10,,returned,1368000,TRK2311100004
SHP01663,CUS0300,RTE076,"Jl. Sudirman No. 147, Palembang","Jl. Kebon Jeruk No. 133, Jakarta",9.8,dokumen,same_day,2023-02-20,2023-02-20,2023-02-21,delivered,271950,TRK2302200002
SHP01664,CUS0255,RTE056,"Jl. Cempaka No. 191, Makassar","Jl. Veteran No. 44, Kendari",44.3,paket_sedang,regular,2024-09-17,2024-09-20,,in_transit,420850,TRK2409170002
SHP01665,CUS0496,RTE016,"Jl. Raya Bogor No. 55, Jakarta","Jl. Hayam Wuruk No. 9, Manado",20.5,paket_sedang,regular,2024-08-15,2024-08-22,2024-08-23,delivered,440750,TRK2408150001
SHP01666,CUS0400,RTE044,"Jl. Gatot Subroto No. 232, Semarang","Jl. Merdeka No. 83, Denpasar",25.5,paket_besar,regular,2022-06-20,2022-06-24,2022-06-26,delivered,293250,TRK2206200003
SHP01667,CUS0516,RTE063,"Jl. Veteran No. 80, Yogyakarta","Jl. Pahlawan No. 51, Malang",29.7,paket_kecil,express,2022-06-04,2022-06-05,2022-06-07,delivered,594000,TRK2206040002
SHP01668,CUS0454,RTE028,"Jl. Raya Bogor No. 236, Surabaya","Jl. Cendrawasih No. 248, Balikpapan",5.8,dokumen,regular,2024-11-18,2024-11-22,2024-11-23,delivered,72500,TRK2411180001
SHP01669,CUS0500,RTE001,"Jl. Mawar No. 150, Jakarta","Jl. Gajah Mada No. 42, Bandung",18.7,paket_kecil,regular,2023-07-16,2023-07-18,2023-07-18,delivered,149600,TRK2307160003
SHP01670,CUS0011,RTE023,"Jl. Sudirman No. 68, Surabaya","Jl. Setiabudi No. 194, Denpasar",37.1,paket_sedang,express,2024-10-09,2024-10-10,2024-10-11,delivered,779100,TRK2410090002
SHP01671,CUS0036,RTE028,"Jl. Pajajaran No. 159, Surabaya","Jl. Kebon Jeruk No. 178, Balikpapan",44.0,paket_kecil,regular,2024-10-27,2024-10-31,2024-10-31,delivered,550000,TRK2410270002
SHP01672,CUS0407,RTE007,"Jl. Veteran No. 25, Jakarta","Jl. Ahmad Yani No. 5, Yogyakarta",30.3,paket_besar,regular,2023-07-14,2023-07-17,2023-07-17,delivered,318150,TRK2307140004
SHP01673,CUS0471,RTE045,"Jl. Pemuda No. 36, Semarang","Jl. Kenanga No. 75, Medan",12.1,paket_sedang,express,2022-07-17,2022-07-20,2022-07-19,delivered,544500,TRK2207170003
SHP01674,CUS0250,RTE071,"Jl. Raya Bogor No. 68, Pekanbaru","Jl. Mawar No. 89, Padang",3.7,paket_besar,regular,2022-07-25,2022-07-27,2022-07-27,delivered,31450,TRK2207250004
SHP01675,CUS0288,RTE049,"Jl. Thamrin No. 52, Medan","Jl. Kenanga No. 159, Banda Aceh",8.1,dokumen,regular,2025-01-01,2025-01-04,2025-01-05,delivered,85050,TRK2501010002
SHP01676,CUS0174,RTE047,"Jl. Veteran No. 89, Medan","Jl. Thamrin No. 282, Pekanbaru",37.0,paket_sedang,regular,2024-03-03,2024-03-06,,returned,351500,TRK2403030003
SHP01677,CUS0536,RTE016,"Jl. Pajajaran No. 211, Jakarta","Jl. Veteran No. 213, Manado",42.1,paket_kecil,express,2022-06-26,2022-06-29,2022-06-30,delivered,2210250,TRK2206260004
SHP01678,CUS0491,RTE032,"Jl. Pajajaran No. 195, Bandung","Jl. Cempaka No. 7, Bogor",23.3,paket_sedang,same_day,2023-09-20,2023-09-20,2023-09-21,delivered,559200,TRK2309200004
SHP01679,CUS0439,RTE062,"Jl. Pahlawan No. 24, Yogyakarta","Jl. Thamrin No. 12, Solo",17.7,dokumen,express,2022-07-24,2022-07-25,2022-07-27,delivered,283200,TRK2207240004
SHP01680,CUS0486,RTE002,"Jl. Mawar No. 59, Jakarta","Jl. Cendrawasih No. 124, Bogor",13.5,paket_kecil,regular,2024-12-27,2024-12-28,2024-12-30,delivered,101250,TRK2412270005
SHP01681,CUS0329,RTE014,"Jl. Pahlawan No. 111, Jakarta","Jl. Mawar No. 4, Pekanbaru",26.5,dokumen,regular,2022-06-14,2022-06-19,,in_transit,371000,TRK2206140001
SHP01682,CUS0272,RTE039,"Jl. Gajah Mada No. 133, Bandung","Jl. Gajah Mada No. 216, Denpasar",30.3,paket_kecil,regular,2023-12-06,2023-12-10,2023-12-10,delivered,409050,TRK2312060004
SHP01683,CUS0118,RTE077,"Jl. Pahlawan No. 233, Pontianak","Jl. Cendrawasih No. 256, Singkawang",4.0,paket_sedang,same_day,2022-08-27,2022-08-27,2022-08-28,delivered,105000,TRK2208270002
SHP01684,CUS0514,RTE065,"Jl. Cendrawasih No. 73, Yogyakarta","Jl. Cendrawasih No. 124, Surabaya",29.3,paket_sedang,regular,2024-04-02,2024-04-05,,lost,263700,TRK2404020003
SHP01685,CUS0391,RTE057,"Jl. Kenanga No. 113, Denpasar","Jl. Sudirman No. 191, Mataram",18.2,paket_kecil,regular,2023-02-05,2023-02-07,2023-02-08,delivered,145600,TRK2302050002
SHP01686,CUS0538,RTE062,"Jl. Pajajaran No. 147, Yogyakarta","Jl. Thamrin No. 85, Solo",36.5,paket_kecil,express,2023-08-15,2023-08-16,2023-08-17,delivered,584000,TRK2308150003
SHP01687,CUS0071,RTE039,"Jl. Pemuda No. 201, Bandung","Jl. Imam Bonjol No. 91, Denpasar",24.8,paket_kecil,regular,2022-01-02,2022-01-06,,in_transit,334800,TRK2201020004
SHP01688,CUS0304,RTE015,"Jl. Gatot Subroto No. 235, Jakarta","Jl. Cendrawasih No. 50, Makassar",34.2,paket_kecil,express,2022-07-29,2022-08-01,2022-08-01,delivered,1111500,TRK2207290004
SHP01689,CUS0303,RTE066,"Jl. Veteran No. 58, Yogyakarta","Jl. Cempaka No. 204, Bandung",49.5,paket_besar,regular,2024-05-01,2024-05-04,2024-05-04,delivered,470250,TRK2405010004
SHP01690,CUS0028,RTE033,"Jl. Imam Bonjol No. 161, Bandung","Jl. Imam Bonjol No. 276, Semarang",48.9,paket_kecil,express,2024-09-16,2024-09-18,,in_transit,929100,TRK2409160003
SHP01691,CUS0023,RTE028,"Jl. Imam Bonjol No. 283, Surabaya","Jl. Kenanga No. 119, Balikpapan",0.2,paket_kecil,regular,2024-09-23,2024-09-27,2024-09-28,delivered,2500,TRK2409230001
SHP01692,CUS0234,RTE052,"Jl. Pajajaran No. 117, Makassar","Jl. Margonda No. 41, Manado",38.3,paket_sedang,regular,2022-10-24,2022-10-29,2022-10-31,delivered,574500,TRK2210240002
SHP01693,CUS0117,RTE022,"Jl. Melati No. 30, Surabaya","Jl. Imam Bonjol No. 169, Semarang",30.0,paket_kecil,regular,2023-06-26,2023-06-29,2023-06-28,delivered,270000,TRK2306260005
SHP01694,CUS0149,RTE075,"Jl. Asia Afrika No. 42, Palembang","Jl. Kenanga No. 232, Padang",8.6,paket_sedang,regular,2024-09-09,2024-09-13,2024-09-13,delivered,116100,TRK2409090001
SHP01695,CUS0198,RTE003,"Jl. Gatot Subroto No. 275, Jakarta","Jl. Asia Afrika No. 229, Tangerang",34.9,paket_besar,regular,2022-04-20,2022-04-21,2022-04-23,delivered,244300,TRK2204200002
SHP01696,CUS0492,RTE043,"Jl. Raya Bogor No. 230, Semarang","Jl. Anggrek No. 267, Surabaya",32.8,paket_besar,express,2023-08-07,2023-08-08,2023-08-09,delivered,590400,TRK2308070001
SHP01697,CUS0460,RTE080,"Jl. Cempaka No. 30, Manado","Jl. Hayam Wuruk No. 83, Gorontalo",46.5,paket_kecil,express,2022-09-12,2022-09-14,,in_transit,1023000,TRK2209120002
SHP01698,CUS0114,RTE036,"Jl. Kenanga No. 210, Bandung","Jl. Hayam Wuruk No. 214, Solo",17.9,paket_besar,express,2024-12-30,2025-01-01,,in_transit,375900,TRK2412300002
SHP01699,CUS0105,RTE002,"Jl. Cendrawasih No. 40, Jakarta","Jl. Melati No. 109, Bogor",31.6,paket_sedang,same_day,2023-10-04,2023-10-04,2023-10-04,delivered,758400,TRK2310040006
SHP01700,CUS0250,RTE013,"Jl. Cendrawasih No. 103, Jakarta","Jl. Asia Afrika No. 87, Padang",29.9,fragile,regular,2023-12-23,2023-12-28,2023-12-28,delivered,463450,TRK2312230001
SHP01701,CUS0183,RTE054,"Jl. Asia Afrika No. 215, Makassar","Jl. Cempaka No. 157, Balikpapan",30.5,paket_kecil,express,2024-11-04,2024-11-06,2024-11-06,delivered,701500,TRK2411040001
SHP01702,CUS0588,RTE028,"Jl. Anggrek No. 298, Surabaya","Jl. Mangga No. 28, Balikpapan",19.7,fragile,regular,2022-04-07,2022-04-11,2022-04-11,delivered,246250,TRK2204070004
SHP01703,CUS0213,RTE002,"Jl. Melati No. 40, Jakarta","Jl. Cendrawasih No. 253, Bogor",17.5,paket_besar,express,2022-12-18,2022-12-19,2022-12-19,delivered,280000,TRK2212180003
SHP01704,CUS0228,RTE025,"Jl. Cendrawasih No. 62, Surabaya","Jl. Veteran No. 40, Makassar",23.6,paket_besar,regular,2023-07-03,2023-07-07,2023-07-08,delivered,283200,TRK2307030002
SHP01705,CUS0047,RTE040,"Jl. Margonda No. 29, Semarang","Jl. Veteran No. 244, Yogyakarta",33.7,paket_sedang,same_day,2023-08-29,2023-08-29,2023-08-29,delivered,808800,TRK2308290002
SHP01706,CUS0341,RTE065,"Jl. Veteran No. 175, Yogyakarta","Jl. Margonda No. 216, Surabaya",45.2,paket_besar,regular,2025-01-27,2025-01-30,2025-02-01,delivered,406800,TRK2501270004
SHP01707,CUS0127,RTE020,"Jl. Melati No. 143, Surabaya","Jl. Pajajaran No. 112, Malang",30.2,paket_kecil,regular,2023-12-02,2023-12-03,2023-12-03,delivered,226500,TRK2312020001
SHP01708,CUS0279,RTE009,"Jl. Cempaka No. 95, Jakarta","Jl. Hayam Wuruk No. 286, Malang",44.0,dokumen,same_day,2023-06-05,2023-06-05,,in_transit,1881000,TRK2306050002
SHP01709,CUS0506,RTE054,"Jl. Pahlawan No. 55, Makassar","Jl. Margonda No. 94, Balikpapan",35.4,paket_sedang,regular,2022-09-06,2022-09-10,2022-09-11,delivered,407100,TRK2209060002
SHP01710,CUS0405,RTE030,"Jl. Mangga No. 134, Surabaya","Jl. Gajah Mada No. 133, Palembang",5.0,paket_kecil,same_day,2023-05-31,2023-05-31,2023-05-31,delivered,202500,TRK2305310003
SHP01711,CUS0097,RTE041,"Jl. Imam Bonjol No. 112, Semarang","Jl. Setiabudi No. 27, Solo",30.2,dokumen,same_day,2024-08-21,2024-08-21,2024-08-22,delivered,724800,TRK2408210001
SHP01712,CUS0534,RTE044,"Jl. Setiabudi No. 24, Semarang","Jl. Kebon Jeruk No. 220, Denpasar",34.8,paket_kecil,express,2025-01-07,2025-01-09,2025-01-10,delivered,904800,TRK2501070002
SHP01713,CUS0285,RTE005,"Jl. Kenanga No. 91, Jakarta","Jl. Margonda No. 56, Semarang",23.1,paket_sedang,regular,2023-11-05,2023-11-08,2023-11-09,delivered,219450,TRK2311050004
SHP01714,CUS0096,RTE054,"Jl. Imam Bonjol No. 261, Makassar","Jl. Gatot Subroto No. 35, Balikpapan",43.9,paket_kecil,express,2024-08-21,2024-08-23,,in_transit,1009700,TRK2408210002
SHP01715,CUS0197,RTE055,"Jl. Mawar No. 15, Makassar","Jl. Melati No. 70, Surabaya",6.1,paket_sedang,same_day,2023-08-25,2023-08-25,2023-08-30,delivered,247050,TRK2308250002
SHP01716,CUS0185,RTE040,"Jl. Diponegoro No. 88, Semarang","Jl. Kebon Jeruk No. 88, Yogyakarta",36.8,fragile,regular,2024-12-11,2024-12-13,2024-12-16,delivered,276000,TRK2412110003
SHP01717,CUS0236,RTE008,"Jl. Cendrawasih No. 126, Jakarta","Jl. Pahlawan No. 121, Solo",21.8,paket_kecil,regular,2022-07-12,2022-07-15,2022-07-18,delivered,228900,TRK2207120004
SHP01718,CUS0103,RTE040,"Jl. Pemuda No. 138, Semarang","Jl. Pahlawan No. 152, Yogyakarta",38.1,paket_sedang,regular,2022-11-15,2022-11-17,2022-11-18,delivered,285750,TRK2211150002
SHP01719,CUS0032,RTE021,"Jl. Margonda No. 144, Surabaya","Jl. Veteran No. 189, Yogyakarta",0.5,paket_sedang,regular,2024-04-22,2024-04-25,2024-04-25,delivered,4500,TRK2404220001
SHP01720,CUS0094,RTE016,"Jl. Raya Bogor No. 264, Jakarta","Jl. Cendrawasih No. 34, Manado",49.0,paket_sedang,regular,2022-01-17,2022-01-24,2022-01-25,delivered,1053500,TRK2201170001
SHP01721,CUS0590,RTE037,"Jl. Asia Afrika No. 159, Bandung","Jl. Melati No. 180, Malang",9.7,paket_sedang,same_day,2022-05-14,2022-05-14,2022-05-17,delivered,320100,TRK2205140002
SHP01722,CUS0479,RTE005,"Jl. Hayam Wuruk No. 160, Jakarta","Jl. Kebon Jeruk No. 69, Semarang",15.1,paket_kecil,regular,2022-04-25,2022-04-28,2022-04-29,delivered,143450,TRK2204250003
SHP01723,CUS0184,RTE050,"Jl. Gatot Subroto No. 37, Medan","Jl. Sudirman No. 103, Jakarta",16.0,paket_kecil,regular,2023-01-07,2023-01-12,2023-01-14,delivered,288000,TRK2301070002
SHP01724,CUS0180,RTE005,"Jl. Kebon Jeruk No. 90, Jakarta","Jl. Veteran No. 246, Semarang",19.2,paket_kecil,express,2024-05-17,2024-05-18,,delivered,422400,TRK2405170007
SHP01725,CUS0178,RTE022,"Jl. Mangga No. 178, Surabaya","Jl. Veteran No. 119, Semarang",26.9,dokumen,regular,2022-07-10,2022-07-13,2022-07-15,delivered,242100,TRK2207100002
SHP01726,CUS0555,RTE025,"Jl. Cempaka No. 9, Surabaya","Jl. Cempaka No. 119, Makassar",39.2,paket_kecil,regular,2022-11-01,2022-11-05,2022-11-05,delivered,470400,TRK2211010001
SHP01727,CUS0388,RTE055,"Jl. Raya Bogor No. 91, Makassar","Jl. Anggrek No. 97, Surabaya",13.6,paket_kecil,regular,2024-11-25,2024-11-29,2024-11-30,delivered,163200,TRK2411250002
SHP01728,CUS0236,RTE031,"Jl. Ahmad Yani No. 107, Surabaya","Jl. Melati No. 190, Pekanbaru",5.2,fragile,express,2024-02-20,2024-02-23,2024-02-23,delivered,210600,TRK2402200001
SHP01729,CUS0261,RTE005,"Jl. Anggrek No. 223, Jakarta","Jl. Setiabudi No. 186, Semarang",40.6,paket_kecil,regular,2022-12-28,2022-12-31,2022-12-31,delivered,385700,TRK2212280003
SHP01730,CUS0137,RTE071,"Jl. Hayam Wuruk No. 176, Pekanbaru","Jl. Sudirman No. 231, Padang",13.5,paket_kecil,regular,2023-12-13,2023-12-15,2023-12-15,delivered,114750,TRK2312130005
SHP01731,CUS0573,RTE067,"Jl. Cempaka No. 192, Balikpapan","Jl. Cempaka No. 140, Samarinda",44.0,fragile,express,2022-01-17,2022-01-18,2022-01-18,delivered,748000,TRK2201170002
SHP01732,CUS0438,RTE078,"Jl. Cendrawasih No. 146, Pontianak","Jl. Hayam Wuruk No. 108, Balikpapan",16.2,dokumen,express,2024-04-09,2024-04-11,,in_transit,453600,TRK2404090004
SHP01733,CUS0337,RTE006,"Jl. Ahmad Yani No. 235, Jakarta","Jl. Asia Afrika No. 282, Surabaya",26.2,dokumen,same_day,2023-11-28,2023-11-28,2023-11-28,delivered,903900,TRK2311280003
SHP01734,CUS0564,RTE066,"Jl. Mawar No. 109, Yogyakarta","Jl. Ahmad Yani No. 146, Bandung",37.0,paket_sedang,regular,2024-02-12,2024-02-15,2024-02-16,delivered,351500,TRK2402120006
SHP01735,CUS0445,RTE056,"Jl. Mawar No. 276, Makassar","Jl. Cempaka No. 297, Kendari",13.0,dokumen,express,2022-08-07,2022-08-08,,in_transit,247000,TRK2208070003
SHP01736,CUS0469,RTE003,"Jl. Cendrawasih No. 300, Jakarta","Jl. Thamrin No. 44, Tangerang",42.3,paket_sedang,regular,2022-06-15,2022-06-16,2022-06-15,delivered,296100,TRK2206150001
SHP01737,CUS0221,RTE068,"Jl. Ahmad Yani No. 230, Balikpapan","Jl. Asia Afrika No. 173, Banjarmasin",19.7,paket_besar,regular,2024-06-04,2024-06-07,2024-06-09,delivered,187150,TRK2406040002
SHP01738,CUS0001,RTE044,"Jl. Gatot Subroto No. 278, Semarang","Jl. Pajajaran No. 259, Denpasar",21.2,dokumen,regular,2024-02-27,2024-03-02,2024-03-03,delivered,243800,TRK2402270002
SHP01739,CUS0300,RTE034,"Jl. Mangga No. 93, Bandung","Jl. Merdeka No. 146, Yogyakarta",34.7,fragile,regular,2024-06-09,2024-06-12,2024-06-13,delivered,329650,TRK2406090002
SHP01740,CUS0336,RTE003,"Jl. Ahmad Yani No. 166, Jakarta","Jl. Setiabudi No. 9, Tangerang",32.3,paket_besar,regular,2023-04-15,2023-04-16,2023-04-17,delivered,226100,TRK2304150004
SHP01741,CUS0319,RTE006,"Jl. Diponegoro No. 136, Jakarta","Jl. Pahlawan No. 288, Surabaya",21.8,paket_sedang,express,2025-01-04,2025-01-06,2025-01-07,delivered,501400,TRK2501040001
SHP01742,CUS0340,RTE058,"Jl. Asia Afrika No. 154, Denpasar","Jl. Thamrin No. 67, Surabaya",16.6,fragile,express,2023-05-08,2023-05-09,2023-05-10,delivered,356900,TRK2305080004
SHP01743,CUS0503,RTE055,"Jl. Pajajaran No. 89, Makassar","Jl. Setiabudi No. 193, Surabaya",43.7,paket_kecil,regular,2024-04-22,2024-04-26,2024-04-28,delivered,524400,TRK2404220002
SHP01744,CUS0256,RTE067,"Jl. Kebon Jeruk No. 148, Balikpapan","Jl. Mangga No. 126, Samarinda",38.0,paket_sedang,express,2022-04-17,2022-04-18,2022-04-19,delivered,646000,TRK2204170003
SHP01745,CUS0201,RTE042,"Jl. Anggrek No. 180, Semarang","Jl. Veteran No. 10, Malang",36.0,dokumen,same_day,2022-06-12,2022-06-12,2022-06-15,delivered,999000,TRK2206120002
SHP01746,CUS0145,RTE057,"Jl. Kenanga No. 296, Denpasar","Jl. Imam Bonjol No. 171, Mataram",4.3,paket_besar,express,2023-03-03,2023-03-04,2023-03-03,delivered,77400,TRK2303030001
SHP01747,CUS0302,RTE065,"Jl. Gajah Mada No. 76, Yogyakarta","Jl. Margonda No. 251, Surabaya",23.0,paket_sedang,same_day,2024-08-30,2024-08-30,,in_transit,586500,TRK2408300001
SHP01748,CUS0050,RTE028,"Jl. Imam Bonjol No. 168, Surabaya","Jl. Cendrawasih No. 76, Balikpapan",2.7,paket_kecil,regular,2023-03-18,2023-03-22,2023-03-22,delivered,33750,TRK2303180002
SHP01749,CUS0289,RTE028,"Jl. Kebon Jeruk No. 133, Surabaya","Jl. Imam Bonjol No. 261, Balikpapan",39.1,paket_kecil,same_day,2023-05-16,2023-05-16,,in_transit,1407600,TRK2305160001
SHP01750,CUS0239,RTE014,"Jl. Kenanga No. 37, Jakarta","Jl. Raya Bogor No. 78, Pekanbaru",9.9,paket_kecil,express,2024-05-13,2024-05-16,2024-05-16,delivered,311850,TRK2405130002
SHP01751,CUS0049,RTE058,"Jl. Veteran No. 64, Denpasar","Jl. Mawar No. 155, Surabaya",14.1,paket_kecil,regular,2024-05-26,2024-05-29,2024-05-29,delivered,133950,TRK2405260003
SHP01752,CUS0424,RTE018,"Jl. Imam Bonjol No. 126, Jakarta","Jl. Imam Bonjol No. 228, Pontianak",27.0,paket_sedang,express,2024-09-27,2024-09-30,2024-10-02,delivered,634500,TRK2409270001
SHP01753,CUS0272,RTE064,"Jl. Setiabudi No. 192, Yogyakarta","Jl. Cempaka No. 140, Semarang",34.2,paket_sedang,regular,2024-10-25,2024-10-27,2024-10-29,delivered,256500,TRK2410250002
SHP01754,CUS0142,RTE076,"Jl. Gajah Mada No. 98, Palembang","Jl. Mawar No. 236, Jakarta",39.4,paket_besar,regular,2023-05-07,2023-05-10,2023-05-11,delivered,374300,TRK2305070002
SHP01755,CUS0477,RTE054,"Jl. Kenanga No. 244, Makassar","Jl. Pemuda No. 13, Balikpapan",13.3,paket_kecil,express,2024-05-12,2024-05-14,2024-05-15,delivered,305900,TRK2405120002
SHP01756,CUS0083,RTE040,"Jl. Cempaka No. 228, Semarang","Jl. Gajah Mada No. 103, Yogyakarta",15.0,dokumen,same_day,2024-08-22,2024-08-22,2024-08-24,delivered,360000,TRK2408220002
SHP01757,CUS0213,RTE008,"Jl. Cempaka No. 30, Jakarta","Jl. Thamrin No. 24, Solo",28.6,paket_kecil,regular,2024-04-17,2024-04-20,,in_transit,300300,TRK2404170001
SHP01758,CUS0382,RTE051,"Jl. Gajah Mada No. 260, Medan","Jl. Diponegoro No. 124, Batam",37.3,paket_besar,regular,2023-05-16,2023-05-20,2023-05-21,delivered,447600,TRK2305160002
SHP01759,CUS0342,RTE055,"Jl. Gajah Mada No. 126, Makassar","Jl. Hayam Wuruk No. 93, Surabaya",45.7,paket_besar,regular,2024-04-22,2024-04-26,2024-04-26,delivered,548400,TRK2404220003
SHP01760,CUS0033,RTE002,"Jl. Thamrin No. 134, Jakarta","Jl. Mawar No. 15, Bogor",42.8,paket_sedang,regular,2022-05-24,2022-05-25,,in_transit,321000,TRK2205240001
SHP01761,CUS0062,RTE032,"Jl. Pemuda No. 300, Bandung","Jl. Setiabudi No. 186, Bogor",41.2,dokumen,express,2024-10-24,2024-10-25,2024-10-26,delivered,659200,TRK2410240002
SHP01762,CUS0409,RTE041,"Jl. Gatot Subroto No. 45, Semarang","Jl. Kenanga No. 53, Solo",34.2,paket_kecil,regular,2024-07-06,2024-07-08,,lost,256500,TRK2407060001
SHP01763,CUS0284,RTE052,"Jl. Cendrawasih No. 40, Makassar","Jl. Pemuda No. 157, Manado",23.6,paket_sedang,regular,2024-11-11,2024-11-16,2024-11-17,delivered,354000,TRK2411110002
SHP01764,CUS0419,RTE066,"Jl. Melati No. 1, Yogyakarta","Jl. Ahmad Yani No. 237, Bandung",36.7,paket_sedang,express,2024-02-25,2024-02-26,,in_transit,825750,TRK2402250001
SHP01765,CUS0561,RTE019,"Jl. Margonda No. 9, Jakarta","Jl. Pajajaran No. 191, Banjarmasin",35.6,paket_kecil,regular,2024-02-07,2024-02-11,2024-02-10,delivered,480600,TRK2402070002
SHP01766,CUS0070,RTE036,"Jl. Margonda No. 85, Bandung","Jl. Margonda No. 120, Solo",34.6,dokumen,regular,2023-01-16,2023-01-19,2023-01-20,delivered,328700,TRK2301160002
SHP01767,CUS0293,RTE003,"Jl. Hayam Wuruk No. 143, Jakarta","Jl. Melati No. 124, Tangerang",31.2,paket_sedang,regular,2022-05-18,2022-05-19,2022-05-19,delivered,218400,TRK2205180003
SHP01768,CUS0364,RTE009,"Jl. Merdeka No. 46, Jakarta","Jl. Kenanga No. 199, Malang",18.9,paket_kecil,regular,2024-07-12,2024-07-16,2024-07-19,delivered,226800,TRK2407120003
SHP01769,CUS0219,RTE071,"Jl. Mangga No. 47, Pekanbaru","Jl. Ahmad Yani No. 233, Padang",36.7,paket_sedang,regular,2023-06-19,2023-06-21,2023-06-22,delivered,311950,TRK2306190003
SHP01770,CUS0310,RTE017,"Jl. Sudirman No. 97, Jakarta","Jl. Hayam Wuruk No. 135, Balikpapan",14.2,dokumen,same_day,2022-12-07,2022-12-07,,lost,766800,TRK2212070004
SHP01771,CUS0232,RTE065,"Jl. Melati No. 116, Yogyakarta","Jl. Gajah Mada No. 43, Surabaya",26.9,paket_besar,express,2024-04-12,2024-04-13,2024-04-13,delivered,457300,TRK2404120002
SHP01772,CUS0509,RTE062,"Jl. Pemuda No. 49, Yogyakarta","Jl. Merdeka No. 47, Solo",48.5,fragile,regular,2024-11-01,2024-11-02,2024-11-03,delivered,363750,TRK2411010005
SHP01773,CUS0009,RTE019,"Jl. Gajah Mada No. 264, Jakarta","Jl. Gajah Mada No. 101, Banjarmasin",13.5,fragile,regular,2023-10-14,2023-10-18,2023-10-19,delivered,182250,TRK2310140004
SHP01774,CUS0081,RTE045,"Jl. Merdeka No. 270, Semarang","Jl. Setiabudi No. 276, Medan",18.3,paket_kecil,regular,2024-09-28,2024-10-04,,in_transit,366000,TRK2409280003
SHP01775,CUS0564,RTE078,"Jl. Hayam Wuruk No. 176, Pontianak","Jl. Cempaka No. 30, Balikpapan",40.5,paket_sedang,same_day,2022-06-05,2022-06-05,2022-06-08,delivered,1701000,TRK2206050002
SHP01776,CUS0568,RTE049,"Jl. Hayam Wuruk No. 185, Medan","Jl. Anggrek No. 57, Banda Aceh",18.9,paket_kecil,express,2022-12-31,2023-01-01,2023-01-01,delivered,481950,TRK2212310002
SHP01777,CUS0211,RTE013,"Jl. Mangga No. 113, Jakarta","Jl. Pemuda No. 273, Padang",38.1,paket_sedang,express,2022-03-26,2022-03-29,2022-03-31,delivered,1238250,TRK2203260001
SHP01778,CUS0201,RTE069,"Jl. Gatot Subroto No. 133, Balikpapan","Jl. Imam Bonjol No. 97, Pontianak",13.0,paket_besar,regular,2023-10-01,2023-10-05,2023-10-08,delivered,169000,TRK2310010001
SHP01779,CUS0106,RTE078,"Jl. Gajah Mada No. 295, Pontianak","Jl. Mawar No. 124, Balikpapan",48.9,paket_besar,express,2022-07-28,2022-07-30,,in_transit,1369200,TRK2207280005
SHP01780,CUS0178,RTE009,"Jl. Anggrek No. 161, Jakarta","Jl. Diponegoro No. 242, Malang",45.2,paket_kecil,regular,2023-08-29,2023-09-02,2023-09-04,delivered,542400,TRK2308290003
SHP01781,CUS0091,RTE026,"Jl. Veteran No. 43, Surabaya","Jl. Hayam Wuruk No. 183, Solo",18.2,paket_besar,regular,2023-10-19,2023-10-21,2023-10-21,delivered,154700,TRK2310190002
SHP01782,CUS0195,RTE008,"Jl. Pemuda No. 152, Jakarta","Jl. Sudirman No. 231, Solo",22.1,dokumen,same_day,2022-07-24,2022-07-24,2022-07-27,delivered,828750,TRK2207240005
SHP01783,CUS0418,RTE047,"Jl. Cempaka No. 282, Medan","Jl. Pemuda No. 161, Pekanbaru",16.1,paket_sedang,same_day,2024-06-04,2024-06-04,2024-06-04,delivered,519225,TRK2406040003
SHP01784,CUS0313,RTE042,"Jl. Pemuda No. 62, Semarang","Jl. Kenanga No. 95, Malang",29.9,dokumen,regular,2023-07-01,2023-07-04,2023-07-04,delivered,284050,TRK2307010004
SHP01785,CUS0057,RTE054,"Jl. Pemuda No. 43, Makassar","Jl. Cempaka No. 53, Balikpapan",1.2,fragile,express,2024-02-23,2024-02-25,,returned,27600,TRK2402230003
SHP01786,CUS0390,RTE079,"Jl. Gatot Subroto No. 9, Pontianak","Jl. Thamrin No. 270, Jakarta",31.9,paket_kecil,regular,2022-10-02,2022-10-06,2022-10-08,delivered,366850,TRK2210020001
SHP01787,CUS0127,RTE052,"Jl. Kenanga No. 73, Makassar","Jl. Cendrawasih No. 258, Manado",46.3,paket_kecil,regular,2024-10-19,2024-10-24,2024-10-24,delivered,694500,TRK2410190001
SHP01788,CUS0412,RTE022,"Jl. Kebon Jeruk No. 196, Surabaya","Jl. Cempaka No. 292, Semarang",39.0,fragile,regular,2024-12-19,2024-12-22,2024-12-22,delivered,351000,TRK2412190004
SHP01789,CUS0278,RTE064,"Jl. Mangga No. 45, Yogyakarta","Jl. Pajajaran No. 2, Semarang",0.7,paket_sedang,regular,2023-12-22,2023-12-24,2023-12-25,delivered,5250,TRK2312220002
SHP01790,CUS0136,RTE071,"Jl. Kebon Jeruk No. 234, Pekanbaru","Jl. Thamrin No. 104, Padang",8.0,dokumen,express,2024-08-06,2024-08-07,2024-08-10,delivered,164000,TRK2408060002
SHP01791,CUS0274,RTE072,"Jl. Hayam Wuruk No. 253, Pekanbaru","Jl. Pajajaran No. 66, Palembang",12.8,paket_kecil,regular,2022-09-08,2022-09-12,2022-09-12,delivered,147200,TRK2209080004
SHP01792,CUS0359,RTE012,"Jl. Pemuda No. 172, Jakarta","Jl. Pahlawan No. 23, Palembang",16.6,fragile,express,2022-02-17,2022-02-18,2022-02-20,delivered,323700,TRK2202170001
SHP01793,CUS0151,RTE067,"Jl. Imam Bonjol No. 9, Balikpapan","Jl. Imam Bonjol No. 23, Samarinda",14.5,dokumen,regular,2023-06-21,2023-06-23,,returned,108750,TRK2306210002
SHP01794,CUS0014,RTE054,"Jl. Gajah Mada No. 154, Makassar","Jl. Melati No. 135, Balikpapan",22.6,paket_besar,express,2023-11-30,2023-12-02,2023-12-01,delivered,519800,TRK2311300001
SHP01795,CUS0594,RTE003,"Jl. Ahmad Yani No. 43, Jakarta","Jl. Kebon Jeruk No. 258, Tangerang",48.6,paket_sedang,regular,2024-06-11,2024-06-12,,in_transit,340200,TRK2406110002
SHP01796,CUS0402,RTE034,"Jl. Merdeka No. 19, Bandung","Jl. Asia Afrika No. 200, Yogyakarta",16.5,paket_besar,regular,2022-10-03,2022-10-06,2022-10-06,delivered,156750,TRK2210030004
SHP01797,CUS0573,RTE063,"Jl. Anggrek No. 261, Yogyakarta","Jl. Anggrek No. 227, Malang",36.4,paket_kecil,regular,2023-05-02,2023-05-05,2023-05-05,delivered,345800,TRK2305020001
SHP01798,CUS0399,RTE007,"Jl. Cendrawasih No. 66, Jakarta","Jl. Diponegoro No. 12, Yogyakarta",44.2,fragile,same_day,2023-02-01,2023-02-01,2023-02-02,delivered,1524900,TRK2302010003
SHP01799,CUS0010,RTE036,"Jl. Melati No. 142, Bandung","Jl. Raya Bogor No. 229, Solo",45.1,dokumen,express,2022-02-01,2022-02-03,2022-02-03,delivered,947100,TRK2202010002
SHP01800,CUS0018,RTE027,"Jl. Hayam Wuruk No. 63, Surabaya","Jl. Setiabudi No. 132, Medan",42.9,paket_sedang,same_day,2023-10-23,2023-10-23,2023-10-25,delivered,2767050,TRK2310230005
SHP01801,CUS0574,RTE022,"Jl. Margonda No. 292, Surabaya","Jl. Pemuda No. 158, Semarang",3.8,paket_besar,regular,2023-06-16,2023-06-19,,lost,34200,TRK2306160003
SHP01802,CUS0471,RTE073,"Jl. Pajajaran No. 25, Pekanbaru","Jl. Gajah Mada No. 120, Medan",15.5,paket_kecil,regular,2024-01-05,2024-01-08,,in_transit,147250,TRK2401050002
SHP01803,CUS0096,RTE053,"Jl. Melati No. 111, Makassar","Jl. Kebon Jeruk No. 29, Denpasar",41.0,paket_kecil,regular,2022-09-16,2022-09-20,2022-09-21,delivered,471500,TRK2209160002
SHP01804,CUS0404,RTE064,"Jl. Sudirman No. 285, Yogyakarta","Jl. Ahmad Yani No. 262, Semarang",38.0,paket_sedang,express,2024-12-18,2024-12-19,2024-12-21,delivered,551000,TRK2412180004
SHP01805,CUS0424,RTE043,"Jl. Imam Bonjol No. 77, Semarang","Jl. Mangga No. 86, Surabaya",18.4,paket_sedang,express,2024-12-31,2025-01-01,,delivered,331200,TRK2412310003
SHP01806,CUS0191,RTE021,"Jl. Anggrek No. 85, Surabaya","Jl. Margonda No. 275, Yogyakarta",45.1,paket_besar,regular,2024-12-15,2024-12-18,2024-12-18,delivered,405900,TRK2412150001
SHP01807,CUS0252,RTE048,"Jl. Merdeka No. 22, Medan","Jl. Cendrawasih No. 262, Palembang",25.8,paket_sedang,same_day,2023-09-03,2023-09-03,,delivered,1161000,TRK2309030001
SHP01808,CUS0433,RTE063,"Jl. Cendrawasih No. 254, Yogyakarta","Jl. Anggrek No. 10, Malang",30.6,paket_kecil,regular,2023-03-25,2023-03-28,2023-03-29,delivered,290700,TRK2303250002
SHP01809,CUS0276,RTE036,"Jl. Mangga No. 167, Bandung","Jl. Mangga No. 244, Solo",16.8,dokumen,regular,2023-02-15,2023-02-18,2023-02-18,delivered,159600,TRK2302150002
SHP01810,CUS0490,RTE042,"Jl. Gajah Mada No. 169, Semarang","Jl. Cempaka No. 82, Malang",46.2,paket_besar,express,2023-07-17,2023-07-18,,returned,854700,TRK2307170002
SHP01811,CUS0551,RTE059,"Jl. Ahmad Yani No. 45, Denpasar","Jl. Raya Bogor No. 33, Lombok",35.3,paket_kecil,express,2024-03-01,2024-03-02,2024-03-03,delivered,582450,TRK2403010004
SHP01812,CUS0161,RTE055,"Jl. Mawar No. 166, Makassar","Jl. Setiabudi No. 62, Surabaya",42.0,paket_sedang,express,2024-10-06,2024-10-09,,in_transit,1134000,TRK2410060004
SHP01813,CUS0435,RTE033,"Jl. Hayam Wuruk No. 115, Bandung","Jl. Ahmad Yani No. 209, Semarang",17.8,paket_kecil,same_day,2024-01-04,2024-01-04,2024-01-06,delivered,507300,TRK2401040003
SHP01814,CUS0447,RTE040,"Jl. Asia Afrika No. 207, Semarang","Jl. Mawar No. 272, Yogyakarta",30.0,paket_kecil,same_day,2022-01-17,2022-01-17,2022-01-20,delivered,720000,TRK2201170003
SHP01815,CUS0052,RTE073,"Jl. Merdeka No. 180, Pekanbaru","Jl. Pajajaran No. 259, Medan",40.9,dokumen,regular,2024-03-22,2024-03-25,,returned,388550,TRK2403220002
SHP01816,CUS0197,RTE005,"Jl. Gatot Subroto No. 168, Jakarta","Jl. Mangga No. 244, Semarang",32.6,paket_kecil,regular,2022-10-24,2022-10-27,,in_transit,309700,TRK2210240003
SHP01817,CUS0130,RTE068,"Jl. Ahmad Yani No. 278, Balikpapan","Jl. Pajajaran No. 111, Banjarmasin",15.3,paket_sedang,regular,2024-09-09,2024-09-12,,in_transit,145350,TRK2409090002
SHP01818,CUS0391,RTE053,"Jl. Kenanga No. 25, Makassar","Jl. Mangga No. 267, Denpasar",38.3,paket_sedang,express,2022-04-11,2022-04-13,2022-04-18,delivered,1053250,TRK2204110003
SHP01819,CUS0519,RTE005,"Jl. Ahmad Yani No. 5, Jakarta","Jl. Merdeka No. 101, Semarang",45.5,paket_sedang,regular,2023-11-15,2023-11-18,2023-11-21,delivered,432250,TRK2311150003
SHP01820,CUS0450,RTE031,"Jl. Gajah Mada No. 270, Surabaya","Jl. Imam Bonjol No. 205, Pekanbaru",49.3,paket_sedang,regular,2023-10-31,2023-11-05,2023-11-05,delivered,838100,TRK2310310003
SHP01821,CUS0427,RTE003,"Jl. Gajah Mada No. 126, Jakarta","Jl. Mangga No. 79, Tangerang",44.6,dokumen,regular,2024-09-19,2024-09-20,2024-09-23,delivered,312200,TRK2409190001
SHP01822,CUS0413,RTE018,"Jl. Melati No. 70, Jakarta","Jl. Thamrin No. 171, Pontianak",37.5,paket_kecil,express,2023-09-05,2023-09-08,2023-09-09,delivered,881250,TRK2309050002
SHP01823,CUS0065,RTE014,"Jl. Cempaka No. 79, Jakarta","Jl. Margonda No. 272, Pekanbaru",41.1,paket_kecil,regular,2022-11-11,2022-11-16,,returned,575400,TRK2211110001
SHP01824,CUS0514,RTE047,"Jl. Pajajaran No. 22, Medan","Jl. Pahlawan No. 44, Pekanbaru",44.0,fragile,regular,2023-03-22,2023-03-25,2023-03-26,delivered,418000,TRK2303220002
SHP01825,CUS0021,RTE064,"Jl. Mawar No. 175, Yogyakarta","Jl. Hayam Wuruk No. 282, Semarang",7.0,fragile,regular,2023-01-09,2023-01-11,2023-01-11,delivered,52500,TRK2301090002
SHP01826,CUS0223,RTE078,"Jl. Gajah Mada No. 204, Pontianak","Jl. Melati No. 263, Balikpapan",13.4,paket_besar,regular,2024-07-02,2024-07-06,2024-07-07,delivered,174200,TRK2407020003
SHP01827,CUS0023,RTE062,"Jl. Hayam Wuruk No. 43, Yogyakarta","Jl. Raya Bogor No. 289, Solo",34.9,fragile,express,2024-10-30,2024-10-31,2024-10-31,delivered,558400,TRK2410300001
SHP01828,CUS0495,RTE048,"Jl. Gajah Mada No. 36, Medan","Jl. Diponegoro No. 294, Palembang",33.9,paket_kecil,regular,2023-09-21,2023-09-26,2023-09-27,delivered,508500,TRK2309210003
SHP01829,CUS0170,RTE044,"Jl. Merdeka No. 52, Semarang","Jl. Cendrawasih No. 142, Denpasar",31.0,paket_kecil,same_day,2023-05-16,2023-05-16,2023-05-17,delivered,1209000,TRK2305160003
SHP01830,CUS0345,RTE074,"Jl. Melati No. 140, Palembang","Jl. Mawar No. 228, Lampung",21.8,paket_kecil,regular,2022-03-17,2022-03-20,2022-03-21,delivered,207100,TRK2203170002
SHP01831,CUS0371,RTE042,"Jl. Pemuda No. 135, Semarang","Jl. Kebon Jeruk No. 108, Malang",32.0,paket_kecil,same_day,2024-06-03,2024-06-03,2024-06-04,delivered,888000,TRK2406030002
SHP01832,CUS0505,RTE014,"Jl. Hayam Wuruk No. 211, Jakarta","Jl. Mangga No. 90, Pekanbaru",47.5,paket_besar,express,2023-06-29,2023-07-02,2023-07-04,delivered,1496250,TRK2306290001
SHP01833,CUS0056,RTE063,"Jl. Imam Bonjol No. 124, Yogyakarta","Jl. Pemuda No. 58, Malang",17.4,paket_kecil,regular,2024-08-13,2024-08-16,2024-08-16,delivered,165300,TRK2408130004
SHP01834,CUS0053,RTE007,"Jl. Asia Afrika No. 64, Jakarta","Jl. Hayam Wuruk No. 130, Yogyakarta",23.2,paket_besar,same_day,2023-08-13,2023-08-13,2023-08-14,delivered,800400,TRK2308130003
SHP01835,CUS0270,RTE031,"Jl. Raya Bogor No. 37, Surabaya","Jl. Raya Bogor No. 135, Pekanbaru",34.7,paket_sedang,regular,2023-12-23,2023-12-28,2023-12-31,delivered,589900,TRK2312230002
SHP01836,CUS0480,RTE065,"Jl. Hayam Wuruk No. 206, Yogyakarta","Jl. Ahmad Yani No. 54, Surabaya",11.2,paket_kecil,same_day,2024-09-26,2024-09-26,2024-09-26,delivered,285600,TRK2409260002
SHP01837,CUS0403,RTE069,"Jl. Hayam Wuruk No. 192, Balikpapan","Jl. Mawar No. 110, Pontianak",31.0,paket_kecil,regular,2022-10-24,2022-10-28,,returned,403000,TRK2210240004
SHP01838,CUS0550,RTE047,"Jl. Gajah Mada No. 179, Medan","Jl. Kenanga No. 10, Pekanbaru",41.7,paket_sedang,express,2023-12-06,2023-12-08,,returned,896550,TRK2312060005
SHP01839,CUS0498,RTE077,"Jl. Pemuda No. 250, Pontianak","Jl. Gajah Mada No. 257, Singkawang",5.0,paket_sedang,regular,2022-11-15,2022-11-17,2022-11-19,delivered,40000,TRK2211150003
SHP01840,CUS0544,RTE034,"Jl. Kebon Jeruk No. 61, Bandung","Jl. Setiabudi No. 100, Yogyakarta",20.6,paket_kecil,same_day,2023-09-11,2023-09-11,2023-09-11,delivered,695250,TRK2309110003
SHP01841,CUS0308,RTE003,"Jl. Mawar No. 53, Jakarta","Jl. Ahmad Yani No. 206, Tangerang",40.4,fragile,regular,2022-07-16,2022-07-17,,in_transit,282800,TRK2207160006
SHP01842,CUS0261,RTE064,"Jl. Raya Bogor No. 251, Yogyakarta","Jl. Pajajaran No. 126, Semarang",48.7,paket_kecil,regular,2023-10-17,2023-10-19,,in_transit,365250,TRK2310170002
SHP01843,CUS0586,RTE044,"Jl. Thamrin No. 266, Semarang","Jl. Margonda No. 111, Denpasar",25.0,paket_kecil,same_day,2024-04-04,2024-04-04,2024-04-04,delivered,975000,TRK2404040001
SHP01844,CUS0473,RTE004,"Jl. Merdeka No. 199, Jakarta","Jl. Asia Afrika No. 10, Bekasi",4.0,paket_kecil,express,2022-03-05,2022-03-06,,in_transit,62000,TRK2203050003
SHP01845,CUS0041,RTE014,"Jl. Mawar No. 19, Jakarta","Jl. Imam Bonjol No. 236, Pekanbaru",28.7,paket_sedang,express,2022-03-10,2022-03-13,2022-03-14,delivered,904050,TRK2203100002
SHP01846,CUS0443,RTE077,"Jl. Pahlawan No. 271, Pontianak","Jl. Hayam Wuruk No. 161, Singkawang",34.0,paket_kecil,same_day,2022-11-16,2022-11-16,2022-11-16,delivered,892500,TRK2211160002
SHP01847,CUS0374,RTE075,"Jl. Setiabudi No. 122, Palembang","Jl. Raya Bogor No. 282, Padang",38.6,fragile,regular,2024-06-30,2024-07-04,,in_transit,521100,TRK2406300001
SHP01848,CUS0412,RTE032,"Jl. Gajah Mada No. 102, Bandung","Jl. Cendrawasih No. 250, Bogor",50.0,paket_kecil,express,2023-12-31,2024-01-01,2024-01-03,delivered,800000,TRK2312310003
SHP01849,CUS0418,RTE006,"Jl. Melati No. 30, Jakarta","Jl. Mawar No. 66, Surabaya",6.7,paket_sedang,regular,2022-06-24,2022-06-28,2022-07-03,delivered,77050,TRK2206240001
SHP01850,CUS0237,RTE045,"Jl. Asia Afrika No. 100, Semarang","Jl. Cempaka No. 4, Medan",3.8,paket_kecil,express,2024-08-16,2024-08-19,,in_transit,171000,TRK2408160002
SHP01851,CUS0318,RTE022,"Jl. Melati No. 159, Surabaya","Jl. Cempaka No. 117, Semarang",21.7,paket_besar,regular,2023-10-05,2023-10-08,2023-10-09,delivered,195300,TRK2310050003
SHP01852,CUS0582,RTE053,"Jl. Mawar No. 33, Makassar","Jl. Margonda No. 138, Denpasar",26.1,dokumen,same_day,2022-01-23,2022-01-23,,in_transit,1076625,TRK2201230004
SHP01853,CUS0053,RTE059,"Jl. Raya Bogor No. 117, Denpasar","Jl. Gajah Mada No. 224, Lombok",42.2,paket_sedang,regular,2024-03-09,2024-03-11,2024-03-13,delivered,337600,TRK2403090001
SHP01854,CUS0526,RTE023,"Jl. Hayam Wuruk No. 93, Surabaya","Jl. Raya Bogor No. 213, Denpasar",11.9,paket_besar,express,2023-06-26,2023-06-27,2023-06-29,delivered,249900,TRK2306260006
SHP01855,CUS0070,RTE019,"Jl. Anggrek No. 268, Jakarta","Jl. Imam Bonjol No. 220, Banjarmasin",47.0,paket_kecil,regular,2022-09-21,2022-09-25,2022-09-30,delivered,634500,TRK2209210004
SHP01856,CUS0171,RTE010,"Jl. Ahmad Yani No. 86, Jakarta","Jl. Hayam Wuruk No. 82, Denpasar",40.3,dokumen,regular,2024-09-28,2024-10-02,2024-10-04,delivered,564200,TRK2409280004
SHP01857,CUS0560,RTE073,"Jl. Diponegoro No. 171, Pekanbaru","Jl. Cempaka No. 157, Medan",19.8,paket_besar,regular,2024-07-13,2024-07-16,,returned,188100,TRK2407130002
SHP01858,CUS0271,RTE035,"Jl. Imam Bonjol No. 191, Bandung","Jl. Margonda No. 110, Surabaya",9.1,paket_sedang,regular,2023-07-28,2023-08-01,2023-08-01,delivered,104650,TRK2307280002
SHP01859,CUS0079,RTE015,"Jl. Anggrek No. 50, Jakarta","Jl. Setiabudi No. 273, Makassar",33.3,paket_besar,express,2023-12-03,2023-12-06,2023-12-06,delivered,1082250,TRK2312030001
SHP01860,CUS0392,RTE058,"Jl. Merdeka No. 262, Denpasar","Jl. Sudirman No. 174, Surabaya",7.3,paket_kecil,express,2025-01-10,2025-01-11,2025-01-11,delivered,156950,TRK2501100004
SHP01861,CUS0222,RTE057,"Jl. Pajajaran No. 220, Denpasar","Jl. Anggrek No. 155, Mataram",39.0,paket_sedang,regular,2024-10-14,2024-10-16,2024-10-19,delivered,312000,TRK2410140005
SHP01862,CUS0267,RTE049,"Jl. Raya Bogor No. 69, Medan","Jl. Pahlawan No. 15, Banda Aceh",47.3,paket_kecil,express,2023-05-15,2023-05-16,2023-05-16,delivered,1206150,TRK2305150001
SHP01863,CUS0332,RTE035,"Jl. Thamrin No. 50, Bandung","Jl. Asia Afrika No. 95, Surabaya",22.2,paket_sedang,regular,2022-01-24,2022-01-28,2022-01-28,delivered,255300,TRK2201240004
SHP01864,CUS0521,RTE062,"Jl. Setiabudi No. 203, Yogyakarta","Jl. Pemuda No. 240, Solo",45.4,dokumen,express,2022-01-22,2022-01-23,2022-01-28,delivered,726400,TRK2201220001
SHP01865,CUS0495,RTE056,"Jl. Asia Afrika No. 279, Makassar","Jl. Veteran No. 239, Kendari",18.9,paket_besar,regular,2022-01-06,2022-01-09,,in_transit,179550,TRK2201060001
SHP01866,CUS0495,RTE054,"Jl. Kebon Jeruk No. 248, Makassar","Jl. Margonda No. 34, Balikpapan",31.9,paket_kecil,regular,2024-10-18,2024-10-22,2024-10-22,delivered,366850,TRK2410180002
SHP01867,CUS0289,RTE070,"Jl. Anggrek No. 265, Balikpapan","Jl. Imam Bonjol No. 288, Makassar",2.6,paket_kecil,express,2024-03-09,2024-03-11,2024-03-13,delivered,70200,TRK2403090002
SHP01868,CUS0228,RTE006,"Jl. Veteran No. 83, Jakarta","Jl. Imam Bonjol No. 153, Surabaya",32.8,paket_besar,regular,2024-05-29,2024-06-02,2024-06-03,delivered,377200,TRK2405290002
SHP01869,CUS0112,RTE076,"Jl. Cempaka No. 43, Palembang","Jl. Imam Bonjol No. 19, Jakarta",16.2,fragile,same_day,2023-04-18,2023-04-18,2023-04-19,delivered,449550,TRK2304180003
SHP01870,CUS0021,RTE050,"Jl. Ahmad Yani No. 292, Medan","Jl. Thamrin No. 290, Jakarta",36.0,paket_besar,express,2022-02-01,2022-02-04,,in_transit,1404000,TRK2202010003
SHP01871,CUS0235,RTE039,"Jl. Diponegoro No. 173, Bandung","Jl. Raya Bogor No. 59, Denpasar",35.3,paket_sedang,express,2022-04-19,2022-04-21,2022-04-21,delivered,1129600,TRK2204190002
SHP01872,CUS0071,RTE048,"Jl. Kenanga No. 294, Medan","Jl. Asia Afrika No. 97, Palembang",19.9,paket_sedang,express,2024-03-12,2024-03-15,,delivered,597000,TRK2403120002
SHP01873,CUS0476,RTE002,"Jl. Mawar No. 142, Jakarta","Jl. Pahlawan No. 61, Bogor",48.0,fragile,regular,2023-05-25,2023-05-26,2023-05-27,delivered,360000,TRK2305250006
SHP01874,CUS0408,RTE018,"Jl. Setiabudi No. 175, Jakarta","Jl. Pahlawan No. 206, Pontianak",39.8,paket_kecil,regular,2024-05-17,2024-05-21,2024-05-22,delivered,457700,TRK2405170008
SHP01875,CUS0026,RTE071,"Jl. Margonda No. 262, Pekanbaru","Jl. Mawar No. 188, Padang",39.7,paket_sedang,regular,2023-04-20,2023-04-22,2023-04-22,delivered,337450,TRK2304200001
SHP01876,CUS0377,RTE070,"Jl. Veteran No. 258, Balikpapan","Jl. Pemuda No. 99, Makassar",34.2,paket_sedang,regular,2022-01-09,2022-01-13,2022-01-13,delivered,393300,TRK2201090002
SHP01877,CUS0460,RTE031,"Jl. Hayam Wuruk No. 44, Surabaya","Jl. Melati No. 160, Pekanbaru",17.0,paket_kecil,express,2023-03-22,2023-03-25,,in_transit,688500,TRK2303220003
SHP01878,CUS0354,RTE016,"Jl. Sudirman No. 84, Jakarta","Jl. Pajajaran No. 42, Manado",15.3,fragile,same_day,2022-07-01,2022-07-01,2022-07-01,delivered,1204875,TRK2207010002
SHP01879,CUS0557,RTE032,"Jl. Merdeka No. 45, Bandung","Jl. Mangga No. 170, Bogor",18.4,fragile,express,2024-09-14,2024-09-15,,returned,294400,TRK2409140001
SHP01880,CUS0580,RTE075,"Jl. Sudirman No. 113, Palembang","Jl. Hayam Wuruk No. 233, Padang",5.1,fragile,regular,2024-09-22,2024-09-26,2024-09-27,delivered,68850,TRK2409220004
SHP01881,CUS0197,RTE005,"Jl. Gajah Mada No. 211, Jakarta","Jl. Anggrek No. 232, Semarang",45.4,paket_besar,regular,2022-05-31,2022-06-03,,in_transit,431300,TRK2205310002
SHP01882,CUS0133,RTE033,"Jl. Margonda No. 196, Bandung","Jl. Sudirman No. 169, Semarang",4.8,paket_kecil,express,2023-04-20,2023-04-22,,returned,91200,TRK2304200002
SHP01883,CUS0569,RTE076,"Jl. Hayam Wuruk No. 107, Palembang","Jl. Veteran No. 230, Jakarta",19.3,paket_kecil,same_day,2024-07-17,2024-07-17,2024-07-19,delivered,535575,TRK2407170003
SHP01884,CUS0414,RTE059,"Jl. Mawar No. 224, Denpasar","Jl. Thamrin No. 5, Lombok",19.4,paket_kecil,regular,2024-07-20,2024-07-22,2024-07-23,delivered,155200,TRK2407200003
SHP01885,CUS0239,RTE011,"Jl. Kebon Jeruk No. 242, Jakarta","Jl. Setiabudi No. 122, Medan",2.3,paket_kecil,regular,2024-05-10,2024-05-15,2024-05-17,delivered,41400,TRK2405100002
SHP01886,CUS0463,RTE043,"Jl. Setiabudi No. 256, Semarang","Jl. Ahmad Yani No. 175, Surabaya",5.9,dokumen,express,2023-07-30,2023-07-31,2023-08-03,delivered,106200,TRK2307300003
SHP01887,CUS0045,RTE076,"Jl. Pemuda No. 225, Palembang","Jl. Pajajaran No. 112, Jakarta",42.2,paket_sedang,regular,2024-03-03,2024-03-06,,in_transit,400900,TRK2403030004
SHP01888,CUS0021,RTE044,"Jl. Pemuda No. 84, Semarang","Jl. Melati No. 27, Denpasar",22.8,paket_besar,express,2024-01-08,2024-01-10,2024-01-12,delivered,592800,TRK2401080002
SHP01889,CUS0307,RTE062,"Jl. Cendrawasih No. 61, Yogyakarta","Jl. Asia Afrika No. 56, Solo",2.7,fragile,express,2024-08-26,2024-08-27,2024-08-27,delivered,43200,TRK2408260003
SHP01890,CUS0461,RTE047,"Jl. Pemuda No. 180, Medan","Jl. Cendrawasih No. 175, Pekanbaru",23.1,paket_sedang,regular,2022-11-07,2022-11-10,2022-11-10,delivered,219450,TRK2211070002
SHP01891,CUS0591,RTE027,"Jl. Pemuda No. 260, Surabaya","Jl. Hayam Wuruk No. 138, Medan",47.2,paket_sedang,same_day,2023-02-21,2023-02-21,2023-02-22,delivered,3044400,TRK2302210003
SHP01892,CUS0520,RTE034,"Jl. Raya Bogor No. 195, Bandung","Jl. Anggrek No. 179, Yogyakarta",37.1,dokumen,regular,2024-02-16,2024-02-19,2024-02-21,delivered,352450,TRK2402160002
SHP01893,CUS0187,RTE053,"Jl. Gatot Subroto No. 112, Makassar","Jl. Anggrek No. 68, Denpasar",46.6,paket_besar,express,2022-03-11,2022-03-13,2022-03-14,delivered,1281500,TRK2203110001
SHP01894,CUS0454,RTE057,"Jl. Mawar No. 225, Denpasar","Jl. Cempaka No. 192, Mataram",23.5,paket_besar,regular,2024-04-12,2024-04-14,2024-04-14,delivered,188000,TRK2404120003
SHP01895,CUS0229,RTE064,"Jl. Mawar No. 95, Yogyakarta","Jl. Pajajaran No. 228, Semarang",3.6,paket_besar,regular,2024-06-15,2024-06-17,2024-06-19,delivered,27000,TRK2406150002
SHP01896,CUS0367,RTE016,"Jl. Diponegoro No. 284, Jakarta","Jl. Cempaka No. 215, Manado",8.7,paket_sedang,regular,2024-04-13,2024-04-20,2024-04-21,delivered,187050,TRK2404130003
SHP01897,CUS0172,RTE037,"Jl. Merdeka No. 84, Bandung","Jl. Veteran No. 99, Malang",34.3,paket_besar,regular,2022-10-21,2022-10-25,,returned,411600,TRK2210210001
SHP01898,CUS0221,RTE079,"Jl. Mangga No. 118, Pontianak","Jl. Ahmad Yani No. 144, Jakarta",19.0,paket_besar,same_day,2022-02-26,2022-02-26,2022-02-28,delivered,641250,TRK2202260003
SHP01899,CUS0387,RTE073,"Jl. Ahmad Yani No. 117, Pekanbaru","Jl. Raya Bogor No. 2, Medan",20.0,paket_kecil,regular,2023-01-26,2023-01-29,2023-01-29,delivered,190000,TRK2301260001
SHP01900,CUS0551,RTE051,"Jl. Hayam Wuruk No. 72, Medan","Jl. Cempaka No. 157, Batam",4.6,paket_sedang,regular,2024-09-14,2024-09-18,2024-09-20,delivered,55200,TRK2409140002
SHP01901,CUS0050,RTE005,"Jl. Imam Bonjol No. 136, Jakarta","Jl. Ahmad Yani No. 272, Semarang",44.3,paket_sedang,regular,2024-12-24,2024-12-27,2024-12-28,delivered,420850,TRK2412240002
SHP01902,CUS0349,RTE032,"Jl. Asia Afrika No. 60, Bandung","Jl. Mangga No. 267, Bogor",39.2,paket_kecil,regular,2023-12-18,2023-12-20,2023-12-25,delivered,313600,TRK2312180002
SHP01903,CUS0147,RTE068,"Jl. Sudirman No. 166, Balikpapan","Jl. Veteran No. 228, Banjarmasin",20.6,fragile,regular,2024-01-18,2024-01-21,2024-01-21,delivered,195700,TRK2401180002
SHP01904,CUS0031,RTE062,"Jl. Kenanga No. 218, Yogyakarta","Jl. Kenanga No. 272, Solo",31.9,paket_sedang,regular,2022-02-26,2022-02-27,,delivered,239250,TRK2202260004
SHP01905,CUS0185,RTE006,"Jl. Veteran No. 67, Jakarta","Jl. Pahlawan No. 63, Surabaya",12.5,dokumen,express,2022-03-12,2022-03-14,2022-03-17,delivered,287500,TRK2203120002
SHP01906,CUS0096,RTE080,"Jl. Margonda No. 167, Manado","Jl. Kenanga No. 206, Gorontalo",48.2,fragile,express,2022-09-27,2022-09-29,2022-09-30,delivered,1060400,TRK2209270004
SHP01907,CUS0484,RTE073,"Jl. Anggrek No. 248, Pekanbaru","Jl. Pahlawan No. 266, Medan",24.9,paket_besar,express,2022-06-06,2022-06-07,,in_transit,572700,TRK2206060003
SHP01908,CUS0258,RTE021,"Jl. Pemuda No. 291, Surabaya","Jl. Gajah Mada No. 210, Yogyakarta",8.8,paket_besar,express,2024-03-14,2024-03-15,2024-03-15,delivered,176000,TRK2403140002
SHP01909,CUS0118,RTE055,"Jl. Sudirman No. 121, Makassar","Jl. Merdeka No. 94, Surabaya",27.1,paket_sedang,express,2022-01-10,2022-01-13,2022-01-12,delivered,731700,TRK2201100003
SHP01910,CUS0081,RTE006,"Jl. Pahlawan No. 270, Jakarta","Jl. Melati No. 160, Surabaya",17.0,dokumen,regular,2022-10-29,2022-11-02,2022-11-03,delivered,195500,TRK2210290002
SHP01911,CUS0004,RTE011,"Jl. Pajajaran No. 251, Jakarta","Jl. Gajah Mada No. 153, Medan",18.4,paket_kecil,regular,2023-07-19,2023-07-24,,in_transit,331200,TRK2307190006
SHP01912,CUS0543,RTE064,"Jl. Cempaka No. 71, Yogyakarta","Jl. Raya Bogor No. 35, Semarang",2.9,paket_besar,regular,2024-04-30,2024-05-02,2024-05-02,delivered,21750,TRK2404300002
SHP01913,CUS0478,RTE041,"Jl. Kebon Jeruk No. 10, Semarang","Jl. Setiabudi No. 51, Solo",17.8,paket_sedang,express,2024-07-05,2024-07-06,2024-07-06,delivered,284800,TRK2407050001
SHP01914,CUS0175,RTE007,"Jl. Veteran No. 204, Jakarta","Jl. Thamrin No. 247, Yogyakarta",26.8,paket_besar,regular,2025-01-16,2025-01-19,,in_transit,281400,TRK2501160004
SHP01915,CUS0194,RTE026,"Jl. Sudirman No. 294, Surabaya","Jl. Gajah Mada No. 260, Solo",47.6,paket_kecil,regular,2023-03-19,2023-03-21,,in_transit,404600,TRK2303190003
SHP01916,CUS0408,RTE069,"Jl. Margonda No. 6, Balikpapan","Jl. Cendrawasih No. 26, Pontianak",39.8,paket_besar,regular,2024-07-01,2024-07-05,2024-07-10,delivered,517400,TRK2407010002
SHP01917,CUS0158,RTE030,"Jl. Diponegoro No. 206, Surabaya","Jl. Melati No. 39, Palembang",13.5,paket_sedang,regular,2024-10-21,2024-10-26,2024-10-28,delivered,189000,TRK2410210003
SHP01918,CUS0472,RTE001,"Jl. Asia Afrika No. 187, Jakarta","Jl. Thamrin No. 55, Bandung",28.3,paket_sedang,express,2022-09-28,2022-09-29,2022-09-28,delivered,481100,TRK2209280002
SHP01919,CUS0133,RTE045,"Jl. Gatot Subroto No. 293, Semarang","Jl. Diponegoro No. 24, Medan",6.0,paket_sedang,express,2023-12-24,2023-12-27,2023-12-27,delivered,270000,TRK2312240002
SHP01920,CUS0233,RTE020,"Jl. Mangga No. 231, Surabaya","Jl. Sudirman No. 138, Malang",28.8,paket_besar,same_day,2024-09-03,2024-09-03,,delivered,691200,TRK2409030002
SHP01921,CUS0600,RTE044,"Jl. Anggrek No. 83, Semarang","Jl. Mangga No. 53, Denpasar",17.2,fragile,express,2024-02-01,2024-02-03,2024-02-06,delivered,447200,TRK2402010001
SHP01922,CUS0128,RTE010,"Jl. Cendrawasih No. 109, Jakarta","Jl. Cempaka No. 228, Denpasar",4.3,paket_sedang,regular,2024-08-13,2024-08-17,2024-08-17,delivered,60200,TRK2408130005
SHP01923,CUS0471,RTE039,"Jl. Margonda No. 57, Bandung","Jl. Pemuda No. 94, Denpasar",15.0,paket_besar,regular,2024-04-23,2024-04-27,2024-04-27,delivered,202500,TRK2404230004
SHP01924,CUS0134,RTE045,"Jl. Cempaka No. 41, Semarang","Jl. Anggrek No. 280, Medan",12.0,dokumen,regular,2024-08-20,2024-08-26,2024-08-28,delivered,240000,TRK2408200008
SHP01925,CUS0242,RTE056,"Jl. Margonda No. 237, Makassar","Jl. Melati No. 88, Kendari",44.1,paket_kecil,regular,2023-09-19,2023-09-22,2023-09-22,delivered,418950,TRK2309190001
SHP01926,CUS0351,RTE039,"Jl. Cempaka No. 237, Bandung","Jl. Anggrek No. 254, Denpasar",8.3,fragile,regular,2024-01-12,2024-01-16,2024-01-17,delivered,112050,TRK2401120001
SHP01927,CUS0346,RTE052,"Jl. Setiabudi No. 158, Makassar","Jl. Veteran No. 266, Manado",43.3,paket_sedang,regular,2022-04-07,2022-04-12,,in_transit,649500,TRK2204070005
SHP01928,CUS0232,RTE035,"Jl. Kenanga No. 10, Bandung","Jl. Kebon Jeruk No. 152, Surabaya",6.4,paket_sedang,regular,2022-04-14,2022-04-18,2022-04-19,delivered,73600,TRK2204140002
SHP01929,CUS0052,RTE073,"Jl. Pemuda No. 5, Pekanbaru","Jl. Cempaka No. 34, Medan",21.0,paket_kecil,regular,2024-09-05,2024-09-08,2024-09-08,delivered,199500,TRK2409050002
SHP01930,CUS0295,RTE022,"Jl. Imam Bonjol No. 196, Surabaya","Jl. Margonda No. 71, Semarang",6.4,paket_kecil,regular,2022-03-09,2022-03-12,,in_transit,57600,TRK2203090005
SHP01931,CUS0227,RTE053,"Jl. Cempaka No. 119, Makassar","Jl. Thamrin No. 44, Denpasar",35.9,paket_kecil,express,2022-05-01,2022-05-03,2022-05-06,delivered,987250,TRK2205010006
SHP01932,CUS0341,RTE019,"Jl. Mawar No. 124, Jakarta","Jl. Asia Afrika No. 59, Banjarmasin",37.6,paket_kecil,regular,2024-03-22,2024-03-26,2024-03-26,delivered,507600,TRK2403220003
SHP01933,CUS0068,RTE034,"Jl. Melati No. 169, Bandung","Jl. Cendrawasih No. 293, Yogyakarta",48.5,dokumen,regular,2022-05-15,2022-05-18,2022-05-19,delivered,460750,TRK2205150002
SHP01934,CUS0129,RTE079,"Jl. Veteran No. 112, Pontianak","Jl. Hayam Wuruk No. 271, Jakarta",49.3,paket_kecil,regular,2022-12-02,2022-12-06,2022-12-06,delivered,566950,TRK2212020002
SHP01935,CUS0552,RTE032,"Jl. Setiabudi No. 166, Bandung","Jl. Cempaka No. 214, Bogor",34.3,fragile,express,2024-09-03,2024-09-04,2024-09-06,delivered,548800,TRK2409030003
SHP01936,CUS0085,RTE046,"Jl. Veteran No. 11, Medan","Jl. Pahlawan No. 86, Padang",21.6,fragile,same_day,2023-09-09,2023-09-09,,in_transit,777600,TRK2309090001
SHP01937,CUS0477,RTE031,"Jl. Imam Bonjol No. 167, Surabaya","Jl. Sudirman No. 22, Pekanbaru",36.0,paket_kecil,express,2022-02-02,2022-02-05,2022-02-06,delivered,1458000,TRK2202020005
SHP01938,CUS0057,RTE056,"Jl. Pemuda No. 233, Makassar","Jl. Cendrawasih No. 35, Kendari",43.2,paket_sedang,regular,2022-10-26,2022-10-29,2022-10-30,delivered,410400,TRK2210260005
SHP01939,CUS0501,RTE032,"Jl. Pajajaran No. 167, Bandung","Jl. Hayam Wuruk No. 134, Bogor",33.0,dokumen,regular,2022-12-27,2022-12-29,2022-12-30,delivered,264000,TRK2212270003
SHP01940,CUS0128,RTE052,"Jl. Cempaka No. 253, Makassar","Jl. Cempaka No. 74, Manado",36.2,paket_besar,same_day,2024-06-05,2024-06-05,2024-06-05,delivered,1547550,TRK2406050001
SHP01941,CUS0373,RTE035,"Jl. Mangga No. 116, Bandung","Jl. Cempaka No. 101, Surabaya",15.4,paket_kecil,express,2024-03-30,2024-04-02,2024-04-03,delivered,408100,TRK2403300003
SHP01942,CUS0284,RTE041,"Jl. Merdeka No. 94, Semarang","Jl. Margonda No. 178, Solo",8.8,paket_sedang,express,2023-04-01,2023-04-02,2023-04-02,delivered,140800,TRK2304010003
SHP01943,CUS0203,RTE032,"Jl. Anggrek No. 51, Bandung","Jl. Veteran No. 127, Bogor",1.1,paket_sedang,regular,2023-11-29,2023-12-01,2023-12-01,delivered,8800,TRK2311290004
SHP01944,CUS0214,RTE007,"Jl. Pahlawan No. 118, Jakarta","Jl. Cendrawasih No. 159, Yogyakarta",5.2,paket_kecil,regular,2024-09-01,2024-09-04,2024-09-07,delivered,54600,TRK2409010002
SHP01945,CUS0023,RTE073,"Jl. Kenanga No. 192, Pekanbaru","Jl. Merdeka No. 235, Medan",7.9,paket_kecil,regular,2022-04-02,2022-04-05,2022-04-05,delivered,75050,TRK2204020001
SHP01946,CUS0075,RTE052,"Jl. Thamrin No. 65, Makassar","Jl. Veteran No. 68, Manado",16.4,paket_besar,express,2022-07-03,2022-07-06,,returned,467400,TRK2207030001
SHP01947,CUS0375,RTE046,"Jl. Hayam Wuruk No. 274, Medan","Jl. Melati No. 28, Padang",40.2,fragile,regular,2022-04-18,2022-04-21,2022-04-21,delivered,442200,TRK2204180004
SHP01948,CUS0156,RTE039,"Jl. Hayam Wuruk No. 202, Bandung","Jl. Pemuda No. 37, Denpasar",4.0,paket_sedang,regular,2024-02-02,2024-02-06,2024-02-09,delivered,54000,TRK2402020003
SHP01949,CUS0135,RTE042,"Jl. Veteran No. 262, Semarang","Jl. Thamrin No. 249, Malang",38.6,dokumen,regular,2023-05-26,2023-05-29,2023-05-31,delivered,366700,TRK2305260001
SHP01950,CUS0354,RTE003,"Jl. Gajah Mada No. 115, Jakarta","Jl. Pajajaran No. 159, Tangerang",30.6,paket_kecil,same_day,2022-05-21,2022-05-21,2022-05-22,delivered,642600,TRK2205210001
SHP01951,CUS0482,RTE015,"Jl. Hayam Wuruk No. 255, Jakarta","Jl. Setiabudi No. 161, Makassar",18.0,fragile,regular,2024-06-04,2024-06-09,2024-06-11,delivered,297000,TRK2406040004
SHP01952,CUS0178,RTE066,"Jl. Kebon Jeruk No. 68, Yogyakarta","Jl. Ahmad Yani No. 210, Bandung",12.4,paket_besar,regular,2022-09-04,2022-09-07,2022-09-09,delivered,117800,TRK2209040005
SHP01953,CUS0138,RTE010,"Jl. Raya Bogor No. 275, Jakarta","Jl. Raya Bogor No. 187, Denpasar",44.6,paket_besar,regular,2023-10-10,2023-10-14,2023-10-14,delivered,624400,TRK2310100003
SHP01954,CUS0001,RTE059,"Jl. Cendrawasih No. 38, Denpasar","Jl. Hayam Wuruk No. 22, Lombok",14.5,dokumen,express,2024-02-29,2024-03-01,2024-03-02,delivered,239250,TRK2402290003
SHP01955,CUS0368,RTE054,"Jl. Cempaka No. 229, Makassar","Jl. Mawar No. 40, Balikpapan",15.4,paket_sedang,express,2024-05-15,2024-05-17,2024-05-16,delivered,354200,TRK2405150005
SHP01956,CUS0518,RTE006,"Jl. Pajajaran No. 20, Jakarta","Jl. Asia Afrika No. 23, Surabaya",4.0,paket_kecil,same_day,2024-05-05,2024-05-05,2024-05-07,delivered,138000,TRK2405050003
SHP01957,CUS0052,RTE028,"Jl. Cempaka No. 77, Surabaya","Jl. Melati No. 263, Balikpapan",26.3,paket_sedang,express,2023-03-01,2023-03-03,,returned,631200,TRK2303010003
SHP01958,CUS0040,RTE036,"Jl. Imam Bonjol No. 59, Bandung","Jl. Imam Bonjol No. 125, Solo",27.8,paket_kecil,express,2024-08-26,2024-08-28,,in_transit,583800,TRK2408260004
SHP01959,CUS0549,RTE046,"Jl. Gatot Subroto No. 271, Medan","Jl. Raya Bogor No. 181, Padang",46.6,fragile,regular,2023-12-19,2023-12-22,2023-12-23,delivered,512600,TRK2312190001
SHP01960,CUS0391,RTE043,"Jl. Imam Bonjol No. 286, Semarang","Jl. Kenanga No. 83, Surabaya",19.1,paket_kecil,regular,2022-01-25,2022-01-28,,returned,171900,TRK2201250003
SHP01961,CUS0491,RTE020,"Jl. Margonda No. 250, Surabaya","Jl. Pahlawan No. 1, Malang",36.2,fragile,regular,2023-08-18,2023-08-19,,in_transit,271500,TRK2308180001
SHP01962,CUS0459,RTE020,"Jl. Kebon Jeruk No. 99, Surabaya","Jl. Mawar No. 108, Malang",17.7,paket_kecil,regular,2024-11-22,2024-11-23,,delivered,132750,TRK2411220002
SHP01963,CUS0229,RTE004,"Jl. Kenanga No. 114, Jakarta","Jl. Thamrin No. 205, Bekasi",30.2,fragile,express,2024-01-31,2024-02-01,2024-02-01,delivered,468100,TRK2401310002
SHP01964,CUS0262,RTE045,"Jl. Pemuda No. 281, Semarang","Jl. Merdeka No. 211, Medan",23.1,dokumen,regular,2024-09-11,2024-09-17,,in_transit,462000,TRK2409110002
SHP01965,CUS0270,RTE073,"Jl. Thamrin No. 223, Pekanbaru","Jl. Imam Bonjol No. 270, Medan",25.8,paket_sedang,regular,2022-05-21,2022-05-24,2022-05-27,delivered,245100,TRK2205210002
SHP01966,CUS0346,RTE063,"Jl. Asia Afrika No. 44, Yogyakarta","Jl. Cendrawasih No. 156, Malang",17.8,dokumen,express,2024-01-19,2024-01-20,2024-01-22,delivered,356000,TRK2401190001
SHP01967,CUS0213,RTE039,"Jl. Veteran No. 46, Bandung","Jl. Anggrek No. 25, Denpasar",45.8,paket_sedang,regular,2022-10-28,2022-11-01,2022-10-31,delivered,618300,TRK2210280004
SHP01968,CUS0034,RTE018,"Jl. Gajah Mada No. 271, Jakarta","Jl. Gajah Mada No. 220, Pontianak",16.6,paket_besar,regular,2024-08-19,2024-08-23,,lost,190900,TRK2408190002
SHP01969,CUS0489,RTE062,"Jl. Veteran No. 10, Yogyakarta","Jl. Raya Bogor No. 103, Solo",5.1,paket_sedang,express,2024-09-12,2024-09-13,2024-09-13,delivered,81600,TRK2409120003
SHP01970,CUS0165,RTE054,"Jl. Asia Afrika No. 191, Makassar","Jl. Pemuda No. 281, Balikpapan",24.1,paket_kecil,regular,2022-10-22,2022-10-26,2022-10-26,delivered,277150,TRK2210220002
SHP01971,CUS0059,RTE018,"Jl. Gajah Mada No. 149, Jakarta","Jl. Hayam Wuruk No. 165, Pontianak",1.3,dokumen,regular,2023-08-29,2023-09-02,,in_transit,14950,TRK2308290004
SHP01972,CUS0033,RTE065,"Jl. Pajajaran No. 19, Yogyakarta","Jl. Raya Bogor No. 289, Surabaya",29.3,paket_sedang,regular,2024-10-12,2024-10-15,2024-10-15,delivered,263700,TRK2410120002
SHP01973,CUS0470,RTE031,"Jl. Anggrek No. 262, Surabaya","Jl. Melati No. 70, Pekanbaru",15.6,dokumen,regular,2022-01-28,2022-02-02,2022-02-02,delivered,265200,TRK2201280007
SHP01974,CUS0289,RTE032,"Jl. Anggrek No. 113, Bandung","Jl. Setiabudi No. 31, Bogor",1.5,paket_sedang,regular,2023-04-03,2023-04-05,2023-04-05,delivered,12000,TRK2304030001
SHP01975,CUS0315,RTE080,"Jl. Veteran No. 10, Manado","Jl. Melati No. 143, Gorontalo",5.4,fragile,express,2024-04-25,2024-04-27,2024-04-27,delivered,118800,TRK2404250003
SHP01976,CUS0278,RTE053,"Jl. Setiabudi No. 199, Makassar","Jl. Diponegoro No. 263, Denpasar",31.0,paket_sedang,regular,2022-07-24,2022-07-28,2022-07-29,delivered,356500,TRK2207240006
SHP01977,CUS0387,RTE021,"Jl. Diponegoro No. 173, Surabaya","Jl. Diponegoro No. 232, Yogyakarta",38.9,paket_sedang,regular,2022-01-09,2022-01-12,2022-01-12,delivered,350100,TRK2201090003
SHP01978,CUS0256,RTE005,"Jl. Diponegoro No. 115, Jakarta","Jl. Pemuda No. 20, Semarang",18.7,paket_besar,regular,2022-07-29,2022-08-01,2022-08-01,delivered,177650,TRK2207290005
SHP01979,CUS0081,RTE048,"Jl. Anggrek No. 289, Medan","Jl. Pajajaran No. 23, Palembang",41.3,paket_kecil,express,2022-12-06,2022-12-09,,in_transit,1239000,TRK2212060003
SHP01980,CUS0520,RTE002,"Jl. Hayam Wuruk No. 36, Jakarta","Jl. Cendrawasih No. 207, Bogor",21.6,paket_besar,regular,2023-01-04,2023-01-05,2023-01-05,delivered,162000,TRK2301040002
SHP01981,CUS0131,RTE063,"Jl. Anggrek No. 284, Yogyakarta","Jl. Pemuda No. 142, Malang",24.3,paket_sedang,express,2024-02-21,2024-02-22,2024-02-24,delivered,486000,TRK2402210003
SHP01982,CUS0427,RTE011,"Jl. Hayam Wuruk No. 72, Jakarta","Jl. Melati No. 201, Medan",30.6,paket_besar,regular,2023-09-13,2023-09-18,2023-09-18,delivered,550800,TRK2309130003
SHP01983,CUS0016,RTE019,"Jl. Pahlawan No. 133, Jakarta","Jl. Margonda No. 285, Banjarmasin",7.5,paket_sedang,regular,2023-01-27,2023-01-31,2023-02-02,delivered,101250,TRK2301270002
SHP01984,CUS0251,RTE060,"Jl. Veteran No. 237, Denpasar","Jl. Gatot Subroto No. 154, Makassar",18.4,paket_kecil,regular,2022-08-14,2022-08-18,2022-08-21,delivered,211600,TRK2208140001
SHP01985,CUS0033,RTE020,"Jl. Imam Bonjol No. 195, Surabaya","Jl. Kebon Jeruk No. 63, Malang",46.0,paket_besar,express,2023-05-25,2023-05-26,2023-05-27,delivered,736000,TRK2305250007
SHP01986,CUS0419,RTE001,"Jl. Imam Bonjol No. 44, Jakarta","Jl. Sudirman No. 136, Bandung",22.8,paket_besar,regular,2024-10-23,2024-10-25,2024-10-26,delivered,182400,TRK2410230002
SHP01987,CUS0128,RTE014,"Jl. Mangga No. 65, Jakarta","Jl. Pajajaran No. 162, Pekanbaru",42.4,paket_kecil,express,2022-10-20,2022-10-23,2022-10-26,delivered,1335600,TRK2210200004
SHP01988,CUS0498,RTE053,"Jl. Kenanga No. 283, Makassar","Jl. Raya Bogor No. 109, Denpasar",14.5,fragile,regular,2023-06-21,2023-06-25,2023-06-25,delivered,166750,TRK2306210003
SHP01989,CUS0096,RTE026,"Jl. Setiabudi No. 36, Surabaya","Jl. Anggrek No. 54, Solo",5.6,paket_besar,express,2022-08-01,2022-08-02,,in_transit,112000,TRK2208010003
SHP01990,CUS0320,RTE002,"Jl. Hayam Wuruk No. 44, Jakarta","Jl. Margonda No. 119, Bogor",7.9,paket_sedang,regular,2022-01-05,2022-01-06,2022-01-06,delivered,59250,TRK2201050002
SHP01991,CUS0462,RTE005,"Jl. Anggrek No. 185, Jakarta","Jl. Cendrawasih No. 1, Semarang",28.7,paket_kecil,regular,2024-03-02,2024-03-05,,in_transit,272650,TRK2403020002
SHP01992,CUS0465,RTE013,"Jl. Pemuda No. 258, Jakarta","Jl. Mawar No. 270, Padang",10.7,dokumen,regular,2023-06-22,2023-06-27,,returned,165850,TRK2306220005
SHP01993,CUS0363,RTE050,"Jl. Ahmad Yani No. 162, Medan","Jl. Melati No. 65, Jakarta",47.3,paket_kecil,regular,2024-08-25,2024-08-30,2024-08-31,delivered,851400,TRK2408250001
SHP01994,CUS0056,RTE059,"Jl. Pajajaran No. 138, Denpasar","Jl. Sudirman No. 114, Lombok",10.8,fragile,regular,2023-06-28,2023-06-30,2023-06-30,delivered,86400,TRK2306280003
SHP01995,CUS0595,RTE079,"Jl. Anggrek No. 231, Pontianak","Jl. Sudirman No. 118, Jakarta",12.4,paket_kecil,regular,2024-03-16,2024-03-20,,lost,142600,TRK2403160006
SHP01996,CUS0296,RTE012,"Jl. Pahlawan No. 208, Jakarta","Jl. Pemuda No. 37, Palembang",0.3,paket_kecil,regular,2022-12-10,2022-12-13,2022-12-13,delivered,2850,TRK2212100003
SHP01997,CUS0462,RTE045,"Jl. Veteran No. 34, Semarang","Jl. Margonda No. 285, Medan",2.4,paket_sedang,regular,2023-05-10,2023-05-16,2023-05-16,delivered,48000,TRK2305100003
SHP01998,CUS0038,RTE011,"Jl. Sudirman No. 274, Jakarta","Jl. Cempaka No. 208, Medan",32.2,paket_kecil,regular,2022-12-06,2022-12-11,,lost,579600,TRK2212060004
SHP01999,CUS0330,RTE029,"Jl. Imam Bonjol No. 20, Surabaya","Jl. Imam Bonjol No. 148, Manado",1.2,paket_kecil,regular,2024-12-03,2024-12-08,2024-12-08,delivered,20400,TRK2412030002
SHP02000,CUS0308,RTE072,"Jl. Imam Bonjol No. 299, Pekanbaru","Jl. Anggrek No. 140, Palembang",25.5,paket_sedang,regular,2022-01-25,2022-01-29,2022-02-01,delivered,293250,TRK2201250004
SHP02001,CUS0253,RTE052,"Jl. Asia Afrika No. 13, Makassar","Jl. Thamrin No. 234, Manado",39.9,dokumen,regular,2024-06-29,2024-07-04,2024-07-05,delivered,598500,TRK2406290002
SHP02002,CUS0228,RTE062,"Jl. Hayam Wuruk No. 294, Yogyakarta","Jl. Pemuda No. 102, Solo",40.5,paket_besar,regular,2024-06-28,2024-06-29,2024-06-30,delivered,303750,TRK2406280003
SHP02003,CUS0114,RTE010,"Jl. Mawar No. 55, Jakarta","Jl. Mangga No. 217, Denpasar",41.6,fragile,regular,2022-02-18,2022-02-22,2022-02-22,delivered,582400,TRK2202180003
SHP02004,CUS0096,RTE035,"Jl. Pemuda No. 151, Bandung","Jl. Gatot Subroto No. 183, Surabaya",16.8,paket_sedang,regular,2023-07-27,2023-07-31,2023-07-31,delivered,193200,TRK2307270002
SHP02005,CUS0239,RTE067,"Jl. Pemuda No. 290, Balikpapan","Jl. Pajajaran No. 209, Samarinda",49.2,fragile,regular,2022-11-28,2022-11-30,2022-11-30,delivered,369000,TRK2211280001
SHP02006,CUS0112,RTE062,"Jl. Setiabudi No. 14, Yogyakarta","Jl. Merdeka No. 120, Solo",18.1,fragile,same_day,2022-04-24,2022-04-24,2022-04-24,delivered,434400,TRK2204240001
SHP02007,CUS0600,RTE075,"Jl. Pahlawan No. 197, Palembang","Jl. Kebon Jeruk No. 207, Padang",49.0,paket_kecil,regular,2022-08-17,2022-08-21,2022-08-26,delivered,661500,TRK2208170002
SHP02008,CUS0490,RTE059,"Jl. Veteran No. 54, Denpasar","Jl. Mawar No. 111, Lombok",48.1,paket_besar,same_day,2024-05-25,2024-05-25,2024-05-26,delivered,1190475,TRK2405250003
SHP02009,CUS0159,RTE035,"Jl. Anggrek No. 254, Bandung","Jl. Margonda No. 78, Surabaya",46.5,paket_kecil,same_day,2023-12-16,2023-12-16,2023-12-18,delivered,1848375,TRK2312160001
SHP02010,CUS0386,RTE043,"Jl. Raya Bogor No. 125, Semarang","Jl. Cempaka No. 79, Surabaya",43.3,paket_sedang,regular,2024-07-17,2024-07-20,2024-07-21,delivered,389700,TRK2407170004
SHP02011,CUS0268,RTE011,"Jl. Veteran No. 141, Jakarta","Jl. Mangga No. 103, Medan",39.6,paket_besar,express,2024-03-10,2024-03-13,2024-03-13,delivered,1485000,TRK2403100004
SHP02012,CUS0035,RTE056,"Jl. Sudirman No. 188, Makassar","Jl. Gajah Mada No. 287, Kendari",32.1,paket_sedang,regular,2023-10-17,2023-10-20,2023-10-21,delivered,304950,TRK2310170003
SHP02013,CUS0129,RTE016,"Jl. Margonda No. 63, Jakarta","Jl. Imam Bonjol No. 70, Manado",17.0,paket_kecil,express,2023-01-20,2023-01-23,2023-01-26,delivered,892500,TRK2301200004
SHP02014,CUS0380,RTE034,"Jl. Imam Bonjol No. 155, Bandung","Jl. Imam Bonjol No. 107, Yogyakarta",41.0,paket_sedang,express,2024-07-06,2024-07-07,2024-07-06,delivered,922500,TRK2407060002
SHP02015,CUS0304,RTE042,"Jl. Gajah Mada No. 249, Semarang","Jl. Sudirman No. 119, Malang",30.0,paket_kecil,express,2022-09-28,2022-09-29,2022-09-30,delivered,555000,TRK2209280003
SHP02016,CUS0102,RTE070,"Jl. Imam Bonjol No. 204, Balikpapan","Jl. Pajajaran No. 299, Makassar",48.2,paket_kecil,regular,2022-04-23,2022-04-27,2022-04-27,delivered,554300,TRK2204230001
SHP02017,CUS0178,RTE050,"Jl. Thamrin No. 4, Medan","Jl. Thamrin No. 42, Jakarta",39.2,paket_besar,regular,2022-04-24,2022-04-29,2022-04-29,delivered,705600,TRK2204240002
SHP02018,CUS0335,RTE055,"Jl. Gatot Subroto No. 213, Makassar","Jl. Gatot Subroto No. 300, Surabaya",23.0,paket_sedang,regular,2024-11-19,2024-11-23,2024-11-23,delivered,276000,TRK2411190002
SHP02019,CUS0090,RTE030,"Jl. Sudirman No. 25, Surabaya","Jl. Raya Bogor No. 285, Palembang",25.6,paket_sedang,regular,2024-12-23,2024-12-28,2024-12-31,delivered,358400,TRK2412230001
SHP02020,CUS0385,RTE074,"Jl. Cempaka No. 27, Palembang","Jl. Setiabudi No. 288, Lampung",42.6,paket_sedang,regular,2023-03-23,2023-03-26,2023-03-26,delivered,404700,TRK2303230003
SHP02021,CUS0271,RTE034,"Jl. Anggrek No. 64, Bandung","Jl. Melati No. 239, Yogyakarta",47.4,paket_kecil,regular,2024-01-14,2024-01-17,,returned,450300,TRK2401140002
SHP02022,CUS0325,RTE054,"Jl. Gatot Subroto No. 71, Makassar","Jl. Diponegoro No. 37, Balikpapan",38.6,paket_sedang,regular,2022-10-14,2022-10-18,2022-10-17,delivered,443900,TRK2210140003
SHP02023,CUS0219,RTE011,"Jl. Anggrek No. 204, Jakarta","Jl. Pemuda No. 63, Medan",24.1,dokumen,express,2023-04-03,2023-04-06,2023-04-08,delivered,903750,TRK2304030002
SHP02024,CUS0160,RTE025,"Jl. Cendrawasih No. 135, Surabaya","Jl. Setiabudi No. 60, Makassar",34.5,paket_sedang,regular,2024-05-17,2024-05-21,2024-05-22,delivered,414000,TRK2405170009
SHP02025,CUS0325,RTE079,"Jl. Mangga No. 34, Pontianak","Jl. Cendrawasih No. 237, Jakarta",21.8,dokumen,regular,2022-10-29,2022-11-02,2022-11-02,delivered,250700,TRK2210290003
SHP02026,CUS0592,RTE009,"Jl. Margonda No. 293, Jakarta","Jl. Pajajaran No. 117, Malang",33.0,fragile,regular,2024-12-28,2025-01-01,2025-01-01,delivered,396000,TRK2412280004
SHP02027,CUS0412,RTE059,"Jl. Asia Afrika No. 90, Denpasar","Jl. Imam Bonjol No. 124, Lombok",23.1,paket_kecil,express,2023-10-20,2023-10-21,2023-10-23,delivered,381150,TRK2310200002
SHP02028,CUS0170,RTE024,"Jl. Hayam Wuruk No. 95, Surabaya","Jl. Cempaka No. 213, Bandung",38.1,paket_kecil,express,2024-12-01,2024-12-03,2024-12-03,delivered,895350,TRK2412010003
SHP02029,CUS0255,RTE055,"Jl. Setiabudi No. 278, Makassar","Jl. Cendrawasih No. 260, Surabaya",5.7,fragile,regular,2022-06-02,2022-06-06,2022-06-06,delivered,68400,TRK2206020002
SHP02030,CUS0228,RTE029,"Jl. Thamrin No. 219, Surabaya","Jl. Ahmad Yani No. 13, Manado",30.3,paket_sedang,regular,2024-10-20,2024-10-25,2024-10-26,delivered,515100,TRK2410200002
SHP02031,CUS0342,RTE041,"Jl. Margonda No. 179, Semarang","Jl. Cempaka No. 29, Solo",38.6,fragile,express,2022-12-08,2022-12-09,,lost,617600,TRK2212080005
SHP02032,CUS0494,RTE068,"Jl. Melati No. 27, Balikpapan","Jl. Pahlawan No. 183, Banjarmasin",28.9,paket_sedang,regular,2023-06-30,2023-07-03,2023-07-08,delivered,274550,TRK2306300001
SHP02033,CUS0242,RTE060,"Jl. Pahlawan No. 60, Denpasar","Jl. Cendrawasih No. 92, Makassar",44.3,fragile,regular,2022-02-16,2022-02-20,2022-02-20,delivered,509450,TRK2202160003
SHP02034,CUS0195,RTE042,"Jl. Anggrek No. 153, Semarang","Jl. Gatot Subroto No. 275, Malang",39.8,paket_kecil,regular,2023-12-07,2023-12-10,2023-12-11,delivered,378100,TRK2312070003
SHP02035,CUS0582,RTE063,"Jl. Mawar No. 117, Yogyakarta","Jl. Pajajaran No. 234, Malang",48.5,paket_besar,regular,2024-01-06,2024-01-09,2024-01-14,delivered,460750,TRK2401060003
SHP02036,CUS0593,RTE041,"Jl. Setiabudi No. 178, Semarang","Jl. Gatot Subroto No. 289, Solo",48.1,paket_besar,regular,2024-07-13,2024-07-15,2024-07-15,delivered,360750,TRK2407130003
SHP02037,CUS0088,RTE010,"Jl. Gatot Subroto No. 246, Jakarta","Jl. Raya Bogor No. 111, Denpasar",49.4,fragile,regular,2022-01-25,2022-01-29,,lost,691600,TRK2201250005
SHP02038,CUS0224,RTE068,"Jl. Cendrawasih No. 76, Balikpapan","Jl. Gajah Mada No. 202, Banjarmasin",47.9,paket_sedang,regular,2022-08-02,2022-08-05,2022-08-05,delivered,455050,TRK2208020003
SHP02039,CUS0374,RTE072,"Jl. Pemuda No. 83, Pekanbaru","Jl. Merdeka No. 107, Palembang",1.6,dokumen,regular,2024-01-11,2024-01-15,2024-01-15,delivered,18400,TRK2401110002
SHP02040,CUS0256,RTE005,"Jl. Pajajaran No. 261, Jakarta","Jl. Margonda No. 75, Semarang",28.9,paket_kecil,regular,2022-10-13,2022-10-16,,in_transit,274550,TRK2210130001
SHP02041,CUS0524,RTE060,"Jl. Veteran No. 88, Denpasar","Jl. Asia Afrika No. 21, Makassar",44.4,paket_sedang,express,2024-12-10,2024-12-13,2024-12-13,delivered,976800,TRK2412100005
SHP02042,CUS0176,RTE057,"Jl. Veteran No. 219, Denpasar","Jl. Gajah Mada No. 149, Mataram",27.3,paket_kecil,regular,2024-08-24,2024-08-26,2024-08-26,delivered,218400,TRK2408240004
SHP02043,CUS0066,RTE079,"Jl. Mawar No. 12, Pontianak","Jl. Kenanga No. 152, Jakarta",7.0,paket_sedang,express,2022-05-23,2022-05-26,2022-05-26,delivered,157500,TRK2205230002
SHP02044,CUS0165,RTE063,"Jl. Cempaka No. 221, Yogyakarta","Jl. Setiabudi No. 108, Malang",31.5,paket_kecil,regular,2023-11-02,2023-11-05,2023-11-05,delivered,299250,TRK2311020003
SHP02045,CUS0094,RTE003,"Jl. Sudirman No. 187, Jakarta","Jl. Gatot Subroto No. 17, Tangerang",25.7,paket_sedang,express,2025-01-06,2025-01-07,2025-01-09,delivered,359800,TRK2501060005
SHP02046,CUS0132,RTE017,"Jl. Cendrawasih No. 89, Jakarta","Jl. Merdeka No. 25, Balikpapan",0.7,paket_sedang,regular,2022-10-03,2022-10-08,2022-10-08,delivered,10500,TRK2210030005
SHP02047,CUS0330,RTE005,"Jl. Diponegoro No. 271, Jakarta","Jl. Veteran No. 2, Semarang",35.3,paket_kecil,regular,2022-10-19,2022-10-22,2022-10-25,delivered,335350,TRK2210190002
SHP02048,CUS0282,RTE026,"Jl. Mawar No. 170, Surabaya","Jl. Merdeka No. 295, Solo",5.8,paket_sedang,express,2022-10-17,2022-10-18,2022-10-20,delivered,116000,TRK2210170002
SHP02049,CUS0574,RTE004,"Jl. Cempaka No. 58, Jakarta","Jl. Cendrawasih No. 203, Bekasi",11.1,paket_sedang,regular,2024-02-29,2024-03-01,2024-03-03,delivered,77700,TRK2402290004
SHP02050,CUS0483,RTE040,"Jl. Sudirman No. 128, Semarang","Jl. Merdeka No. 1, Yogyakarta",12.8,paket_kecil,regular,2022-05-12,2022-05-14,2022-05-17,delivered,96000,TRK2205120003
SHP02051,CUS0399,RTE013,"Jl. Cendrawasih No. 201, Jakarta","Jl. Ahmad Yani No. 298, Padang",23.3,dokumen,express,2023-08-12,2023-08-15,2023-08-15,delivered,757250,TRK2308120003
SHP02052,CUS0340,RTE071,"Jl. Sudirman No. 52, Pekanbaru","Jl. Hayam Wuruk No. 49, Padang",24.5,paket_kecil,express,2024-04-25,2024-04-26,,returned,502250,TRK2404250004
SHP02053,CUS0175,RTE067,"Jl. Sudirman No. 67, Balikpapan","Jl. Pemuda No. 50, Samarinda",6.0,dokumen,regular,2024-04-15,2024-04-17,,in_transit,45000,TRK2404150003
SHP02054,CUS0587,RTE054,"Jl. Asia Afrika No. 100, Makassar","Jl. Asia Afrika No. 169, Balikpapan",41.8,paket_besar,regular,2022-11-24,2022-11-28,2022-11-29,delivered,480700,TRK2211240003
SHP02055,CUS0167,RTE018,"Jl. Raya Bogor No. 283, Jakarta","Jl. Thamrin No. 167, Pontianak",25.2,paket_sedang,regular,2024-06-30,2024-07-04,,returned,289800,TRK2406300002
SHP02056,CUS0312,RTE031,"Jl. Gajah Mada No. 139, Surabaya","Jl. Pajajaran No. 30, Pekanbaru",47.7,paket_besar,regular,2024-10-14,2024-10-19,2024-10-24,delivered,810900,TRK2410140006
SHP02057,CUS0179,RTE044,"Jl. Pajajaran No. 102, Semarang","Jl. Cempaka No. 187, Denpasar",2.4,paket_kecil,regular,2023-11-07,2023-11-11,,in_transit,27600,TRK2311070003
SHP02058,CUS0163,RTE042,"Jl. Hayam Wuruk No. 260, Semarang","Jl. Raya Bogor No. 223, Malang",41.8,paket_sedang,same_day,2025-01-17,2025-01-17,2025-01-18,delivered,1159950,TRK2501170002
SHP02059,CUS0182,RTE052,"Jl. Thamrin No. 114, Makassar","Jl. Gatot Subroto No. 228, Manado",13.9,paket_sedang,regular,2022-02-10,2022-02-15,2022-02-15,delivered,208500,TRK2202100002
SHP02060,CUS0368,RTE069,"Jl. Anggrek No. 4, Balikpapan","Jl. Margonda No. 242, Pontianak",6.0,paket_sedang,regular,2023-09-26,2023-09-30,2023-10-02,delivered,78000,TRK2309260003
SHP02061,CUS0135,RTE023,"Jl. Cempaka No. 113, Surabaya","Jl. Gajah Mada No. 169, Denpasar",48.0,paket_besar,express,2024-01-17,2024-01-18,2024-01-19,delivered,1008000,TRK2401170002
SHP02062,CUS0186,RTE006,"Jl. Hayam Wuruk No. 181, Jakarta","Jl. Mangga No. 209, Surabaya",22.2,paket_sedang,express,2022-06-30,2022-07-02,2022-07-02,delivered,510600,TRK2206300002
SHP02063,CUS0193,RTE058,"Jl. Mangga No. 281, Denpasar","Jl. Veteran No. 10, Surabaya",35.5,paket_besar,regular,2024-04-23,2024-04-26,,in_transit,337250,TRK2404230005
SHP02064,CUS0147,RTE057,"Jl. Ahmad Yani No. 167, Denpasar","Jl. Setiabudi No. 54, Mataram",4.5,paket_kecil,express,2024-01-01,2024-01-02,2024-01-07,delivered,81000,TRK2401010004
SHP02065,CUS0585,RTE060,"Jl. Thamrin No. 56, Denpasar","Jl. Gajah Mada No. 86, Makassar",9.2,paket_besar,regular,2024-02-16,2024-02-20,2024-02-22,delivered,105800,TRK2402160003
SHP02066,CUS0385,RTE008,"Jl. Sudirman No. 264, Jakarta","Jl. Merdeka No. 140, Solo",23.0,paket_sedang,regular,2022-09-24,2022-09-27,2022-09-28,delivered,241500,TRK2209240002
SHP02067,CUS0592,RTE067,"Jl. Mangga No. 117, Balikpapan","Jl. Sudirman No. 254, Samarinda",14.1,fragile,same_day,2022-08-28,2022-08-28,2022-08-30,delivered,359550,TRK2208280002
SHP02068,CUS0586,RTE078,"Jl. Setiabudi No. 246, Pontianak","Jl. Mangga No. 65, Balikpapan",23.4,paket_sedang,regular,2024-03-17,2024-03-21,2024-03-24,delivered,304200,TRK2403170002
SHP02069,CUS0226,RTE028,"Jl. Anggrek No. 249, Surabaya","Jl. Pajajaran No. 277, Balikpapan",44.1,paket_sedang,regular,2024-11-17,2024-11-21,2024-11-21,delivered,551250,TRK2411170002
SHP02070,CUS0575,RTE079,"Jl. Anggrek No. 204, Pontianak","Jl. Anggrek No. 54, Jakarta",27.4,paket_besar,same_day,2023-04-26,2023-04-26,2023-05-01,delivered,924750,TRK2304260003
SHP02071,CUS0479,RTE051,"Jl. Margonda No. 125, Medan","Jl. Thamrin No. 292, Batam",0.5,dokumen,regular,2024-10-13,2024-10-17,2024-10-18,delivered,6000,TRK2410130004
SHP02072,CUS0597,RTE079,"Jl. Pajajaran No. 153, Pontianak","Jl. Ahmad Yani No. 161, Jakarta",23.2,fragile,express,2023-06-02,2023-06-05,2023-06-08,delivered,522000,TRK2306020001
SHP02073,CUS0318,RTE036,"Jl. Asia Afrika No. 23, Bandung","Jl. Mawar No. 207, Solo",29.1,paket_besar,same_day,2024-05-22,2024-05-22,2024-05-22,delivered,916650,TRK2405220002
SHP02074,CUS0352,RTE037,"Jl. Kebon Jeruk No. 119, Bandung","Jl. Pemuda No. 232, Malang",41.5,fragile,regular,2024-03-11,2024-03-15,2024-03-14,delivered,498000,TRK2403110002
SHP02075,CUS0266,RTE032,"Jl. Hayam Wuruk No. 297, Bandung","Jl. Kebon Jeruk No. 264, Bogor",10.5,paket_sedang,regular,2022-04-21,2022-04-23,2022-04-24,delivered,84000,TRK2204210002
SHP02076,CUS0587,RTE055,"Jl. Gajah Mada No. 260, Makassar","Jl. Hayam Wuruk No. 231, Surabaya",25.4,paket_kecil,express,2024-10-14,2024-10-17,2024-10-17,delivered,685800,TRK2410140007
SHP02077,CUS0566,RTE010,"Jl. Imam Bonjol No. 245, Jakarta","Jl. Anggrek No. 159, Denpasar",49.8,paket_kecil,regular,2022-03-21,2022-03-25,2022-03-26,delivered,697200,TRK2203210004
SHP02078,CUS0216,RTE008,"Jl. Mawar No. 51, Jakarta","Jl. Raya Bogor No. 239, Solo",23.3,paket_kecil,express,2023-01-31,2023-02-02,,in_transit,582500,TRK2301310002
SHP02079,CUS0324,RTE004,"Jl. Kebon Jeruk No. 2, Jakarta","Jl. Melati No. 261, Bekasi",26.8,paket_kecil,regular,2022-11-01,2022-11-02,2022-11-02,delivered,187600,TRK2211010002
SHP02080,CUS0514,RTE042,"Jl. Pemuda No. 7, Semarang","Jl. Veteran No. 97, Malang",20.5,paket_sedang,regular,2022-09-24,2022-09-27,2022-10-02,delivered,194750,TRK2209240003
SHP02081,CUS0342,RTE006,"Jl. Pajajaran No. 96, Jakarta","Jl. Veteran No. 45, Surabaya",38.3,fragile,express,2024-03-15,2024-03-17,2024-03-17,delivered,880900,TRK2403150005
SHP02082,CUS0163,RTE059,"Jl. Veteran No. 161, Denpasar","Jl. Margonda No. 170, Lombok",40.5,paket_kecil,regular,2022-11-16,2022-11-18,2022-11-18,delivered,324000,TRK2211160003
SHP02083,CUS0055,RTE025,"Jl. Diponegoro No. 66, Surabaya","Jl. Veteran No. 138, Makassar",24.2,dokumen,regular,2023-11-07,2023-11-11,2023-11-14,delivered,290400,TRK2311070004
SHP02084,CUS0600,RTE032,"Jl. Margonda No. 183, Bandung","Jl. Hayam Wuruk No. 189, Bogor",17.3,paket_sedang,regular,2022-11-01,2022-11-03,2022-11-02,delivered,138400,TRK2211010003
SHP02085,CUS0421,RTE015,"Jl. Melati No. 129, Jakarta","Jl. Gatot Subroto No. 100, Makassar",21.0,paket_kecil,regular,2023-07-16,2023-07-21,,in_transit,346500,TRK2307160004
SHP02086,CUS0482,RTE051,"Jl. Asia Afrika No. 82, Medan","Jl. Asia Afrika No. 283, Batam",28.2,fragile,express,2022-07-10,2022-07-12,2022-07-17,delivered,719100,TRK2207100003
SHP02087,CUS0152,RTE062,"Jl. Raya Bogor No. 8, Yogyakarta","Jl. Cendrawasih No. 167, Solo",1.6,paket_besar,regular,2022-11-12,2022-11-13,2022-11-13,delivered,12000,TRK2211120005
SHP02088,CUS0154,RTE070,"Jl. Kebon Jeruk No. 122, Balikpapan","Jl. Kebon Jeruk No. 14, Makassar",18.3,paket_kecil,regular,2023-12-24,2023-12-28,2023-12-28,delivered,210450,TRK2312240003
SHP02089,CUS0005,RTE033,"Jl. Gajah Mada No. 190, Bandung","Jl. Hayam Wuruk No. 175, Semarang",29.1,dokumen,regular,2023-03-11,2023-03-14,2023-03-16,delivered,276450,TRK2303110002
SHP02090,CUS0439,RTE001,"Jl. Melati No. 256, Jakarta","Jl. Melati No. 276, Bandung",30.3,paket_sedang,regular,2023-04-21,2023-04-23,2023-04-24,delivered,242400,TRK2304210001
SHP02091,CUS0500,RTE053,"Jl. Merdeka No. 296, Makassar","Jl. Pajajaran No. 32, Denpasar",13.2,paket_besar,regular,2022-03-01,2022-03-05,,lost,151800,TRK2203010001
SHP02092,CUS0533,RTE023,"Jl. Margonda No. 126, Surabaya","Jl. Imam Bonjol No. 290, Denpasar",18.9,paket_sedang,regular,2024-05-18,2024-05-21,2024-05-24,delivered,179550,TRK2405180002
SHP02093,CUS0577,RTE003,"Jl. Pahlawan No. 95, Jakarta","Jl. Diponegoro No. 32, Tangerang",28.3,paket_kecil,regular,2022-02-17,2022-02-18,2022-02-18,delivered,198100,TRK2202170002
SHP02094,CUS0469,RTE078,"Jl. Thamrin No. 222, Pontianak","Jl. Kebon Jeruk No. 237, Balikpapan",1.3,paket_besar,regular,2022-08-09,2022-08-13,2022-08-13,delivered,16900,TRK2208090002
SHP02095,CUS0058,RTE027,"Jl. Mangga No. 107, Surabaya","Jl. Ahmad Yani No. 159, Medan",30.6,paket_sedang,express,2024-09-01,2024-09-04,2024-09-07,delivered,1315800,TRK2409010003
SHP02096,CUS0118,RTE049,"Jl. Pahlawan No. 38, Medan","Jl. Kenanga No. 100, Banda Aceh",34.3,paket_besar,regular,2022-05-29,2022-06-01,2022-06-03,delivered,360150,TRK2205290002
SHP02097,CUS0162,RTE074,"Jl. Imam Bonjol No. 76, Palembang","Jl. Asia Afrika No. 2, Lampung",42.5,paket_kecil,express,2022-06-24,2022-06-25,2022-06-25,delivered,977500,TRK2206240002
SHP02098,CUS0428,RTE006,"Jl. Thamrin No. 287, Jakarta","Jl. Diponegoro No. 75, Surabaya",25.6,paket_sedang,regular,2023-07-27,2023-07-31,2023-07-31,delivered,294400,TRK2307270003
SHP02099,CUS0056,RTE041,"Jl. Pemuda No. 287, Semarang","Jl. Hayam Wuruk No. 252, Solo",36.8,paket_sedang,regular,2022-12-08,2022-12-10,2022-12-13,delivered,276000,TRK2212080006
SHP02100,CUS0149,RTE008,"Jl. Imam Bonjol No. 100, Jakarta","Jl. Diponegoro No. 82, Solo",34.7,paket_sedang,express,2022-02-22,2022-02-24,,returned,867500,TRK2202220004
SHP02101,CUS0082,RTE022,"Jl. Cendrawasih No. 296, Surabaya","Jl. Kenanga No. 28, Semarang",45.1,paket_kecil,same_day,2024-05-08,2024-05-08,,returned,1217700,TRK2405080003
SHP02102,CUS0375,RTE065,"Jl. Mangga No. 166, Yogyakarta","Jl. Diponegoro No. 139, Surabaya",24.6,dokumen,express,2024-05-03,2024-05-04,2024-05-06,delivered,418200,TRK2405030001
SHP02103,CUS0020,RTE055,"Jl. Ahmad Yani No. 226, Makassar","Jl. Diponegoro No. 132, Surabaya",45.8,fragile,regular,2024-01-11,2024-01-15,,returned,549600,TRK2401110003
SHP02104,CUS0473,RTE028,"Jl. Mawar No. 282, Surabaya","Jl. Mawar No. 129, Balikpapan",23.5,paket_sedang,express,2023-06-19,2023-06-21,,in_transit,564000,TRK2306190004
SHP02105,CUS0015,RTE057,"Jl. Sudirman No. 140, Denpasar","Jl. Cendrawasih No. 163, Mataram",24.0,paket_sedang,regular,2024-06-07,2024-06-09,,delivered,192000,TRK2406070002
SHP02106,CUS0089,RTE019,"Jl. Cempaka No. 264, Jakarta","Jl. Anggrek No. 233, Banjarmasin",47.7,paket_kecil,regular,2022-11-14,2022-11-18,,returned,643950,TRK2211140002
SHP02107,CUS0409,RTE067,"Jl. Thamrin No. 70, Balikpapan","Jl. Anggrek No. 76, Samarinda",44.7,paket_sedang,regular,2024-02-13,2024-02-15,2024-02-15,delivered,335250,TRK2402130003
SHP02108,CUS0449,RTE004,"Jl. Sudirman No. 175, Jakarta","Jl. Merdeka No. 253, Bekasi",3.8,paket_sedang,regular,2022-03-10,2022-03-11,,lost,26600,TRK2203100003
SHP02109,CUS0343,RTE050,"Jl. Pajajaran No. 204, Medan","Jl. Kenanga No. 264, Jakarta",0.6,paket_kecil,express,2024-04-02,2024-04-05,2024-04-05,delivered,23400,TRK2404020004
SHP02110,CUS0484,RTE074,"Jl. Gajah Mada No. 33, Palembang","Jl. Diponegoro No. 239, Lampung",29.2,paket_kecil,regular,2022-12-23,2022-12-26,2022-12-28,delivered,277400,TRK2212230003
SHP02111,CUS0269,RTE018,"Jl. Kenanga No. 185, Jakarta","Jl. Veteran No. 192, Pontianak",33.6,paket_kecil,regular,2022-02-06,2022-02-10,2022-02-10,delivered,386400,TRK2202060004
SHP02112,CUS0088,RTE079,"Jl. Kenanga No. 134, Pontianak","Jl. Kenanga No. 11, Jakarta",26.2,dokumen,express,2022-08-31,2022-09-03,,returned,589500,TRK2208310004
SHP02113,CUS0483,RTE001,"Jl. Margonda No. 264, Jakarta","Jl. Setiabudi No. 205, Bandung",24.3,paket_besar,regular,2022-12-16,2022-12-18,,in_transit,194400,TRK2212160003
SHP02114,CUS0041,RTE062,"Jl. Mawar No. 53, Yogyakarta","Jl. Pajajaran No. 29, Solo",23.6,paket_kecil,regular,2023-04-09,2023-04-10,,returned,177000,TRK2304090002
SHP02115,CUS0231,RTE055,"Jl. Kenanga No. 297, Makassar","Jl. Gajah Mada No. 227, Surabaya",29.9,paket_sedang,regular,2023-08-25,2023-08-29,,lost,358800,TRK2308250003
SHP02116,CUS0423,RTE011,"Jl. Raya Bogor No. 28, Jakarta","Jl. Hayam Wuruk No. 35, Medan",4.7,fragile,express,2022-01-02,2022-01-05,2022-01-05,delivered,176250,TRK2201020005
SHP02117,CUS0481,RTE007,"Jl. Asia Afrika No. 255, Jakarta","Jl. Kenanga No. 186, Yogyakarta",1.5,paket_kecil,regular,2022-04-09,2022-04-12,,in_transit,15750,TRK2204090003
SHP02118,CUS0153,RTE045,"Jl. Raya Bogor No. 148, Semarang","Jl. Mangga No. 243, Medan",8.3,paket_besar,express,2023-04-16,2023-04-19,2023-04-21,delivered,373500,TRK2304160002
SHP02119,CUS0180,RTE005,"Jl. Gatot Subroto No. 7, Jakarta","Jl. Raya Bogor No. 89, Semarang",31.0,paket_besar,regular,2024-08-27,2024-08-30,2024-08-30,delivered,294500,TRK2408270003
SHP02120,CUS0472,RTE043,"Jl. Kebon Jeruk No. 118, Semarang","Jl. Cempaka No. 217, Surabaya",16.1,paket_besar,regular,2023-09-26,2023-09-29,2023-09-29,delivered,144900,TRK2309260004
SHP02121,CUS0172,RTE045,"Jl. Diponegoro No. 197, Semarang","Jl. Raya Bogor No. 133, Medan",33.5,paket_kecil,regular,2022-06-20,2022-06-26,,in_transit,670000,TRK2206200004
SHP02122,CUS0415,RTE037,"Jl. Asia Afrika No. 179, Bandung","Jl. Setiabudi No. 109, Malang",22.1,dokumen,express,2024-01-21,2024-01-23,,in_transit,486200,TRK2401210002
SHP02123,CUS0096,RTE025,"Jl. Veteran No. 235, Surabaya","Jl. Setiabudi No. 118, Makassar",43.4,paket_besar,same_day,2024-03-20,2024-03-20,2024-03-22,delivered,1594950,TRK2403200001
SHP02124,CUS0459,RTE049,"Jl. Kenanga No. 59, Medan","Jl. Pajajaran No. 193, Banda Aceh",38.4,dokumen,express,2023-10-18,2023-10-19,2023-10-19,delivered,979200,TRK2310180002
SHP02125,CUS0091,RTE059,"Jl. Pemuda No. 24, Denpasar","Jl. Gajah Mada No. 267, Lombok",15.0,paket_besar,express,2024-11-08,2024-11-09,2024-11-09,delivered,247500,TRK2411080004
SHP02126,CUS0280,RTE076,"Jl. Cempaka No. 18, Palembang","Jl. Anggrek No. 30, Jakarta",10.7,paket_besar,regular,2024-10-27,2024-10-30,2024-10-30,delivered,101650,TRK2410270003
SHP02127,CUS0291,RTE006,"Jl. Raya Bogor No. 183, Jakarta","Jl. Mawar No. 131, Surabaya",13.4,dokumen,express,2024-06-13,2024-06-15,2024-06-15,delivered,308200,TRK2406130001
SHP02128,CUS0265,RTE048,"Jl. Setiabudi No. 125, Medan","Jl. Hayam Wuruk No. 75, Palembang",48.7,paket_besar,regular,2022-07-19,2022-07-24,2022-07-27,delivered,730500,TRK2207190002
SHP02129,CUS0093,RTE008,"Jl. Margonda No. 266, Jakarta","Jl. Gajah Mada No. 37, Solo",48.1,paket_kecil,express,2024-05-18,2024-05-20,,delivered,1202500,TRK2405180003
SHP02130,CUS0524,RTE079,"Jl. Kenanga No. 165, Pontianak","Jl. Cempaka No. 114, Jakarta",40.9,dokumen,regular,2024-04-23,2024-04-27,2024-04-27,delivered,470350,TRK2404230006
SHP02131,CUS0215,RTE007,"Jl. Raya Bogor No. 233, Jakarta","Jl. Pajajaran No. 102, Yogyakarta",32.6,paket_sedang,express,2022-01-18,2022-01-20,2022-01-23,delivered,749800,TRK2201180003
SHP02132,CUS0041,RTE020,"Jl. Diponegoro No. 215, Surabaya","Jl. Ahmad Yani No. 80, Malang",17.4,fragile,express,2022-10-02,2022-10-03,2022-10-02,delivered,278400,TRK2210020002
SHP02133,CUS0340,RTE038,"Jl. Kenanga No. 84, Bandung","Jl. Mangga No. 265, Cirebon",43.5,fragile,express,2022-07-28,2022-07-29,2022-07-31,delivered,739500,TRK2207280006
SHP02134,CUS0145,RTE009,"Jl. Setiabudi No. 145, Jakarta","Jl. Melati No. 131, Malang",30.5,paket_sedang,regular,2023-09-17,2023-09-21,2023-09-21,delivered,366000,TRK2309170003
SHP02135,CUS0302,RTE023,"Jl. Mangga No. 127, Surabaya","Jl. Mawar No. 54, Denpasar",24.1,paket_sedang,regular,2024-08-29,2024-09-01,2024-09-06,delivered,228950,TRK2408290006
SHP02136,CUS0185,RTE011,"Jl. Ahmad Yani No. 221, Jakarta","Jl. Gatot Subroto No. 235, Medan",9.2,paket_kecil,regular,2023-07-10,2023-07-15,2023-07-15,delivered,165600,TRK2307100003
SHP02137,CUS0148,RTE080,"Jl. Pahlawan No. 217, Manado","Jl. Mawar No. 220, Gorontalo",31.0,paket_sedang,express,2024-07-20,2024-07-22,2024-07-23,delivered,682000,TRK2407200004
SHP02138,CUS0555,RTE068,"Jl. Mawar No. 241, Balikpapan","Jl. Hayam Wuruk No. 151, Banjarmasin",14.0,paket_sedang,regular,2023-08-27,2023-08-30,,in_transit,133000,TRK2308270002
SHP02139,CUS0071,RTE031,"Jl. Ahmad Yani No. 3, Surabaya","Jl. Asia Afrika No. 70, Pekanbaru",36.1,paket_sedang,express,2023-03-13,2023-03-16,,returned,1462050,TRK2303130003
SHP02140,CUS0426,RTE001,"Jl. Margonda No. 169, Jakarta","Jl. Cempaka No. 223, Bandung",9.2,paket_sedang,express,2022-05-12,2022-05-13,2022-05-18,delivered,156400,TRK2205120004
SHP02141,CUS0596,RTE027,"Jl. Ahmad Yani No. 193, Surabaya","Jl. Veteran No. 265, Medan",30.2,paket_kecil,regular,2024-12-17,2024-12-23,2024-12-23,delivered,634200,TRK2412170001
SHP02142,CUS0302,RTE062,"Jl. Cempaka No. 125, Yogyakarta","Jl. Cendrawasih No. 179, Solo",20.4,fragile,regular,2024-01-08,2024-01-09,2024-01-09,delivered,153000,TRK2401080003
SHP02143,CUS0412,RTE018,"Jl. Margonda No. 68, Jakarta","Jl. Margonda No. 123, Pontianak",43.4,dokumen,regular,2022-02-27,2022-03-03,2022-03-04,delivered,499100,TRK2202270004
SHP02144,CUS0344,RTE079,"Jl. Ahmad Yani No. 266, Pontianak","Jl. Sudirman No. 162, Jakarta",48.4,paket_kecil,regular,2022-09-26,2022-09-30,2022-10-02,delivered,556600,TRK2209260002
SHP02145,CUS0461,RTE039,"Jl. Veteran No. 128, Bandung","Jl. Thamrin No. 110, Denpasar",41.9,fragile,regular,2024-10-04,2024-10-08,2024-10-08,delivered,565650,TRK2410040001
SHP02146,CUS0424,RTE021,"Jl. Pemuda No. 153, Surabaya","Jl. Mawar No. 181, Yogyakarta",21.0,paket_besar,regular,2022-09-24,2022-09-27,,lost,189000,TRK2209240004
SHP02147,CUS0079,RTE027,"Jl. Kenanga No. 8, Surabaya","Jl. Melati No. 279, Medan",42.4,paket_sedang,express,2025-01-10,2025-01-13,,lost,1823200,TRK2501100005
SHP02148,CUS0049,RTE051,"Jl. Cendrawasih No. 40, Medan","Jl. Hayam Wuruk No. 153, Batam",17.4,paket_besar,regular,2024-11-17,2024-11-21,,returned,208800,TRK2411170003
SHP02149,CUS0411,RTE049,"Jl. Veteran No. 182, Medan","Jl. Cendrawasih No. 167, Banda Aceh",35.5,paket_kecil,express,2022-02-28,2022-03-01,2022-03-01,delivered,905250,TRK2202280002
SHP02150,CUS0565,RTE067,"Jl. Pahlawan No. 174, Balikpapan","Jl. Diponegoro No. 39, Samarinda",46.9,fragile,express,2025-01-11,2025-01-12,2025-01-12,delivered,797300,TRK2501110003
SHP02151,CUS0599,RTE006,"Jl. Hayam Wuruk No. 140, Jakarta","Jl. Imam Bonjol No. 270, Surabaya",38.1,paket_kecil,express,2022-11-17,2022-11-19,2022-11-24,delivered,876300,TRK2211170001
SHP02152,CUS0546,RTE037,"Jl. Mawar No. 19, Bandung","Jl. Hayam Wuruk No. 79, Malang",2.3,dokumen,regular,2022-12-10,2022-12-14,,returned,27600,TRK2212100004
SHP02153,CUS0554,RTE072,"Jl. Mawar No. 47, Pekanbaru","Jl. Pajajaran No. 86, Palembang",10.6,paket_kecil,regular,2023-03-02,2023-03-06,,in_transit,121900,TRK2303020003
SHP02154,CUS0443,RTE049,"Jl. Anggrek No. 224, Medan","Jl. Pemuda No. 65, Banda Aceh",39.4,fragile,same_day,2024-09-11,2024-09-11,2024-09-12,delivered,1507050,TRK2409110003
SHP02155,CUS0140,RTE055,"Jl. Kenanga No. 174, Makassar","Jl. Pahlawan No. 242, Surabaya",7.3,paket_sedang,regular,2022-03-01,2022-03-05,2022-03-07,delivered,87600,TRK2203010002
SHP02156,CUS0154,RTE001,"Jl. Anggrek No. 248, Jakarta","Jl. Mawar No. 288, Bandung",11.4,paket_kecil,regular,2022-01-15,2022-01-17,2022-01-17,delivered,91200,TRK2201150001
SHP02157,CUS0550,RTE030,"Jl. Veteran No. 137, Surabaya","Jl. Kebon Jeruk No. 178, Palembang",40.7,paket_besar,express,2024-01-25,2024-01-28,2024-01-29,delivered,1098900,TRK2401250003
SHP02158,CUS0351,RTE055,"Jl. Pahlawan No. 99, Makassar","Jl. Kebon Jeruk No. 67, Surabaya",43.0,paket_besar,regular,2024-10-20,2024-10-24,2024-10-25,delivered,516000,TRK2410200003
SHP02159,CUS0038,RTE008,"Jl. Ahmad Yani No. 170, Jakarta","Jl. Merdeka No. 174, Solo",26.6,paket_besar,express,2023-03-24,2023-03-26,,in_transit,665000,TRK2303240001
SHP02160,CUS0063,RTE017,"Jl. Setiabudi No. 237, Jakarta","Jl. Veteran No. 65, Balikpapan",8.6,paket_kecil,regular,2022-02-16,2022-02-21,2022-02-21,delivered,129000,TRK2202160004
SHP02161,CUS0168,RTE033,"Jl. Thamrin No. 79, Bandung","Jl. Hayam Wuruk No. 176, Semarang",17.0,fragile,express,2023-04-02,2023-04-04,2023-04-09,delivered,323000,TRK2304020002
SHP02162,CUS0461,RTE059,"Jl. Kebon Jeruk No. 20, Denpasar","Jl. Pemuda No. 54, Lombok",5.3,paket_sedang,express,2025-01-05,2025-01-06,2025-01-09,delivered,87450,TRK2501050002
SHP02163,CUS0071,RTE047,"Jl. Mangga No. 216, Medan","Jl. Kebon Jeruk No. 147, Pekanbaru",20.0,paket_sedang,regular,2024-12-16,2024-12-19,2024-12-19,delivered,190000,TRK2412160001
SHP02164,CUS0352,RTE049,"Jl. Cempaka No. 6, Medan","Jl. Pemuda No. 143, Banda Aceh",25.8,fragile,regular,2024-06-02,2024-06-05,2024-06-06,delivered,270900,TRK2406020001
SHP02165,CUS0234,RTE027,"Jl. Pahlawan No. 92, Surabaya","Jl. Cempaka No. 37, Medan",48.2,paket_kecil,express,2023-11-08,2023-11-11,2023-11-11,delivered,2072600,TRK2311080003
SHP02166,CUS0477,RTE057,"Jl. Sudirman No. 6, Denpasar","Jl. Raya Bogor No. 217, Mataram",44.6,paket_kecil,express,2023-06-21,2023-06-22,2023-06-25,delivered,802800,TRK2306210004
SHP02167,CUS0597,RTE076,"Jl. Raya Bogor No. 143, Palembang","Jl. Pahlawan No. 216, Jakarta",13.8,paket_sedang,regular,2023-10-24,2023-10-27,2023-10-27,delivered,131100,TRK2310240005
SHP02168,CUS0088,RTE017,"Jl. Margonda No. 25, Jakarta","Jl. Veteran No. 126, Balikpapan",28.8,dokumen,regular,2023-05-10,2023-05-15,2023-05-17,delivered,432000,TRK2305100004
SHP02169,CUS0517,RTE064,"Jl. Gatot Subroto No. 193, Yogyakarta","Jl. Diponegoro No. 279, Semarang",11.3,paket_kecil,express,2022-04-20,2022-04-21,,in_transit,163850,TRK2204200003
SHP02170,CUS0329,RTE071,"Jl. Setiabudi No. 39, Pekanbaru","Jl. Thamrin No. 277, Padang",33.7,fragile,regular,2023-03-24,2023-03-26,2023-03-26,delivered,286450,TRK2303240002
SHP02171,CUS0287,RTE026,"Jl. Hayam Wuruk No. 207, Surabaya","Jl. Mawar No. 11, Solo",6.6,paket_sedang,express,2022-12-06,2022-12-07,,returned,132000,TRK2212060005
SHP02172,CUS0524,RTE059,"Jl. Gatot Subroto No. 164, Denpasar","Jl. Imam Bonjol No. 188, Lombok",30.4,paket_sedang,regular,2024-08-05,2024-08-07,2024-08-08,delivered,243200,TRK2408050003
SHP02173,CUS0596,RTE038,"Jl. Gajah Mada No. 254, Bandung","Jl. Hayam Wuruk No. 291, Cirebon",17.2,paket_sedang,regular,2022-02-22,2022-02-24,2022-02-27,delivered,137600,TRK2202220005
SHP02174,CUS0332,RTE031,"Jl. Margonda No. 199, Surabaya","Jl. Diponegoro No. 289, Pekanbaru",35.5,dokumen,regular,2023-09-08,2023-09-13,2023-09-14,delivered,603500,TRK2309080002
SHP02175,CUS0294,RTE010,"Jl. Kenanga No. 115, Jakarta","Jl. Cempaka No. 177, Denpasar",47.1,paket_sedang,regular,2024-01-22,2024-01-26,2024-01-26,delivered,659400,TRK2401220004
SHP02176,CUS0064,RTE059,"Jl. Raya Bogor No. 272, Denpasar","Jl. Kebon Jeruk No. 257, Lombok",8.3,paket_besar,regular,2023-10-04,2023-10-06,2023-10-06,delivered,66400,TRK2310040007
SHP02177,CUS0069,RTE079,"Jl. Kebon Jeruk No. 95, Pontianak","Jl. Gatot Subroto No. 154, Jakarta",41.6,paket_kecil,regular,2023-08-29,2023-09-02,,returned,478400,TRK2308290005
SHP02178,CUS0328,RTE020,"Jl. Thamrin No. 105, Surabaya","Jl. Thamrin No. 70, Malang",23.7,paket_kecil,express,2023-06-21,2023-06-22,2023-06-23,delivered,379200,TRK2306210005
SHP02179,CUS0027,RTE066,"Jl. Pajajaran No. 281, Yogyakarta","Jl. Diponegoro No. 154, Bandung",47.6,paket_kecil,same_day,2024-01-13,2024-01-13,2024-01-14,delivered,1606500,TRK2401130002
SHP02180,CUS0248,RTE023,"Jl. Pajajaran No. 47, Surabaya","Jl. Pahlawan No. 146, Denpasar",43.9,paket_kecil,same_day,2022-12-21,2022-12-21,2022-12-22,delivered,1382850,TRK2212210002
SHP02181,CUS0447,RTE030,"Jl. Pemuda No. 12, Surabaya","Jl. Mangga No. 129, Palembang",4.6,paket_besar,regular,2022-03-21,2022-03-26,2022-03-26,delivered,64400,TRK2203210005
SHP02182,CUS0169,RTE046,"Jl. Melati No. 293, Medan","Jl. Hayam Wuruk No. 299, Padang",28.5,paket_besar,regular,2024-09-06,2024-09-09,2024-09-10,delivered,313500,TRK2409060004
SHP02183,CUS0259,RTE012,"Jl. Diponegoro No. 122, Jakarta","Jl. Diponegoro No. 167, Palembang",15.2,dokumen,express,2022-06-28,2022-06-29,2022-07-04,delivered,296400,TRK2206280002
SHP02184,CUS0117,RTE027,"Jl. Pemuda No. 120, Surabaya","Jl. Ahmad Yani No. 258, Medan",35.5,paket_sedang,regular,2023-03-15,2023-03-21,2023-03-22,delivered,745500,TRK2303150003
SHP02185,CUS0443,RTE023,"Jl. Mawar No. 219, Surabaya","Jl. Kenanga No. 213, Denpasar",4.5,paket_sedang,regular,2022-09-21,2022-09-24,2022-09-24,delivered,42750,TRK2209210005
SHP02186,CUS0120,RTE020,"Jl. Sudirman No. 85, Surabaya","Jl. Cempaka No. 45, Malang",44.2,paket_besar,express,2022-06-21,2022-06-22,2022-06-27,delivered,707200,TRK2206210004
SHP02187,CUS0041,RTE012,"Jl. Pemuda No. 157, Jakarta","Jl. Kenanga No. 18, Palembang",8.2,paket_sedang,express,2022-04-14,2022-04-15,2022-04-16,delivered,159900,TRK2204140003
SHP02188,CUS0541,RTE009,"Jl. Mangga No. 195, Jakarta","Jl. Raya Bogor No. 212, Malang",15.2,paket_kecil,regular,2022-08-28,2022-09-01,2022-09-03,delivered,182400,TRK2208280003
SHP02189,CUS0111,RTE074,"Jl. Mangga No. 19, Palembang","Jl. Anggrek No. 79, Lampung",3.6,paket_kecil,regular,2024-03-14,2024-03-17,,in_transit,34200,TRK2403140003
SHP02190,CUS0576,RTE027,"Jl. Asia Afrika No. 227, Surabaya","Jl. Diponegoro No. 120, Medan",38.0,paket_besar,express,2024-03-27,2024-03-30,,delivered,1634000,TRK2403270004
SHP02191,CUS0501,RTE007,"Jl. Pemuda No. 36, Jakarta","Jl. Melati No. 44, Yogyakarta",0.7,paket_sedang,express,2025-01-27,2025-01-29,2025-02-01,delivered,16100,TRK2501270005
SHP02192,CUS0095,RTE080,"Jl. Asia Afrika No. 260, Manado","Jl. Setiabudi No. 246, Gorontalo",14.6,paket_kecil,regular,2022-08-18,2022-08-21,2022-08-21,delivered,138700,TRK2208180001
SHP02193,CUS0211,RTE021,"Jl. Sudirman No. 128, Surabaya","Jl. Ahmad Yani No. 135, Yogyakarta",29.7,paket_sedang,express,2022-06-06,2022-06-07,2022-06-07,delivered,594000,TRK2206060004
SHP02194,CUS0532,RTE061,"Jl. Setiabudi No. 201, Denpasar","Jl. Gajah Mada No. 30, Yogyakarta",41.3,paket_sedang,regular,2022-11-11,2022-11-14,,returned,454300,TRK2211110002
SHP02195,CUS0367,RTE059,"Jl. Diponegoro No. 116, Denpasar","Jl. Gatot Subroto No. 194, Lombok",37.8,paket_kecil,regular,2022-02-23,2022-02-25,2022-02-27,delivered,302400,TRK2202230004
SHP02196,CUS0510,RTE065,"Jl. Pajajaran No. 40, Yogyakarta","Jl. Gatot Subroto No. 29, Surabaya",15.8,paket_besar,same_day,2024-06-19,2024-06-19,2024-06-24,delivered,402900,TRK2406190001
SHP02197,CUS0032,RTE025,"Jl. Setiabudi No. 294, Surabaya","Jl. Cempaka No. 195, Makassar",43.0,paket_kecil,regular,2024-03-28,2024-04-01,2024-04-04,delivered,516000,TRK2403280001
SHP02198,CUS0024,RTE002,"Jl. Gajah Mada No. 144, Jakarta","Jl. Imam Bonjol No. 204, Bogor",19.9,paket_sedang,same_day,2022-10-08,2022-10-08,2022-10-13,delivered,477600,TRK2210080003
SHP02199,CUS0254,RTE028,"Jl. Margonda No. 237, Surabaya","Jl. Thamrin No. 15, Balikpapan",24.7,paket_besar,regular,2024-12-06,2024-12-10,2024-12-12,delivered,308750,TRK2412060002
SHP02200,CUS0028,RTE075,"Jl. Melati No. 34, Palembang","Jl. Ahmad Yani No. 25, Padang",28.0,paket_kecil,regular,2023-03-19,2023-03-23,2023-03-23,delivered,378000,TRK2303190004
SHP02201,CUS0032,RTE052,"Jl. Hayam Wuruk No. 274, Makassar","Jl. Setiabudi No. 252, Manado",14.7,paket_besar,express,2024-12-13,2024-12-16,,delivered,418950,TRK2412130002
SHP02202,CUS0566,RTE025,"Jl. Cempaka No. 88, Surabaya","Jl. Veteran No. 240, Makassar",16.8,paket_besar,express,2024-10-06,2024-10-08,,returned,411600,TRK2410060005
SHP02203,CUS0191,RTE019,"Jl. Anggrek No. 167, Jakarta","Jl. Kenanga No. 73, Banjarmasin",34.3,paket_sedang,regular,2023-07-16,2023-07-20,,returned,463050,TRK2307160005
SHP02204,CUS0365,RTE041,"Jl. Asia Afrika No. 109, Semarang","Jl. Cempaka No. 59, Solo",44.7,fragile,regular,2023-03-16,2023-03-18,,returned,335250,TRK2303160001
SHP02205,CUS0319,RTE067,"Jl. Pahlawan No. 121, Balikpapan","Jl. Cendrawasih No. 254, Samarinda",27.2,fragile,express,2024-09-28,2024-09-29,2024-09-29,delivered,462400,TRK2409280005
SHP02206,CUS0577,RTE025,"Jl. Diponegoro No. 124, Surabaya","Jl. Kenanga No. 9, Makassar",1.7,paket_sedang,regular,2023-06-07,2023-06-11,,returned,20400,TRK2306070004
SHP02207,CUS0450,RTE047,"Jl. Anggrek No. 160, Medan","Jl. Cendrawasih No. 216, Pekanbaru",44.9,paket_kecil,regular,2024-09-09,2024-09-12,2024-09-15,delivered,426550,TRK2409090003
SHP02208,CUS0273,RTE013,"Jl. Imam Bonjol No. 119, Jakarta","Jl. Melati No. 46, Padang",6.6,paket_sedang,regular,2024-07-25,2024-07-30,2024-07-30,delivered,102300,TRK2407250002
SHP02209,CUS0173,RTE074,"Jl. Mawar No. 247, Palembang","Jl. Imam Bonjol No. 20, Lampung",6.2,paket_kecil,regular,2022-01-10,2022-01-13,2022-01-14,delivered,58900,TRK2201100004
SHP02210,CUS0114,RTE035,"Jl. Ahmad Yani No. 41, Bandung","Jl. Gajah Mada No. 225, Surabaya",9.0,paket_kecil,regular,2023-03-15,2023-03-19,2023-03-21,delivered,103500,TRK2303150004
SHP02211,CUS0071,RTE010,"Jl. Cendrawasih No. 276, Jakarta","Jl. Imam Bonjol No. 61, Denpasar",5.2,paket_kecil,regular,2023-02-11,2023-02-15,,in_transit,72800,TRK2302110003
SHP02212,CUS0385,RTE010,"Jl. Gatot Subroto No. 265, Jakarta","Jl. Cempaka No. 86, Denpasar",20.0,paket_besar,regular,2023-12-01,2023-12-05,2023-12-05,delivered,280000,TRK2312010003
SHP02213,CUS0277,RTE049,"Jl. Gajah Mada No. 133, Medan","Jl. Pahlawan No. 204, Banda Aceh",25.1,paket_kecil,express,2023-06-08,2023-06-09,2023-06-12,delivered,640050,TRK2306080004
SHP02214,CUS0238,RTE064,"Jl. Mawar No. 46, Yogyakarta","Jl. Ahmad Yani No. 14, Semarang",10.0,paket_besar,express,2023-07-13,2023-07-14,,in_transit,145000,TRK2307130002
SHP02215,CUS0323,RTE036,"Jl. Hayam Wuruk No. 291, Bandung","Jl. Gajah Mada No. 211, Solo",39.4,dokumen,regular,2022-01-15,2022-01-18,,lost,374300,TRK2201150002
SHP02216,CUS0089,RTE012,"Jl. Cempaka No. 212, Jakarta","Jl. Kebon Jeruk No. 71, Palembang",7.7,paket_besar,regular,2024-12-06,2024-12-09,2024-12-09,delivered,73150,TRK2412060003
SHP02217,CUS0483,RTE035,"Jl. Raya Bogor No. 65, Bandung","Jl. Margonda No. 51, Surabaya",32.6,paket_besar,same_day,2024-06-30,2024-06-30,2024-07-02,delivered,1295850,TRK2406300003
SHP02218,CUS0213,RTE050,"Jl. Anggrek No. 119, Medan","Jl. Kenanga No. 189, Jakarta",32.9,paket_besar,express,2023-10-28,2023-10-31,2023-11-02,delivered,1283100,TRK2310280002
SHP02219,CUS0462,RTE003,"Jl. Mangga No. 100, Jakarta","Jl. Ahmad Yani No. 16, Tangerang",39.1,paket_sedang,regular,2024-04-12,2024-04-13,2024-04-14,delivered,273700,TRK2404120004
SHP02220,CUS0370,RTE005,"Jl. Kenanga No. 59, Jakarta","Jl. Gatot Subroto No. 97, Semarang",20.7,paket_sedang,regular,2022-02-09,2022-02-12,,returned,196650,TRK2202090003
SHP02221,CUS0247,RTE036,"Jl. Anggrek No. 129, Bandung","Jl. Kenanga No. 140, Solo",9.5,paket_besar,express,2024-08-07,2024-08-09,2024-08-08,delivered,199500,TRK2408070003
SHP02222,CUS0431,RTE023,"Jl. Melati No. 293, Surabaya","Jl. Hayam Wuruk No. 296, Denpasar",16.8,paket_besar,regular,2023-01-07,2023-01-10,2023-01-11,delivered,159600,TRK2301070003
SHP02223,CUS0364,RTE033,"Jl. Pemuda No. 199, Bandung","Jl. Cendrawasih No. 295, Semarang",16.5,paket_kecil,regular,2024-09-01,2024-09-04,2024-09-06,delivered,156750,TRK2409010004
SHP02224,CUS0363,RTE056,"Jl. Diponegoro No. 244, Makassar","Jl. Hayam Wuruk No. 87, Kendari",25.1,fragile,regular,2024-04-29,2024-05-02,2024-05-07,delivered,238450,TRK2404290003
SHP02225,CUS0069,RTE058,"Jl. Merdeka No. 139, Denpasar","Jl. Pemuda No. 237, Surabaya",29.0,paket_besar,express,2023-10-16,2023-10-17,,returned,623500,TRK2310160003
SHP02226,CUS0600,RTE024,"Jl. Veteran No. 161, Surabaya","Jl. Raya Bogor No. 61, Bandung",40.8,paket_besar,express,2023-04-12,2023-04-14,,lost,958800,TRK2304120002
SHP02227,CUS0167,RTE055,"Jl. Ahmad Yani No. 264, Makassar","Jl. Cempaka No. 250, Surabaya",35.9,paket_sedang,express,2022-04-05,2022-04-08,,in_transit,969300,TRK2204050003
SHP02228,CUS0055,RTE012,"Jl. Mawar No. 7, Jakarta","Jl. Mawar No. 285, Palembang",48.3,paket_kecil,express,2023-08-05,2023-08-06,2023-08-07,delivered,941850,TRK2308050001
SHP02229,CUS0346,RTE058,"Jl. Imam Bonjol No. 39, Denpasar","Jl. Pajajaran No. 123, Surabaya",2.1,paket_kecil,same_day,2023-09-10,2023-09-10,2023-09-11,delivered,67725,TRK2309100002
SHP02230,CUS0093,RTE037,"Jl. Pahlawan No. 126, Bandung","Jl. Hayam Wuruk No. 180, Malang",38.7,paket_besar,express,2023-02-18,2023-02-20,2023-02-21,delivered,851400,TRK2302180002
SHP02231,CUS0495,RTE022,"Jl. Raya Bogor No. 274, Surabaya","Jl. Melati No. 184, Semarang",43.0,paket_sedang,express,2022-09-13,2022-09-14,2022-09-15,delivered,774000,TRK2209130003
SHP02232,CUS0050,RTE018,"Jl. Cendrawasih No. 167, Jakarta","Jl. Imam Bonjol No. 141, Pontianak",31.9,fragile,express,2022-07-16,2022-07-19,2022-07-21,delivered,749650,TRK2207160007
SHP02233,CUS0350,RTE067,"Jl. Kenanga No. 67, Balikpapan","Jl. Pajajaran No. 34, Samarinda",41.8,paket_besar,regular,2022-03-18,2022-03-20,,returned,313500,TRK2203180003
SHP02234,CUS0535,RTE077,"Jl. Ahmad Yani No. 38, Pontianak","Jl. Pajajaran No. 2, Singkawang",24.4,paket_sedang,regular,2024-05-03,2024-05-05,2024-05-05,delivered,195200,TRK2405030002
SHP02235,CUS0308,RTE052,"Jl. Ahmad Yani No. 131, Makassar","Jl. Imam Bonjol No. 42, Manado",48.4,fragile,express,2023-05-09,2023-05-12,2023-05-12,delivered,1379400,TRK2305090002
SHP02236,CUS0591,RTE059,"Jl. Gajah Mada No. 156, Denpasar","Jl. Pahlawan No. 155, Lombok",43.7,paket_sedang,same_day,2024-11-23,2024-11-23,2024-11-26,delivered,1081575,TRK2411230003
SHP02237,CUS0345,RTE024,"Jl. Veteran No. 255, Surabaya","Jl. Pajajaran No. 248, Bandung",48.5,paket_sedang,same_day,2024-10-11,2024-10-11,2024-10-12,delivered,1709625,TRK2410110002
SHP02238,CUS0058,RTE061,"Jl. Kenanga No. 287, Denpasar","Jl. Asia Afrika No. 76, Yogyakarta",17.1,paket_kecil,regular,2022-11-18,2022-11-21,2022-11-21,delivered,188100,TRK2211180003
SHP02239,CUS0569,RTE004,"Jl. Kenanga No. 84, Jakarta","Jl. Setiabudi No. 85, Bekasi",20.4,paket_sedang,express,2022-05-04,2022-05-05,,lost,316200,TRK2205040003
SHP02240,CUS0419,RTE052,"Jl. Cendrawasih No. 10, Makassar","Jl. Diponegoro No. 278, Manado",21.6,fragile,regular,2025-01-29,2025-02-03,,returned,324000,TRK2501290001
SHP02241,CUS0221,RTE074,"Jl. Kebon Jeruk No. 185, Palembang","Jl. Mawar No. 33, Lampung",20.6,paket_sedang,express,2024-12-20,2024-12-21,,in_transit,473800,TRK2412200003
SHP02242,CUS0137,RTE014,"Jl. Setiabudi No. 1, Jakarta","Jl. Sudirman No. 97, Pekanbaru",34.2,paket_besar,regular,2022-02-13,2022-02-18,2022-02-18,delivered,478800,TRK2202130005
SHP02243,CUS0252,RTE063,"Jl. Anggrek No. 32, Yogyakarta","Jl. Anggrek No. 263, Malang",37.6,paket_sedang,same_day,2024-06-09,2024-06-09,2024-06-11,delivered,1128000,TRK2406090003
SHP02244,CUS0594,RTE029,"Jl. Pahlawan No. 19, Surabaya","Jl. Melati No. 18, Manado",28.6,paket_besar,express,2023-04-26,2023-04-29,2023-04-29,delivered,1001000,TRK2304260004
SHP02245,CUS0278,RTE077,"Jl. Diponegoro No. 223, Pontianak","Jl. Melati No. 156, Singkawang",27.1,paket_besar,express,2022-12-27,2022-12-28,,in_transit,474250,TRK2212270004
SHP02246,CUS0420,RTE045,"Jl. Thamrin No. 244, Semarang","Jl. Pemuda No. 138, Medan",40.6,paket_kecil,regular,2022-09-30,2022-10-06,2022-10-06,delivered,812000,TRK2209300002
SHP02247,CUS0405,RTE047,"Jl. Raya Bogor No. 142, Medan","Jl. Gatot Subroto No. 262, Pekanbaru",8.1,paket_kecil,express,2023-07-10,2023-07-12,2023-07-13,delivered,174150,TRK2307100004
SHP02248,CUS0592,RTE045,"Jl. Sudirman No. 21, Semarang","Jl. Merdeka No. 158, Medan",16.8,paket_kecil,regular,2022-05-05,2022-05-11,,delivered,336000,TRK2205050003
SHP02249,CUS0191,RTE056,"Jl. Pahlawan No. 204, Makassar","Jl. Cempaka No. 116, Kendari",3.0,paket_kecil,same_day,2024-03-07,2024-03-07,,in_transit,85500,TRK2403070003
SHP02250,CUS0262,RTE045,"Jl. Pahlawan No. 191, Semarang","Jl. Mawar No. 115, Medan",12.2,paket_sedang,same_day,2022-03-09,2022-03-09,2022-03-14,delivered,823500,TRK2203090006
SHP02251,CUS0473,RTE034,"Jl. Setiabudi No. 21, Bandung","Jl. Pajajaran No. 196, Yogyakarta",11.4,dokumen,express,2023-12-04,2023-12-05,,in_transit,256500,TRK2312040005
SHP02252,CUS0151,RTE020,"Jl. Ahmad Yani No. 239, Surabaya","Jl. Imam Bonjol No. 246, Malang",18.5,paket_kecil,same_day,2023-02-14,2023-02-14,2023-02-15,delivered,444000,TRK2302140004
SHP02253,CUS0589,RTE076,"Jl. Sudirman No. 32, Palembang","Jl. Pajajaran No. 184, Jakarta",42.0,paket_besar,regular,2024-04-15,2024-04-18,2024-04-19,delivered,399000,TRK2404150004
SHP02254,CUS0214,RTE025,"Jl. Diponegoro No. 253, Surabaya","Jl. Cendrawasih No. 119, Makassar",10.9,paket_kecil,regular,2024-12-27,2024-12-31,2025-01-03,delivered,130800,TRK2412270006
SHP02255,CUS0410,RTE021,"Jl. Setiabudi No. 267, Surabaya","Jl. Veteran No. 239, Yogyakarta",7.1,paket_besar,regular,2024-10-15,2024-10-18,,in_transit,63900,TRK2410150003
SHP02256,CUS0181,RTE024,"Jl. Hayam Wuruk No. 297, Surabaya","Jl. Merdeka No. 53, Bandung",1.9,paket_besar,same_day,2024-08-23,2024-08-23,2024-08-25,delivered,66975,TRK2408230001
SHP02257,CUS0055,RTE001,"Jl. Kenanga No. 300, Jakarta","Jl. Pemuda No. 73, Bandung",32.8,paket_kecil,regular,2023-02-23,2023-02-25,,delivered,262400,TRK2302230002
SHP02258,CUS0457,RTE002,"Jl. Ahmad Yani No. 102, Jakarta","Jl. Merdeka No. 120, Bogor",44.4,paket_kecil,regular,2025-01-05,2025-01-06,2025-01-09,delivered,333000,TRK2501050003
SHP02259,CUS0527,RTE027,"Jl. Kenanga No. 144, Surabaya","Jl. Gajah Mada No. 205, Medan",31.8,fragile,regular,2024-01-08,2024-01-14,2024-01-15,delivered,667800,TRK2401080004
SHP02260,CUS0561,RTE002,"Jl. Ahmad Yani No. 238, Jakarta","Jl. Veteran No. 226, Bogor",5.1,paket_sedang,same_day,2024-02-01,2024-02-01,2024-02-03,delivered,122400,TRK2402010002
SHP02261,CUS0117,RTE062,"Jl. Cendrawasih No. 293, Yogyakarta","Jl. Raya Bogor No. 198, Solo",27.1,paket_besar,express,2024-03-01,2024-03-02,,in_transit,433600,TRK2403010005
SHP02262,CUS0303,RTE048,"Jl. Margonda No. 183, Medan","Jl. Pemuda No. 155, Palembang",36.4,paket_sedang,regular,2024-01-23,2024-01-28,2024-01-29,delivered,546000,TRK2401230003
SHP02263,CUS0553,RTE029,"Jl. Mawar No. 81, Surabaya","Jl. Cendrawasih No. 149, Manado",1.6,paket_kecil,regular,2024-07-11,2024-07-16,2024-07-16,delivered,27200,TRK2407110003
SHP02264,CUS0439,RTE067,"Jl. Anggrek No. 186, Balikpapan","Jl. Cempaka No. 105, Samarinda",13.2,fragile,express,2023-03-14,2023-03-15,2023-03-16,delivered,224400,TRK2303140001
SHP02265,CUS0586,RTE005,"Jl. Veteran No. 234, Jakarta","Jl. Cempaka No. 240, Semarang",45.7,paket_sedang,express,2023-03-22,2023-03-23,2023-03-24,delivered,1005400,TRK2303220004
SHP02266,CUS0083,RTE048,"Jl. Sudirman No. 122, Medan","Jl. Pahlawan No. 49, Palembang",29.7,paket_kecil,express,2024-05-11,2024-05-14,,in_transit,891000,TRK2405110002
SHP02267,CUS0354,RTE047,"Jl. Setiabudi No. 42, Medan","Jl. Raya Bogor No. 16, Pekanbaru",6.5,dokumen,regular,2024-06-08,2024-06-11,2024-06-14,delivered,61750,TRK2406080005
SHP02268,CUS0537,RTE052,"Jl. Kebon Jeruk No. 19, Makassar","Jl. Imam Bonjol No. 235, Manado",11.2,paket_kecil,regular,2024-08-22,2024-08-27,2024-08-27,delivered,168000,TRK2408220003
SHP02269,CUS0305,RTE073,"Jl. Mangga No. 273, Pekanbaru","Jl. Cendrawasih No. 127, Medan",7.2,paket_sedang,same_day,2022-07-02,2022-07-02,2022-07-05,delivered,248400,TRK2207020001
SHP02270,CUS0001,RTE030,"Jl. Anggrek No. 172, Surabaya","Jl. Pahlawan No. 159, Palembang",7.4,paket_sedang,regular,2022-11-09,2022-11-14,2022-11-14,delivered,103600,TRK2211090006
SHP02271,CUS0361,RTE073,"Jl. Setiabudi No. 206, Pekanbaru","Jl. Veteran No. 227, Medan",14.8,paket_sedang,regular,2023-04-12,2023-04-15,2023-04-16,delivered,140600,TRK2304120003
SHP02272,CUS0264,RTE079,"Jl. Hayam Wuruk No. 148, Pontianak","Jl. Sudirman No. 103, Jakarta",27.9,paket_kecil,same_day,2023-08-09,2023-08-09,,in_transit,941625,TRK2308090003
SHP02273,CUS0425,RTE047,"Jl. Cendrawasih No. 189, Medan","Jl. Merdeka No. 39, Pekanbaru",23.5,paket_sedang,regular,2022-03-06,2022-03-09,2022-03-09,delivered,223250,TRK2203060003
SHP02274,CUS0094,RTE003,"Jl. Raya Bogor No. 75, Jakarta","Jl. Pajajaran No. 240, Tangerang",47.0,paket_kecil,regular,2023-03-30,2023-03-31,2023-04-01,delivered,329000,TRK2303300001
SHP02275,CUS0172,RTE045,"Jl. Pajajaran No. 200, Semarang","Jl. Raya Bogor No. 237, Medan",10.3,paket_besar,regular,2022-12-15,2022-12-21,2022-12-24,delivered,206000,TRK2212150002
SHP02276,CUS0210,RTE037,"Jl. Anggrek No. 232, Bandung","Jl. Ahmad Yani No. 289, Malang",10.8,fragile,regular,2024-03-12,2024-03-16,,lost,129600,TRK2403120003
SHP02277,CUS0006,RTE013,"Jl. Mangga No. 64, Jakarta","Jl. Thamrin No. 6, Padang",15.2,paket_sedang,regular,2022-02-16,2022-02-21,2022-02-23,delivered,235600,TRK2202160005
SHP02278,CUS0213,RTE020,"Jl. Cendrawasih No. 159, Surabaya","Jl. Pemuda No. 230, Malang",38.7,paket_sedang,express,2023-02-09,2023-02-10,2023-02-11,delivered,619200,TRK2302090002
SHP02279,CUS0527,RTE046,"Jl. Cempaka No. 186, Medan","Jl. Kebon Jeruk No. 144, Padang",4.7,fragile,regular,2022-02-17,2022-02-20,2022-02-21,delivered,51700,TRK2202170003
SHP02280,CUS0508,RTE013,"Jl. Cendrawasih No. 150, Jakarta","Jl. Setiabudi No. 188, Padang",32.0,paket_sedang,regular,2023-08-08,2023-08-13,2023-08-13,delivered,496000,TRK2308080002
SHP02281,CUS0503,RTE032,"Jl. Margonda No. 140, Bandung","Jl. Cendrawasih No. 223, Bogor",48.1,paket_besar,regular,2024-10-08,2024-10-10,,in_transit,384800,TRK2410080002
SHP02282,CUS0219,RTE030,"Jl. Kenanga No. 226, Surabaya","Jl. Setiabudi No. 282, Palembang",44.1,paket_besar,same_day,2023-10-29,2023-10-29,2023-10-29,delivered,1786050,TRK2310290001
SHP02283,CUS0587,RTE004,"Jl. Raya Bogor No. 170, Jakarta","Jl. Imam Bonjol No. 224, Bekasi",17.3,fragile,express,2023-01-27,2023-01-28,2023-01-28,delivered,268150,TRK2301270003
SHP02284,CUS0311,RTE058,"Jl. Mawar No. 47, Denpasar","Jl. Mangga No. 271, Surabaya",46.1,paket_sedang,regular,2024-06-30,2024-07-03,2024-07-03,delivered,437950,TRK2406300004
SHP02285,CUS0271,RTE046,"Jl. Thamrin No. 207, Medan","Jl. Anggrek No. 164, Padang",31.0,paket_sedang,regular,2022-11-20,2022-11-23,2022-11-25,delivered,341000,TRK2211200002
SHP02286,CUS0060,RTE020,"Jl. Veteran No. 24, Surabaya","Jl. Anggrek No. 293, Malang",32.3,paket_besar,regular,2023-07-29,2023-07-30,2023-07-30,delivered,242250,TRK2307290002
SHP02287,CUS0170,RTE034,"Jl. Veteran No. 153, Bandung","Jl. Setiabudi No. 119, Yogyakarta",18.0,paket_sedang,express,2023-11-07,2023-11-08,2023-11-08,delivered,405000,TRK2311070005
SHP02288,CUS0115,RTE024,"Jl. Asia Afrika No. 183, Surabaya","Jl. Imam Bonjol No. 17, Bandung",41.1,paket_sedang,regular,2022-01-11,2022-01-15,2022-01-16,delivered,472650,TRK2201110001
SHP02289,CUS0047,RTE027,"Jl. Hayam Wuruk No. 159, Surabaya","Jl. Cendrawasih No. 149, Medan",19.1,dokumen,regular,2022-05-01,2022-05-07,2022-05-07,delivered,401100,TRK2205010007
SHP02290,CUS0413,RTE034,"Jl. Mawar No. 142, Bandung","Jl. Mawar No. 221, Yogyakarta",36.8,paket_sedang,express,2022-06-17,2022-06-18,2022-06-18,delivered,828000,TRK2206170002
SHP02291,CUS0191,RTE023,"Jl. Asia Afrika No. 174, Surabaya","Jl. Thamrin No. 122, Denpasar",36.4,paket_besar,regular,2023-10-04,2023-10-07,2023-10-12,delivered,345800,TRK2310040008
SHP02292,CUS0565,RTE053,"Jl. Margonda No. 258, Makassar","Jl. Margonda No. 36, Denpasar",32.0,fragile,regular,2022-03-28,2022-04-01,2022-04-03,delivered,368000,TRK2203280002
SHP02293,CUS0310,RTE016,"Jl. Hayam Wuruk No. 267, Jakarta","Jl. Cempaka No. 114, Manado",10.8,paket_kecil,express,2024-05-01,2024-05-04,2024-05-06,delivered,567000,TRK2405010005
SHP02294,CUS0411,RTE001,"Jl. Asia Afrika No. 115, Jakarta","Jl. Anggrek No. 161, Bandung",15.9,dokumen,regular,2022-12-09,2022-12-11,2022-12-12,delivered,127200,TRK2212090002
SHP02295,CUS0494,RTE025,"Jl. Anggrek No. 6, Surabaya","Jl. Asia Afrika No. 16, Makassar",3.5,paket_besar,regular,2024-08-11,2024-08-15,2024-08-15,delivered,42000,TRK2408110001
SHP02296,CUS0555,RTE012,"Jl. Gajah Mada No. 287, Jakarta","Jl. Thamrin No. 198, Palembang",37.4,paket_sedang,regular,2023-08-28,2023-08-31,2023-09-01,delivered,355300,TRK2308280004
SHP02297,CUS0593,RTE015,"Jl. Merdeka No. 206, Jakarta","Jl. Kebon Jeruk No. 192, Makassar",1.9,paket_kecil,regular,2022-07-14,2022-07-19,2022-07-20,delivered,31350,TRK2207140002
SHP02298,CUS0228,RTE074,"Jl. Cendrawasih No. 273, Palembang","Jl. Mawar No. 42, Lampung",25.1,paket_besar,express,2022-06-07,2022-06-08,2022-06-09,delivered,577300,TRK2206070003
SHP02299,CUS0550,RTE002,"Jl. Kebon Jeruk No. 160, Jakarta","Jl. Cempaka No. 76, Bogor",29.9,paket_kecil,regular,2024-01-19,2024-01-20,2024-01-19,delivered,224250,TRK2401190002
SHP02300,CUS0104,RTE077,"Jl. Cendrawasih No. 43, Pontianak","Jl. Diponegoro No. 113, Singkawang",10.5,paket_kecil,same_day,2023-02-03,2023-02-03,2023-02-03,delivered,275625,TRK2302030003
SHP02301,CUS0362,RTE021,"Jl. Diponegoro No. 22, Surabaya","Jl. Mangga No. 136, Yogyakarta",2.2,dokumen,regular,2024-09-05,2024-09-08,2024-09-11,delivered,19800,TRK2409050003
SHP02302,CUS0075,RTE061,"Jl. Melati No. 186, Denpasar","Jl. Anggrek No. 285, Yogyakarta",17.5,paket_kecil,regular,2023-06-07,2023-06-10,,in_transit,192500,TRK2306070005
SHP02303,CUS0554,RTE001,"Jl. Imam Bonjol No. 205, Jakarta","Jl. Asia Afrika No. 35, Bandung",34.6,paket_besar,regular,2024-04-28,2024-04-30,,in_transit,276800,TRK2404280002
SHP02304,CUS0135,RTE005,"Jl. Kebon Jeruk No. 118, Jakarta","Jl. Thamrin No. 199, Semarang",29.6,paket_besar,regular,2024-05-29,2024-06-01,2024-06-01,delivered,281200,TRK2405290003
SHP02305,CUS0096,RTE022,"Jl. Asia Afrika No. 61, Surabaya","Jl. Kenanga No. 221, Semarang",2.5,paket_sedang,express,2022-06-17,2022-06-18,,lost,45000,TRK2206170003
SHP02306,CUS0125,RTE017,"Jl. Raya Bogor No. 118, Jakarta","Jl. Raya Bogor No. 114, Balikpapan",9.9,paket_kecil,regular,2024-11-06,2024-11-11,,in_transit,148500,TRK2411060002
SHP02307,CUS0508,RTE075,"Jl. Pajajaran No. 70, Palembang","Jl. Thamrin No. 220, Padang",39.4,paket_kecil,regular,2023-11-30,2023-12-04,2023-12-05,delivered,531900,TRK2311300002
SHP02308,CUS0569,RTE065,"Jl. Margonda No. 54, Yogyakarta","Jl. Sudirman No. 299, Surabaya",35.2,paket_sedang,express,2024-04-08,2024-04-09,,in_transit,598400,TRK2404080002
SHP02309,CUS0561,RTE007,"Jl. Pemuda No. 184, Jakarta","Jl. Sudirman No. 177, Yogyakarta",8.2,dokumen,same_day,2022-04-11,2022-04-11,2022-04-13,delivered,282900,TRK2204110004
SHP02310,CUS0433,RTE001,"Jl. Anggrek No. 63, Jakarta","Jl. Imam Bonjol No. 141, Bandung",38.8,fragile,express,2022-01-28,2022-01-29,2022-01-29,delivered,659600,TRK2201280008
SHP02311,CUS0417,RTE006,"Jl. Kenanga No. 39, Jakarta","Jl. Margonda No. 256, Surabaya",45.4,paket_kecil,same_day,2023-04-29,2023-04-29,2023-04-29,delivered,1566300,TRK2304290002
SHP02312,CUS0578,RTE042,"Jl. Ahmad Yani No. 144, Semarang","Jl. Mangga No. 181, Malang",1.6,paket_sedang,express,2023-11-12,2023-11-13,2023-11-15,delivered,29600,TRK2311120004
SHP02313,CUS0514,RTE005,"Jl. Cendrawasih No. 68, Jakarta","Jl. Margonda No. 234, Semarang",13.2,paket_kecil,express,2023-03-28,2023-03-29,2023-03-30,delivered,290400,TRK2303280002
SHP02314,CUS0560,RTE045,"Jl. Mangga No. 21, Semarang","Jl. Melati No. 133, Medan",7.2,fragile,regular,2023-09-17,2023-09-23,,in_transit,144000,TRK2309170004
SHP02315,CUS0147,RTE080,"Jl. Raya Bogor No. 9, Manado","Jl. Pemuda No. 184, Gorontalo",22.8,paket_besar,express,2024-06-26,2024-06-28,2024-07-01,delivered,501600,TRK2406260001
SHP02316,CUS0184,RTE041,"Jl. Merdeka No. 274, Semarang","Jl. Pemuda No. 233, Solo",20.4,paket_kecil,regular,2023-12-09,2023-12-11,2023-12-11,delivered,153000,TRK2312090001
SHP02317,CUS0099,RTE051,"Jl. Pemuda No. 254, Medan","Jl. Diponegoro No. 269, Batam",49.0,paket_sedang,express,2023-08-25,2023-08-27,2023-08-28,delivered,1249500,TRK2308250004
SHP02318,CUS0385,RTE067,"Jl. Hayam Wuruk No. 299, Balikpapan","Jl. Sudirman No. 69, Samarinda",48.3,fragile,regular,2022-09-23,2022-09-25,2022-09-26,delivered,362250,TRK2209230002
SHP02319,CUS0457,RTE050,"Jl. Gatot Subroto No. 62, Medan","Jl. Setiabudi No. 200, Jakarta",19.4,paket_besar,express,2024-03-28,2024-03-31,,returned,756600,TRK2403280002
SHP02320,CUS0446,RTE002,"Jl. Setiabudi No. 98, Jakarta","Jl. Pemuda No. 268, Bogor",6.5,paket_besar,regular,2025-01-28,2025-01-29,,in_transit,48750,TRK2501280001
SHP02321,CUS0423,RTE062,"Jl. Kebon Jeruk No. 24, Yogyakarta","Jl. Asia Afrika No. 203, Solo",18.5,paket_kecil,express,2024-10-02,2024-10-03,2024-10-05,delivered,296000,TRK2410020002
SHP02322,CUS0303,RTE006,"Jl. Pahlawan No. 33, Jakarta","Jl. Gajah Mada No. 255, Surabaya",47.6,paket_kecil,same_day,2022-10-30,2022-10-30,2022-10-30,delivered,1642200,TRK2210300002
SHP02323,CUS0281,RTE023,"Jl. Merdeka No. 175, Surabaya","Jl. Diponegoro No. 175, Denpasar",41.4,paket_kecil,regular,2022-01-02,2022-01-05,2022-01-06,delivered,393300,TRK2201020006
SHP02324,CUS0536,RTE080,"Jl. Pemuda No. 200, Manado","Jl. Gatot Subroto No. 232, Gorontalo",9.1,paket_kecil,regular,2023-11-27,2023-11-30,2023-12-02,delivered,86450,TRK2311270001
SHP02325,CUS0009,RTE047,"Jl. Pajajaran No. 117, Medan","Jl. Hayam Wuruk No. 102, Pekanbaru",38.4,paket_kecil,regular,2024-11-20,2024-11-23,,in_transit,364800,TRK2411200002
SHP02326,CUS0279,RTE048,"Jl. Cendrawasih No. 9, Medan","Jl. Hayam Wuruk No. 118, Palembang",14.5,paket_kecil,regular,2022-09-17,2022-09-22,,returned,217500,TRK2209170006
SHP02327,CUS0127,RTE001,"Jl. Cempaka No. 44, Jakarta","Jl. Diponegoro No. 297, Bandung",13.6,paket_kecil,same_day,2023-04-09,2023-04-09,2023-04-11,delivered,346800,TRK2304090003
SHP02328,CUS0284,RTE010,"Jl. Ahmad Yani No. 16, Jakarta","Jl. Kenanga No. 249, Denpasar",25.6,paket_kecil,regular,2024-08-11,2024-08-15,2024-08-18,delivered,358400,TRK2408110002
SHP02329,CUS0494,RTE076,"Jl. Setiabudi No. 279, Palembang","Jl. Diponegoro No. 156, Jakarta",2.4,paket_kecil,regular,2024-05-24,2024-05-27,2024-05-30,delivered,22800,TRK2405240001
SHP02330,CUS0151,RTE030,"Jl. Gatot Subroto No. 112, Surabaya","Jl. Melati No. 290, Palembang",43.3,fragile,express,2022-06-15,2022-06-18,2022-06-19,delivered,1169100,TRK2206150002
SHP02331,CUS0016,RTE006,"Jl. Raya Bogor No. 291, Jakarta","Jl. Imam Bonjol No. 78, Surabaya",43.1,paket_kecil,regular,2023-12-06,2023-12-10,,in_transit,495650,TRK2312060006
SHP02332,CUS0475,RTE067,"Jl. Setiabudi No. 223, Balikpapan","Jl. Merdeka No. 171, Samarinda",18.1,paket_sedang,regular,2023-12-12,2023-12-14,2023-12-17,delivered,135750,TRK2312120004
SHP02333,CUS0428,RTE028,"Jl. Setiabudi No. 154, Surabaya","Jl. Anggrek No. 268, Balikpapan",47.5,paket_kecil,same_day,2024-10-08,2024-10-08,,in_transit,1710000,TRK2410080003
SHP02334,CUS0153,RTE041,"Jl. Pemuda No. 152, Semarang","Jl. Pajajaran No. 96, Solo",6.5,paket_kecil,regular,2022-08-28,2022-08-30,2022-08-30,delivered,48750,TRK2208280004
SHP02335,CUS0478,RTE068,"Jl. Raya Bogor No. 286, Balikpapan","Jl. Setiabudi No. 96, Banjarmasin",27.7,paket_kecil,regular,2023-05-31,2023-06-03,2023-06-03,delivered,263150,TRK2305310004
SHP02336,CUS0236,RTE071,"Jl. Pajajaran No. 270, Pekanbaru","Jl. Pahlawan No. 262, Padang",48.1,paket_kecil,regular,2024-06-22,2024-06-24,2024-06-24,delivered,408850,TRK2406220004
SHP02337,CUS0446,RTE049,"Jl. Imam Bonjol No. 23, Medan","Jl. Kenanga No. 66, Banda Aceh",27.1,fragile,regular,2023-10-20,2023-10-23,2023-10-25,delivered,284550,TRK2310200003
SHP02338,CUS0513,RTE058,"Jl. Gatot Subroto No. 67, Denpasar","Jl. Thamrin No. 242, Surabaya",15.7,dokumen,regular,2024-03-09,2024-03-12,2024-03-13,delivered,149150,TRK2403090003
SHP02339,CUS0195,RTE014,"Jl. Gajah Mada No. 70, Jakarta","Jl. Imam Bonjol No. 66, Pekanbaru",4.9,paket_sedang,express,2023-08-29,2023-09-01,2023-09-03,delivered,154350,TRK2308290006
SHP02340,CUS0085,RTE033,"Jl. Ahmad Yani No. 113, Bandung","Jl. Sudirman No. 63, Semarang",0.9,paket_kecil,regular,2023-08-10,2023-08-13,2023-08-13,delivered,8550,TRK2308100002
SHP02341,CUS0392,RTE040,"Jl. Gajah Mada No. 237, Semarang","Jl. Pemuda No. 139, Yogyakarta",46.6,paket_kecil,express,2024-09-07,2024-09-08,2024-09-08,delivered,745600,TRK2409070002
SHP02342,CUS0126,RTE047,"Jl. Veteran No. 117, Medan","Jl. Veteran No. 142, Pekanbaru",39.3,fragile,regular,2024-06-04,2024-06-07,2024-06-09,delivered,373350,TRK2406040005
SHP02343,CUS0479,RTE004,"Jl. Gatot Subroto No. 13, Jakarta","Jl. Setiabudi No. 24, Bekasi",37.3,paket_besar,regular,2023-04-09,2023-04-10,2023-04-10,delivered,261100,TRK2304090004
SHP02344,CUS0509,RTE047,"Jl. Pajajaran No. 278, Medan","Jl. Margonda No. 183, Pekanbaru",40.7,paket_besar,express,2022-05-21,2022-05-23,2022-05-25,delivered,875050,TRK2205210003
SHP02345,CUS0537,RTE065,"Jl. Gatot Subroto No. 244, Yogyakarta","Jl. Anggrek No. 207, Surabaya",2.8,paket_besar,regular,2022-08-25,2022-08-28,2022-08-28,delivered,25200,TRK2208250002
SHP02346,CUS0158,RTE064,"Jl. Cempaka No. 131, Yogyakarta","Jl. Merdeka No. 234, Semarang",21.9,fragile,express,2022-09-19,2022-09-20,2022-09-21,delivered,317550,TRK2209190002
SHP02347,CUS0296,RTE075,"Jl. Thamrin No. 108, Palembang","Jl. Merdeka No. 61, Padang",8.1,paket_kecil,express,2023-10-21,2023-10-24,,lost,226800,TRK2310210002
SHP02348,CUS0271,RTE072,"Jl. Thamrin No. 225, Pekanbaru","Jl. Sudirman No. 149, Palembang",22.6,paket_sedang,regular,2024-12-11,2024-12-15,,lost,259900,TRK2412110004
SHP02349,CUS0224,RTE051,"Jl. Kenanga No. 238, Medan","Jl. Pemuda No. 236, Batam",23.6,paket_besar,regular,2022-01-14,2022-01-18,2022-01-19,delivered,283200,TRK2201140002
SHP02350,CUS0227,RTE052,"Jl. Imam Bonjol No. 211, Makassar","Jl. Setiabudi No. 181, Manado",20.2,dokumen,regular,2024-02-13,2024-02-18,,in_transit,303000,TRK2402130004
SHP02351,CUS0143,RTE021,"Jl. Kenanga No. 80, Surabaya","Jl. Asia Afrika No. 93, Yogyakarta",39.4,paket_sedang,regular,2022-09-05,2022-09-08,2022-09-09,delivered,354600,TRK2209050002
SHP02352,CUS0218,RTE065,"Jl. Cendrawasih No. 276, Yogyakarta","Jl. Pahlawan No. 247, Surabaya",27.8,paket_kecil,regular,2022-10-01,2022-10-04,2022-10-04,delivered,250200,TRK2210010004
SHP02353,CUS0221,RTE077,"Jl. Merdeka No. 102, Pontianak","Jl. Sudirman No. 154, Singkawang",36.1,paket_kecil,express,2024-06-01,2024-06-02,,delivered,631750,TRK2406010001
SHP02354,CUS0584,RTE022,"Jl. Raya Bogor No. 19, Surabaya","Jl. Imam Bonjol No. 206, Semarang",33.0,paket_kecil,regular,2025-01-17,2025-01-20,,lost,297000,TRK2501170003
SHP02355,CUS0361,RTE030,"Jl. Asia Afrika No. 94, Surabaya","Jl. Merdeka No. 130, Palembang",32.7,paket_kecil,regular,2024-12-03,2024-12-08,,in_transit,457800,TRK2412030003
SHP02356,CUS0284,RTE075,"Jl. Kenanga No. 47, Palembang","Jl. Asia Afrika No. 267, Padang",32.9,fragile,regular,2023-12-21,2023-12-25,2023-12-25,delivered,444150,TRK2312210002
SHP02357,CUS0268,RTE024,"Jl. Asia Afrika No. 15, Surabaya","Jl. Imam Bonjol No. 121, Bandung",23.4,paket_sedang,express,2022-02-08,2022-02-10,2022-02-10,delivered,549900,TRK2202080001
SHP02358,CUS0231,RTE049,"Jl. Ahmad Yani No. 271, Medan","Jl. Asia Afrika No. 43, Banda Aceh",34.5,paket_besar,express,2023-12-18,2023-12-19,,returned,879750,TRK2312180003
SHP02359,CUS0371,RTE071,"Jl. Kebon Jeruk No. 191, Pekanbaru","Jl. Mangga No. 133, Padang",8.4,paket_sedang,express,2023-02-09,2023-02-10,2023-02-13,delivered,172200,TRK2302090003
SHP02360,CUS0214,RTE053,"Jl. Merdeka No. 202, Makassar","Jl. Hayam Wuruk No. 296, Denpasar",24.9,paket_sedang,regular,2024-05-25,2024-05-29,2024-05-30,delivered,286350,TRK2405250004
SHP02361,CUS0488,RTE063,"Jl. Gajah Mada No. 291, Yogyakarta","Jl. Merdeka No. 185, Malang",39.4,paket_sedang,regular,2023-09-25,2023-09-28,2023-09-28,delivered,374300,TRK2309250002
SHP02362,CUS0264,RTE077,"Jl. Gatot Subroto No. 300, Pontianak","Jl. Gajah Mada No. 113, Singkawang",38.7,fragile,regular,2025-01-26,2025-01-28,2025-01-29,delivered,309600,TRK2501260002
SHP02363,CUS0305,RTE023,"Jl. Cendrawasih No. 252, Surabaya","Jl. Diponegoro No. 99, Denpasar",10.1,paket_sedang,express,2024-09-30,2024-10-01,,in_transit,212100,TRK2409300002
SHP02364,CUS0416,RTE015,"Jl. Gajah Mada No. 15, Jakarta","Jl. Thamrin No. 49, Makassar",3.8,paket_kecil,regular,2023-11-16,2023-11-21,2023-11-21,delivered,62700,TRK2311160002
SHP02365,CUS0001,RTE040,"Jl. Pemuda No. 94, Semarang","Jl. Pajajaran No. 102, Yogyakarta",20.7,paket_kecil,express,2022-11-17,2022-11-18,,lost,331200,TRK2211170002
SHP02366,CUS0077,RTE034,"Jl. Mangga No. 7, Bandung","Jl. Gatot Subroto No. 2, Yogyakarta",43.2,paket_sedang,regular,2022-07-19,2022-07-22,2022-07-24,delivered,410400,TRK2207190003
SHP02367,CUS0394,RTE033,"Jl. Mawar No. 10, Bandung","Jl. Pemuda No. 293, Semarang",47.8,paket_kecil,express,2023-04-05,2023-04-07,2023-04-08,delivered,908200,TRK2304050004
SHP02368,CUS0028,RTE049,"Jl. Mawar No. 294, Medan","Jl. Imam Bonjol No. 237, Banda Aceh",33.3,paket_kecil,regular,2022-03-16,2022-03-19,2022-03-20,delivered,349650,TRK2203160004
SHP02369,CUS0404,RTE016,"Jl. Thamrin No. 93, Jakarta","Jl. Setiabudi No. 100, Manado",23.0,paket_sedang,regular,2022-12-22,2022-12-29,2022-12-29,delivered,494500,TRK2212220002
SHP02370,CUS0522,RTE050,"Jl. Mangga No. 290, Medan","Jl. Mawar No. 82, Jakarta",44.8,fragile,express,2024-08-18,2024-08-21,,in_transit,1747200,TRK2408180002
SHP02371,CUS0107,RTE047,"Jl. Gajah Mada No. 228, Medan","Jl. Cempaka No. 101, Pekanbaru",7.9,paket_besar,regular,2022-01-15,2022-01-18,,delivered,75050,TRK2201150003
SHP02372,CUS0122,RTE015,"Jl. Raya Bogor No. 172, Jakarta","Jl. Pemuda No. 50, Makassar",41.7,paket_sedang,express,2023-02-26,2023-03-01,2023-03-02,delivered,1355250,TRK2302260002
SHP02373,CUS0188,RTE053,"Jl. Sudirman No. 218, Makassar","Jl. Anggrek No. 175, Denpasar",20.4,paket_sedang,express,2024-05-10,2024-05-12,2024-05-14,delivered,561000,TRK2405100003
SHP02374,CUS0036,RTE068,"Jl. Hayam Wuruk No. 243, Balikpapan","Jl. Merdeka No. 178, Banjarmasin",25.1,fragile,express,2023-08-24,2023-08-26,2023-08-28,delivered,539650,TRK2308240003
SHP02375,CUS0200,RTE053,"Jl. Ahmad Yani No. 140, Makassar","Jl. Melati No. 27, Denpasar",8.5,paket_kecil,express,2024-03-21,2024-03-23,2024-03-25,delivered,233750,TRK2403210001
SHP02376,CUS0435,RTE045,"Jl. Cempaka No. 202, Semarang","Jl. Ahmad Yani No. 172, Medan",26.0,paket_sedang,regular,2024-02-28,2024-03-05,2024-03-06,delivered,520000,TRK2402280004
SHP02377,CUS0598,RTE034,"Jl. Mawar No. 41, Bandung","Jl. Gajah Mada No. 182, Yogyakarta",42.1,paket_besar,regular,2023-07-18,2023-07-21,,in_transit,399950,TRK2307180002
SHP02378,CUS0454,RTE033,"Jl. Hayam Wuruk No. 19, Bandung","Jl. Margonda No. 67, Semarang",12.7,paket_besar,regular,2024-06-25,2024-06-28,2024-06-29,delivered,120650,TRK2406250004
SHP02379,CUS0006,RTE072,"Jl. Pajajaran No. 140, Pekanbaru","Jl. Raya Bogor No. 269, Palembang",30.6,paket_kecil,regular,2023-06-14,2023-06-18,2023-06-18,delivered,351900,TRK2306140003
SHP02380,CUS0028,RTE031,"Jl. Mawar No. 179, Surabaya","Jl. Ahmad Yani No. 284, Pekanbaru",43.4,dokumen,express,2024-12-11,2024-12-14,2024-12-13,delivered,1757700,TRK2412110005
SHP02381,CUS0236,RTE069,"Jl. Merdeka No. 102, Balikpapan","Jl. Pajajaran No. 274, Pontianak",18.7,paket_sedang,regular,2023-01-18,2023-01-22,,in_transit,243100,TRK2301180004
SHP02382,CUS0124,RTE032,"Jl. Cendrawasih No. 195, Bandung","Jl. Pemuda No. 269, Bogor",2.2,fragile,same_day,2022-03-01,2022-03-01,2022-03-02,delivered,52800,TRK2203010003
SHP02383,CUS0470,RTE027,"Jl. Thamrin No. 141, Surabaya","Jl. Gatot Subroto No. 181, Medan",0.2,paket_besar,regular,2022-12-28,2023-01-03,2023-01-05,delivered,4200,TRK2212280004
SHP02384,CUS0264,RTE004,"Jl. Hayam Wuruk No. 53, Jakarta","Jl. Thamrin No. 73, Bekasi",20.4,paket_sedang,express,2024-07-14,2024-07-15,2024-07-16,delivered,316200,TRK2407140001
SHP02385,CUS0443,RTE027,"Jl. Merdeka No. 150, Surabaya","Jl. Imam Bonjol No. 240, Medan",14.1,paket_sedang,express,2024-03-18,2024-03-21,,in_transit,606300,TRK2403180002
SHP02386,CUS0443,RTE005,"Jl. Veteran No. 112, Jakarta","Jl. Diponegoro No. 249, Semarang",9.9,paket_besar,express,2024-08-29,2024-08-30,,returned,217800,TRK2408290007
SHP02387,CUS0271,RTE015,"Jl. Hayam Wuruk No. 76, Jakarta","Jl. Thamrin No. 295, Makassar",14.3,paket_besar,regular,2022-07-01,2022-07-06,2022-07-05,delivered,235950,TRK2207010003
SHP02388,CUS0501,RTE056,"Jl. Thamrin No. 248, Makassar","Jl. Kenanga No. 57, Kendari",34.1,paket_sedang,regular,2024-03-13,2024-03-16,2024-03-16,delivered,323950,TRK2403130001
SHP02389,CUS0531,RTE034,"Jl. Mangga No. 237, Bandung","Jl. Melati No. 290, Yogyakarta",31.7,paket_kecil,regular,2023-04-29,2023-05-02,2023-05-05,delivered,301150,TRK2304290003
SHP02390,CUS0023,RTE055,"Jl. Gatot Subroto No. 135, Makassar","Jl. Ahmad Yani No. 111, Surabaya",44.5,paket_sedang,express,2024-01-31,2024-02-03,,in_transit,1201500,TRK2401310003
SHP02391,CUS0277,RTE061,"Jl. Anggrek No. 108, Denpasar","Jl. Hayam Wuruk No. 12, Yogyakarta",47.3,fragile,express,2023-01-11,2023-01-13,2023-01-13,delivered,1016950,TRK2301110002
SHP02392,CUS0191,RTE060,"Jl. Sudirman No. 207, Denpasar","Jl. Anggrek No. 241, Makassar",16.8,paket_besar,regular,2024-09-11,2024-09-15,2024-09-15,delivered,193200,TRK2409110004
SHP02393,CUS0555,RTE016,"Jl. Pahlawan No. 94, Jakarta","Jl. Veteran No. 205, Manado",46.1,paket_besar,express,2022-08-13,2022-08-16,2022-08-16,delivered,2420250,TRK2208130001
SHP02394,CUS0504,RTE060,"Jl. Ahmad Yani No. 187, Denpasar","Jl. Cempaka No. 267, Makassar",48.3,fragile,regular,2023-03-01,2023-03-05,2023-03-08,delivered,555450,TRK2303010004
SHP02395,CUS0255,RTE064,"Jl. Cendrawasih No. 257, Yogyakarta","Jl. Mawar No. 5, Semarang",16.8,paket_sedang,same_day,2022-01-24,2022-01-24,2022-01-25,delivered,365400,TRK2201240005
SHP02396,CUS0068,RTE006,"Jl. Kebon Jeruk No. 208, Jakarta","Jl. Kebon Jeruk No. 187, Surabaya",6.0,dokumen,regular,2023-07-02,2023-07-06,2023-07-05,delivered,69000,TRK2307020004
SHP02397,CUS0037,RTE059,"Jl. Anggrek No. 105, Denpasar","Jl. Setiabudi No. 276, Lombok",34.1,paket_kecil,express,2023-07-05,2023-07-06,2023-07-07,delivered,562650,TRK2307050002
SHP02398,CUS0201,RTE002,"Jl. Veteran No. 131, Jakarta","Jl. Anggrek No. 180, Bogor",23.2,paket_sedang,regular,2023-08-07,2023-08-08,2023-08-09,delivered,174000,TRK2308070002
SHP02399,CUS0008,RTE038,"Jl. Ahmad Yani No. 67, Bandung","Jl. Melati No. 95, Cirebon",25.8,paket_sedang,regular,2022-08-30,2022-09-01,2022-09-04,delivered,206400,TRK2208300003
SHP02400,CUS0568,RTE065,"Jl. Veteran No. 200, Yogyakarta","Jl. Ahmad Yani No. 126, Surabaya",37.0,dokumen,express,2024-11-29,2024-11-30,2024-11-30,delivered,629000,TRK2411290001
SHP02401,CUS0515,RTE035,"Jl. Ahmad Yani No. 137, Bandung","Jl. Thamrin No. 283, Surabaya",28.1,paket_sedang,regular,2023-03-18,2023-03-22,2023-03-21,delivered,323150,TRK2303180003
SHP02402,CUS0191,RTE005,"Jl. Mawar No. 191, Jakarta","Jl. Cendrawasih No. 3, Semarang",42.3,paket_besar,regular,2024-05-16,2024-05-19,2024-05-20,delivered,401850,TRK2405160003
SHP02403,CUS0056,RTE016,"Jl. Pajajaran No. 186, Jakarta","Jl. Pahlawan No. 106, Manado",41.7,paket_sedang,regular,2024-04-03,2024-04-10,2024-04-10,delivered,896550,TRK2404030002
SHP02404,CUS0225,RTE003,"Jl. Cempaka No. 85, Jakarta","Jl. Veteran No. 184, Tangerang",42.5,paket_kecil,regular,2022-01-07,2022-01-08,2022-01-13,delivered,297500,TRK2201070002
SHP02405,CUS0031,RTE057,"Jl. Cempaka No. 61, Denpasar","Jl. Gajah Mada No. 141, Mataram",40.3,paket_besar,regular,2024-08-06,2024-08-08,2024-08-08,delivered,322400,TRK2408060003
SHP02406,CUS0168,RTE004,"Jl. Asia Afrika No. 75, Jakarta","Jl. Kebon Jeruk No. 183, Bekasi",10.8,paket_sedang,regular,2022-01-09,2022-01-10,2022-01-09,delivered,75600,TRK2201090004
SHP02407,CUS0132,RTE026,"Jl. Gatot Subroto No. 273, Surabaya","Jl. Diponegoro No. 20, Solo",37.9,paket_sedang,regular,2024-11-25,2024-11-27,2024-11-27,delivered,322150,TRK2411250003
SHP02408,CUS0057,RTE039,"Jl. Anggrek No. 64, Bandung","Jl. Margonda No. 17, Denpasar",28.4,fragile,regular,2023-12-11,2023-12-15,2023-12-15,delivered,383400,TRK2312110002
SHP02409,CUS0295,RTE058,"Jl. Merdeka No. 265, Denpasar","Jl. Gajah Mada No. 228, Surabaya",37.8,paket_sedang,regular,2023-02-23,2023-02-26,2023-02-27,delivered,359100,TRK2302230003
SHP02410,CUS0539,RTE020,"Jl. Ahmad Yani No. 169, Surabaya","Jl. Kebon Jeruk No. 168, Malang",11.9,paket_besar,regular,2022-06-23,2022-06-24,2022-06-25,delivered,89250,TRK2206230007
SHP02411,CUS0498,RTE019,"Jl. Raya Bogor No. 97, Jakarta","Jl. Setiabudi No. 264, Banjarmasin",43.5,paket_sedang,regular,2022-09-27,2022-10-01,2022-10-02,delivered,587250,TRK2209270005
SHP02412,CUS0101,RTE065,"Jl. Hayam Wuruk No. 95, Yogyakarta","Jl. Gajah Mada No. 187, Surabaya",32.4,paket_sedang,same_day,2024-12-17,2024-12-17,2024-12-19,delivered,826200,TRK2412170002
SHP02413,CUS0082,RTE044,"Jl. Hayam Wuruk No. 22, Semarang","Jl. Veteran No. 28, Denpasar",46.8,paket_kecil,regular,2023-11-04,2023-11-08,,in_transit,538200,TRK2311040001
SHP02414,CUS0311,RTE034,"Jl. Pajajaran No. 257, Bandung","Jl. Mawar No. 199, Yogyakarta",5.3,paket_besar,regular,2023-08-26,2023-08-29,2023-08-30,delivered,50350,TRK2308260003
SHP02415,CUS0289,RTE075,"Jl. Pajajaran No. 59, Palembang","Jl. Margonda No. 167, Padang",36.9,paket_sedang,regular,2023-06-07,2023-06-11,2023-06-11,delivered,498150,TRK2306070006
SHP02416,CUS0298,RTE006,"Jl. Veteran No. 171, Jakarta","Jl. Sudirman No. 228, Surabaya",46.6,paket_sedang,regular,2023-12-11,2023-12-15,2023-12-17,delivered,535900,TRK2312110003
SHP02417,CUS0216,RTE048,"Jl. Hayam Wuruk No. 261, Medan","Jl. Anggrek No. 40, Palembang",43.0,paket_sedang,same_day,2022-10-02,2022-10-02,2022-10-03,delivered,1935000,TRK2210020003
SHP02418,CUS0458,RTE057,"Jl. Setiabudi No. 169, Denpasar","Jl. Pemuda No. 229, Mataram",38.4,paket_sedang,express,2024-10-06,2024-10-07,2024-10-07,delivered,691200,TRK2410060006
SHP02419,CUS0589,RTE024,"Jl. Gajah Mada No. 146, Surabaya","Jl. Margonda No. 61, Bandung",6.4,paket_sedang,regular,2023-08-14,2023-08-18,2023-08-20,delivered,73600,TRK2308140003
SHP02420,CUS0255,RTE062,"Jl. Cempaka No. 241, Yogyakarta","Jl. Cempaka No. 20, Solo",0.9,dokumen,regular,2023-11-09,2023-11-10,2023-11-13,delivered,6750,TRK2311090003
SHP02421,CUS0292,RTE071,"Jl. Pemuda No. 292, Pekanbaru","Jl. Margonda No. 214, Padang",23.1,paket_kecil,same_day,2022-08-05,2022-08-05,2022-08-05,delivered,710325,TRK2208050002
SHP02422,CUS0136,RTE026,"Jl. Raya Bogor No. 289, Surabaya","Jl. Hayam Wuruk No. 216, Solo",33.0,paket_sedang,regular,2023-11-07,2023-11-09,2023-11-09,delivered,280500,TRK2311070006
SHP02423,CUS0227,RTE044,"Jl. Sudirman No. 87, Semarang","Jl. Setiabudi No. 231, Denpasar",21.6,paket_kecil,same_day,2022-02-12,2022-02-12,2022-02-12,delivered,842400,TRK2202120004
SHP02424,CUS0127,RTE020,"Jl. Setiabudi No. 79, Surabaya","Jl. Melati No. 76, Malang",34.0,paket_kecil,regular,2022-05-09,2022-05-10,2022-05-13,delivered,255000,TRK2205090001
SHP02425,CUS0377,RTE015,"Jl. Margonda No. 104, Jakarta","Jl. Ahmad Yani No. 53, Makassar",24.9,fragile,regular,2022-04-25,2022-04-30,,in_transit,410850,TRK2204250004
SHP02426,CUS0348,RTE037,"Jl. Gajah Mada No. 173, Bandung","Jl. Kenanga No. 124, Malang",39.5,paket_kecil,express,2023-11-20,2023-11-22,2023-11-25,delivered,869000,TRK2311200002
SHP02427,CUS0373,RTE056,"Jl. Pahlawan No. 63, Makassar","Jl. Cendrawasih No. 286, Kendari",47.8,paket_sedang,regular,2024-02-03,2024-02-06,2024-02-08,delivered,454100,TRK2402030002
SHP02428,CUS0496,RTE054,"Jl. Cendrawasih No. 261, Makassar","Jl. Thamrin No. 287, Balikpapan",41.0,paket_sedang,same_day,2022-01-16,2022-01-16,,in_transit,1414500,TRK2201160004
SHP02429,CUS0309,RTE075,"Jl. Gatot Subroto No. 16, Palembang","Jl. Anggrek No. 214, Padang",38.0,dokumen,regular,2022-06-12,2022-06-16,,in_transit,513000,TRK2206120003
SHP02430,CUS0486,RTE012,"Jl. Gajah Mada No. 169, Jakarta","Jl. Raya Bogor No. 242, Palembang",28.0,paket_besar,regular,2024-07-24,2024-07-27,,in_transit,266000,TRK2407240004
SHP02431,CUS0598,RTE030,"Jl. Veteran No. 201, Surabaya","Jl. Kenanga No. 197, Palembang",44.4,paket_besar,express,2023-05-12,2023-05-15,2023-05-18,delivered,1198800,TRK2305120005
SHP02432,CUS0431,RTE005,"Jl. Anggrek No. 295, Jakarta","Jl. Anggrek No. 260, Semarang",27.4,paket_sedang,regular,2022-06-30,2022-07-03,,returned,260300,TRK2206300003
SHP02433,CUS0035,RTE048,"Jl. Gajah Mada No. 283, Medan","Jl. Merdeka No. 41, Palembang",4.7,paket_kecil,regular,2022-12-21,2022-12-26,2022-12-25,delivered,70500,TRK2212210003
SHP02434,CUS0416,RTE037,"Jl. Thamrin No. 17, Bandung","Jl. Cempaka No. 98, Malang",34.3,paket_besar,same_day,2023-03-21,2023-03-21,2023-03-24,delivered,1131900,TRK2303210001
SHP02435,CUS0444,RTE032,"Jl. Melati No. 22, Bandung","Jl. Pahlawan No. 2, Bogor",33.3,paket_besar,express,2024-07-05,2024-07-06,2024-07-07,delivered,532800,TRK2407050002
SHP02436,CUS0065,RTE072,"Jl. Kenanga No. 109, Pekanbaru","Jl. Anggrek No. 153, Palembang",14.2,fragile,express,2022-07-23,2022-07-26,2022-07-28,delivered,326600,TRK2207230002
SHP02437,CUS0423,RTE058,"Jl. Cendrawasih No. 207, Denpasar","Jl. Veteran No. 140, Surabaya",44.0,paket_besar,same_day,2022-01-17,2022-01-17,2022-01-18,delivered,1419000,TRK2201170004
SHP02438,CUS0307,RTE066,"Jl. Margonda No. 48, Yogyakarta","Jl. Pahlawan No. 151, Bandung",9.4,paket_besar,regular,2023-08-22,2023-08-25,2023-08-26,delivered,89300,TRK2308220001
SHP02439,CUS0153,RTE053,"Jl. Pemuda No. 141, Makassar","Jl. Sudirman No. 132, Denpasar",23.2,paket_sedang,same_day,2022-12-07,2022-12-07,2022-12-09,delivered,957000,TRK2212070005
SHP02440,CUS0445,RTE053,"Jl. Veteran No. 227, Makassar","Jl. Cempaka No. 168, Denpasar",26.0,paket_sedang,express,2024-08-29,2024-08-31,2024-08-31,delivered,715000,TRK2408290008
SHP02441,CUS0310,RTE035,"Jl. Cempaka No. 291, Bandung","Jl. Pahlawan No. 160, Surabaya",19.5,paket_sedang,regular,2023-09-19,2023-09-23,2023-09-26,delivered,224250,TRK2309190002
SHP02442,CUS0264,RTE050,"Jl. Cempaka No. 112, Medan","Jl. Mangga No. 172, Jakarta",12.5,paket_besar,regular,2024-06-14,2024-06-19,2024-06-19,delivered,225000,TRK2406140002
SHP02443,CUS0148,RTE026,"Jl. Cempaka No. 143, Surabaya","Jl. Sudirman No. 79, Solo",31.4,paket_besar,express,2022-01-23,2022-01-24,2022-01-26,delivered,628000,TRK2201230005
SHP02444,CUS0579,RTE049,"Jl. Ahmad Yani No. 199, Medan","Jl. Imam Bonjol No. 215, Banda Aceh",33.4,paket_besar,regular,2022-09-07,2022-09-10,2022-09-11,delivered,350700,TRK2209070002
SHP02445,CUS0551,RTE024,"Jl. Diponegoro No. 296, Surabaya","Jl. Diponegoro No. 125, Bandung",33.3,paket_sedang,express,2022-10-07,2022-10-09,2022-10-09,delivered,782550,TRK2210070001
SHP02446,CUS0574,RTE063,"Jl. Diponegoro No. 96, Yogyakarta","Jl. Thamrin No. 116, Malang",23.4,paket_kecil,same_day,2023-07-07,2023-07-07,2023-07-07,delivered,702000,TRK2307070002
SHP02447,CUS0397,RTE009,"Jl. Merdeka No. 264, Jakarta","Jl. Cendrawasih No. 252, Malang",46.0,paket_besar,express,2023-11-01,2023-11-03,,in_transit,1311000,TRK2311010002
SHP02448,CUS0508,RTE065,"Jl. Veteran No. 27, Yogyakarta","Jl. Ahmad Yani No. 169, Surabaya",16.5,paket_kecil,regular,2024-07-09,2024-07-12,2024-07-13,delivered,148500,TRK2407090001
SHP02449,CUS0381,RTE059,"Jl. Anggrek No. 198, Denpasar","Jl. Kenanga No. 2, Lombok",2.8,paket_kecil,regular,2022-09-27,2022-09-29,2022-10-02,delivered,22400,TRK2209270006
SHP02450,CUS0491,RTE055,"Jl. Ahmad Yani No. 131, Makassar","Jl. Cempaka No. 136, Surabaya",10.8,paket_sedang,regular,2022-12-06,2022-12-10,2022-12-11,delivered,129600,TRK2212060006
SHP02451,CUS0377,RTE053,"Jl. Asia Afrika No. 131, Makassar","Jl. Cendrawasih No. 182, Denpasar",9.7,paket_kecil,regular,2022-12-30,2023-01-03,2023-01-02,delivered,111550,TRK2212300002
SHP02452,CUS0299,RTE020,"Jl. Gatot Subroto No. 262, Surabaya","Jl. Cendrawasih No. 227, Malang",12.6,paket_besar,regular,2022-10-09,2022-10-10,2022-10-10,delivered,94500,TRK2210090004
SHP02453,CUS0334,RTE011,"Jl. Kebon Jeruk No. 295, Jakarta","Jl. Gatot Subroto No. 293, Medan",48.6,paket_kecil,express,2022-02-14,2022-02-17,2022-02-19,delivered,1822500,TRK2202140004
SHP02454,CUS0419,RTE048,"Jl. Kebon Jeruk No. 52, Medan","Jl. Veteran No. 115, Palembang",15.9,paket_besar,regular,2022-04-12,2022-04-17,,in_transit,238500,TRK2204120001
SHP02455,CUS0557,RTE012,"Jl. Kebon Jeruk No. 135, Jakarta","Jl. Merdeka No. 96, Palembang",41.7,paket_besar,express,2024-09-01,2024-09-02,2024-09-05,delivered,813150,TRK2409010005
SHP02456,CUS0421,RTE027,"Jl. Pahlawan No. 251, Surabaya","Jl. Raya Bogor No. 25, Medan",39.0,paket_kecil,regular,2025-01-27,2025-02-02,,in_transit,819000,TRK2501270006
SHP02457,CUS0099,RTE001,"Jl. Imam Bonjol No. 21, Jakarta","Jl. Pajajaran No. 259, Bandung",30.8,dokumen,express,2022-03-30,2022-03-31,2022-03-30,delivered,523600,TRK2203300003
SHP02458,CUS0155,RTE017,"Jl. Cempaka No. 42, Jakarta","Jl. Anggrek No. 137, Balikpapan",17.5,fragile,express,2023-08-29,2023-09-01,2023-09-02,delivered,630000,TRK2308290007
SHP02459,CUS0417,RTE047,"Jl. Cempaka No. 11, Medan","Jl. Hayam Wuruk No. 68, Pekanbaru",23.7,paket_besar,regular,2024-05-29,2024-06-01,2024-06-01,delivered,225150,TRK2405290004
SHP02460,CUS0116,RTE038,"Jl. Merdeka No. 163, Bandung","Jl. Anggrek No. 100, Cirebon",2.3,fragile,regular,2024-09-18,2024-09-20,2024-09-21,delivered,18400,TRK2409180003
SHP02461,CUS0376,RTE016,"Jl. Veteran No. 21, Jakarta","Jl. Cendrawasih No. 40, Manado",0.6,paket_besar,regular,2022-08-11,2022-08-18,2022-08-18,delivered,12900,TRK2208110002
SHP02462,CUS0467,RTE037,"Jl. Hayam Wuruk No. 103, Bandung","Jl. Mawar No. 57, Malang",14.2,paket_sedang,regular,2022-03-31,2022-04-04,2022-04-04,delivered,170400,TRK2203310001
SHP02463,CUS0085,RTE079,"Jl. Diponegoro No. 228, Pontianak","Jl. Pemuda No. 128, Jakarta",40.0,paket_kecil,regular,2024-04-22,2024-04-26,2024-04-26,delivered,460000,TRK2404220004
SHP02464,CUS0045,RTE023,"Jl. Veteran No. 104, Surabaya","Jl. Imam Bonjol No. 45, Denpasar",45.2,fragile,regular,2024-11-10,2024-11-13,,in_transit,429400,TRK2411100001
SHP02465,CUS0023,RTE054,"Jl. Setiabudi No. 75, Makassar","Jl. Ahmad Yani No. 233, Balikpapan",16.4,paket_kecil,regular,2024-07-24,2024-07-28,2024-07-31,delivered,188600,TRK2407240005
SHP02466,CUS0056,RTE031,"Jl. Imam Bonjol No. 243, Surabaya","Jl. Pajajaran No. 30, Pekanbaru",7.3,paket_besar,regular,2022-01-16,2022-01-21,2022-01-20,delivered,124100,TRK2201160005
SHP02467,CUS0365,RTE056,"Jl. Kenanga No. 250, Makassar","Jl. Thamrin No. 219, Kendari",29.0,paket_kecil,regular,2022-05-26,2022-05-29,2022-06-03,delivered,275500,TRK2205260003
SHP02468,CUS0086,RTE067,"Jl. Gatot Subroto No. 197, Balikpapan","Jl. Mawar No. 104, Samarinda",40.5,fragile,regular,2023-01-20,2023-01-22,2023-01-23,delivered,303750,TRK2301200005
SHP02469,CUS0236,RTE030,"Jl. Sudirman No. 190, Surabaya","Jl. Ahmad Yani No. 272, Palembang",14.2,paket_sedang,regular,2022-06-17,2022-06-22,2022-06-25,delivered,198800,TRK2206170004
SHP02470,CUS0429,RTE043,"Jl. Melati No. 29, Semarang","Jl. Mawar No. 298, Surabaya",14.9,paket_kecil,regular,2024-12-17,2024-12-20,2024-12-20,delivered,134100,TRK2412170003
SHP02471,CUS0152,RTE035,"Jl. Pahlawan No. 203, Bandung","Jl. Raya Bogor No. 136, Surabaya",20.7,paket_sedang,regular,2023-11-09,2023-11-13,2023-11-15,delivered,238050,TRK2311090004
SHP02472,CUS0588,RTE004,"Jl. Diponegoro No. 18, Jakarta","Jl. Pemuda No. 36, Bekasi",42.8,paket_sedang,regular,2023-10-24,2023-10-25,2023-10-27,delivered,299600,TRK2310240006
SHP02473,CUS0558,RTE065,"Jl. Thamrin No. 162, Yogyakarta","Jl. Asia Afrika No. 26, Surabaya",30.4,paket_kecil,regular,2024-01-18,2024-01-21,,in_transit,273600,TRK2401180003
SHP02474,CUS0254,RTE029,"Jl. Cendrawasih No. 104, Surabaya","Jl. Setiabudi No. 122, Manado",0.4,paket_sedang,same_day,2024-01-25,2024-01-25,2024-01-26,delivered,21000,TRK2401250004
SHP02475,CUS0199,RTE060,"Jl. Margonda No. 28, Denpasar","Jl. Sudirman No. 296, Makassar",41.0,paket_besar,regular,2024-04-10,2024-04-14,2024-04-16,delivered,471500,TRK2404100001
SHP02476,CUS0270,RTE030,"Jl. Mawar No. 230, Surabaya","Jl. Thamrin No. 76, Palembang",4.9,paket_sedang,same_day,2023-07-07,2023-07-07,,returned,198450,TRK2307070003
SHP02477,CUS0452,RTE008,"Jl. Asia Afrika No. 95, Jakarta","Jl. Hayam Wuruk No. 87, Solo",27.6,paket_sedang,regular,2023-03-11,2023-03-14,2023-03-17,delivered,289800,TRK2303110003
SHP02478,CUS0579,RTE061,"Jl. Gatot Subroto No. 230, Denpasar","Jl. Kebon Jeruk No. 277, Yogyakarta",18.8,paket_sedang,regular,2024-02-15,2024-02-18,,returned,206800,TRK2402150002
SHP02479,CUS0456,RTE048,"Jl. Thamrin No. 182, Medan","Jl. Cempaka No. 49, Palembang",24.7,paket_besar,express,2023-05-05,2023-05-08,2023-05-07,delivered,741000,TRK2305050002
SHP02480,CUS0071,RTE008,"Jl. Raya Bogor No. 178, Jakarta","Jl. Pajajaran No. 186, Solo",44.6,paket_sedang,same_day,2024-02-15,2024-02-15,,in_transit,1672500,TRK2402150003
SHP02481,CUS0562,RTE025,"Jl. Veteran No. 38, Surabaya","Jl. Melati No. 109, Makassar",49.8,paket_kecil,express,2024-10-20,2024-10-22,2024-10-21,delivered,1220100,TRK2410200004
SHP02482,CUS0264,RTE039,"Jl. Thamrin No. 198, Bandung","Jl. Gajah Mada No. 152, Denpasar",46.4,paket_besar,regular,2023-11-16,2023-11-20,2023-11-21,delivered,626400,TRK2311160003
SHP02483,CUS0378,RTE060,"Jl. Sudirman No. 255, Denpasar","Jl. Imam Bonjol No. 189, Makassar",0.4,paket_kecil,regular,2022-01-26,2022-01-30,2022-01-31,delivered,4600,TRK2201260002
SHP02484,CUS0329,RTE055,"Jl. Diponegoro No. 94, Makassar","Jl. Mawar No. 57, Surabaya",29.1,paket_besar,regular,2022-02-23,2022-02-27,2022-03-01,delivered,349200,TRK2202230005
SHP02485,CUS0393,RTE009,"Jl. Asia Afrika No. 288, Jakarta","Jl. Cendrawasih No. 263, Malang",43.1,dokumen,regular,2022-02-24,2022-02-28,2022-03-05,delivered,517200,TRK2202240002
SHP02486,CUS0226,RTE056,"Jl. Sudirman No. 35, Makassar","Jl. Mangga No. 143, Kendari",42.2,dokumen,express,2022-05-18,2022-05-19,2022-05-20,delivered,801800,TRK2205180004
SHP02487,CUS0051,RTE007,"Jl. Merdeka No. 70, Jakarta","Jl. Melati No. 208, Yogyakarta",33.4,paket_sedang,regular,2024-12-08,2024-12-11,2024-12-12,delivered,350700,TRK2412080005
SHP02488,CUS0503,RTE064,"Jl. Thamrin No. 44, Yogyakarta","Jl. Ahmad Yani No. 238, Semarang",6.8,paket_kecil,regular,2022-07-25,2022-07-27,,in_transit,51000,TRK2207250005
SHP02489,CUS0108,RTE073,"Jl. Hayam Wuruk No. 219, Pekanbaru","Jl. Kebon Jeruk No. 206, Medan",15.4,dokumen,express,2024-07-09,2024-07-10,2024-07-10,delivered,354200,TRK2407090002
SHP02490,CUS0326,RTE077,"Jl. Gajah Mada No. 200, Pontianak","Jl. Margonda No. 289, Singkawang",34.3,fragile,regular,2022-11-02,2022-11-04,2022-11-03,delivered,274400,TRK2211020002
SHP02491,CUS0124,RTE027,"Jl. Gajah Mada No. 206, Surabaya","Jl. Veteran No. 292, Medan",46.7,paket_sedang,regular,2024-12-22,2024-12-28,2024-12-30,delivered,980700,TRK2412220004
SHP02492,CUS0179,RTE046,"Jl. Thamrin No. 25, Medan","Jl. Melati No. 183, Padang",5.4,paket_sedang,regular,2024-12-11,2024-12-14,,returned,59400,TRK2412110006
SHP02493,CUS0427,RTE061,"Jl. Merdeka No. 186, Denpasar","Jl. Kenanga No. 62, Yogyakarta",27.6,paket_besar,express,2024-10-14,2024-10-16,,in_transit,593400,TRK2410140008
SHP02494,CUS0269,RTE066,"Jl. Mawar No. 145, Yogyakarta","Jl. Melati No. 231, Bandung",30.4,paket_kecil,express,2023-11-14,2023-11-15,,in_transit,684000,TRK2311140002
SHP02495,CUS0564,RTE040,"Jl. Merdeka No. 275, Semarang","Jl. Veteran No. 191, Yogyakarta",19.4,paket_sedang,express,2022-09-12,2022-09-13,,in_transit,310400,TRK2209120003
SHP02496,CUS0182,RTE045,"Jl. Diponegoro No. 19, Semarang","Jl. Gatot Subroto No. 103, Medan",3.2,paket_kecil,regular,2024-05-22,2024-05-28,2024-05-29,delivered,64000,TRK2405220003
SHP02497,CUS0127,RTE020,"Jl. Imam Bonjol No. 252, Surabaya","Jl. Asia Afrika No. 296, Malang",4.5,paket_sedang,express,2023-01-23,2023-01-24,2023-01-24,delivered,72000,TRK2301230001
SHP02498,CUS0245,RTE005,"Jl. Merdeka No. 40, Jakarta","Jl. Veteran No. 285, Semarang",24.0,paket_kecil,regular,2024-03-16,2024-03-19,2024-03-20,delivered,228000,TRK2403160007
SHP02499,CUS0528,RTE062,"Jl. Gajah Mada No. 119, Yogyakarta","Jl. Veteran No. 169, Solo",42.2,paket_kecil,express,2022-12-18,2022-12-19,2022-12-19,delivered,675200,TRK2212180004
SHP02500,CUS0284,RTE071,"Jl. Melati No. 130, Pekanbaru","Jl. Melati No. 259, Padang",6.3,paket_kecil,regular,2024-04-05,2024-04-07,,in_transit,53550,TRK2404050002
SHP02501,CUS0202,RTE038,"Jl. Pajajaran No. 189, Bandung","Jl. Asia Afrika No. 232, Cirebon",11.6,fragile,regular,2022-10-09,2022-10-11,2022-10-12,delivered,92800,TRK2210090005
SHP02502,CUS0085,RTE057,"Jl. Kebon Jeruk No. 236, Denpasar","Jl. Anggrek No. 221, Mataram",16.8,fragile,regular,2023-07-22,2023-07-24,2023-07-25,delivered,134400,TRK2307220002
SHP02503,CUS0450,RTE048,"Jl. Setiabudi No. 29, Medan","Jl. Hayam Wuruk No. 167, Palembang",48.3,paket_sedang,express,2024-09-15,2024-09-18,2024-09-20,delivered,1449000,TRK2409150001
SHP02504,CUS0577,RTE011,"Jl. Mawar No. 154, Jakarta","Jl. Merdeka No. 38, Medan",45.7,paket_sedang,regular,2023-09-11,2023-09-16,2023-09-17,delivered,822600,TRK2309110004
SHP02505,CUS0212,RTE045,"Jl. Veteran No. 258, Semarang","Jl. Margonda No. 40, Medan",3.5,paket_kecil,regular,2022-03-06,2022-03-12,2022-03-15,delivered,70000,TRK2203060004
SHP02506,CUS0145,RTE059,"Jl. Pahlawan No. 26, Denpasar","Jl. Cempaka No. 140, Lombok",25.8,paket_besar,regular,2024-02-19,2024-02-21,2024-02-22,delivered,206400,TRK2402190001
SHP02507,CUS0383,RTE058,"Jl. Kebon Jeruk No. 181, Denpasar","Jl. Cendrawasih No. 96, Surabaya",44.1,paket_kecil,regular,2022-07-25,2022-07-28,,in_transit,418950,TRK2207250006
SHP02508,CUS0417,RTE069,"Jl. Imam Bonjol No. 236, Balikpapan","Jl. Sudirman No. 267, Pontianak",26.9,paket_kecil,regular,2023-07-12,2023-07-16,2023-07-16,delivered,349700,TRK2307120002
SHP02509,CUS0594,RTE035,"Jl. Ahmad Yani No. 55, Bandung","Jl. Thamrin No. 35, Surabaya",0.9,paket_kecil,express,2024-08-28,2024-08-31,2024-08-31,delivered,23850,TRK2408280003
SHP02510,CUS0198,RTE045,"Jl. Ahmad Yani No. 300, Semarang","Jl. Diponegoro No. 59, Medan",46.0,dokumen,express,2022-05-26,2022-05-29,2022-05-30,delivered,2070000,TRK2205260004
SHP02511,CUS0426,RTE079,"Jl. Cempaka No. 59, Pontianak","Jl. Merdeka No. 80, Jakarta",38.2,paket_besar,express,2023-05-18,2023-05-21,2023-05-21,delivered,859500,TRK2305180005
SHP02512,CUS0329,RTE027,"Jl. Anggrek No. 158, Surabaya","Jl. Anggrek No. 40, Medan",5.1,paket_kecil,express,2022-03-18,2022-03-21,2022-03-24,delivered,219300,TRK2203180004
SHP02513,CUS0307,RTE059,"Jl. Gajah Mada No. 203, Denpasar","Jl. Thamrin No. 48, Lombok",43.5,paket_besar,regular,2022-11-27,2022-11-29,2022-11-29,delivered,348000,TRK2211270001
SHP02514,CUS0310,RTE043,"Jl. Hayam Wuruk No. 146, Semarang","Jl. Cendrawasih No. 84, Surabaya",0.3,paket_kecil,regular,2023-04-18,2023-04-21,2023-04-21,delivered,2700,TRK2304180004
SHP02515,CUS0257,RTE050,"Jl. Cempaka No. 87, Medan","Jl. Diponegoro No. 128, Jakarta",28.5,dokumen,regular,2024-06-29,2024-07-04,2024-07-04,delivered,513000,TRK2406290003
SHP02516,CUS0303,RTE030,"Jl. Ahmad Yani No. 198, Surabaya","Jl. Imam Bonjol No. 32, Palembang",45.9,paket_besar,regular,2023-06-15,2023-06-20,2023-06-21,delivered,642600,TRK2306150002
SHP02517,CUS0051,RTE007,"Jl. Cendrawasih No. 26, Jakarta","Jl. Veteran No. 293, Yogyakarta",26.3,fragile,regular,2024-06-23,2024-06-26,,lost,276150,TRK2406230001
SHP02518,CUS0592,RTE046,"Jl. Asia Afrika No. 201, Medan","Jl. Merdeka No. 173, Padang",6.8,paket_kecil,same_day,2022-06-24,2022-06-24,2022-06-26,delivered,244800,TRK2206240003
SHP02519,CUS0001,RTE022,"Jl. Pahlawan No. 150, Surabaya","Jl. Kebon Jeruk No. 55, Semarang",24.4,paket_kecil,regular,2024-11-19,2024-11-22,2024-11-21,delivered,219600,TRK2411190003
SHP02520,CUS0346,RTE056,"Jl. Ahmad Yani No. 44, Makassar","Jl. Anggrek No. 172, Kendari",13.6,paket_kecil,express,2023-02-08,2023-02-09,2023-02-09,delivered,258400,TRK2302080003
SHP02521,CUS0369,RTE002,"Jl. Diponegoro No. 266, Jakarta","Jl. Hayam Wuruk No. 35, Bogor",16.5,paket_sedang,same_day,2023-10-17,2023-10-17,2023-10-18,delivered,396000,TRK2310170004
SHP02522,CUS0450,RTE079,"Jl. Asia Afrika No. 192, Pontianak","Jl. Pajajaran No. 243, Jakarta",27.5,paket_sedang,same_day,2023-11-06,2023-11-06,2023-11-06,delivered,928125,TRK2311060001
SHP02523,CUS0312,RTE076,"Jl. Pahlawan No. 88, Palembang","Jl. Gatot Subroto No. 300, Jakarta",43.2,paket_sedang,regular,2023-08-03,2023-08-06,2023-08-06,delivered,410400,TRK2308030002
SHP02524,CUS0597,RTE078,"Jl. Ahmad Yani No. 258, Pontianak","Jl. Asia Afrika No. 149, Balikpapan",5.6,dokumen,regular,2023-03-20,2023-03-24,2023-03-26,delivered,72800,TRK2303200003
SHP02525,CUS0371,RTE051,"Jl. Mangga No. 298, Medan","Jl. Merdeka No. 298, Batam",6.1,paket_besar,regular,2023-10-21,2023-10-25,2023-10-25,delivered,73200,TRK2310210003
SHP02526,CUS0124,RTE021,"Jl. Margonda No. 16, Surabaya","Jl. Asia Afrika No. 231, Yogyakarta",15.2,dokumen,regular,2024-11-02,2024-11-05,2024-11-06,delivered,136800,TRK2411020002
SHP02527,CUS0315,RTE056,"Jl. Cempaka No. 258, Makassar","Jl. Anggrek No. 267, Kendari",19.6,paket_kecil,regular,2025-01-18,2025-01-21,2025-01-21,delivered,186200,TRK2501180001
SHP02528,CUS0556,RTE019,"Jl. Mawar No. 96, Jakarta","Jl. Cempaka No. 64, Banjarmasin",12.4,paket_kecil,express,2023-11-01,2023-11-04,2023-11-07,delivered,365800,TRK2311010003
SHP02529,CUS0105,RTE054,"Jl. Pemuda No. 140, Makassar","Jl. Margonda No. 296, Balikpapan",6.3,fragile,regular,2023-01-27,2023-01-31,2023-02-02,delivered,72450,TRK2301270004
SHP02530,CUS0117,RTE072,"Jl. Kebon Jeruk No. 14, Pekanbaru","Jl. Asia Afrika No. 51, Palembang",9.6,paket_sedang,regular,2023-03-22,2023-03-26,2023-03-26,delivered,110400,TRK2303220005
SHP02531,CUS0413,RTE069,"Jl. Setiabudi No. 88, Balikpapan","Jl. Veteran No. 149, Pontianak",9.2,paket_kecil,same_day,2022-01-26,2022-01-26,,in_transit,441600,TRK2201260003
SHP02532,CUS0129,RTE019,"Jl. Pajajaran No. 129, Jakarta","Jl. Imam Bonjol No. 90, Banjarmasin",47.1,paket_sedang,regular,2023-05-13,2023-05-17,2023-05-22,delivered,635850,TRK2305130006
SHP02533,CUS0162,RTE002,"Jl. Diponegoro No. 161, Jakarta","Jl. Veteran No. 130, Bogor",8.0,paket_sedang,regular,2022-03-22,2022-03-23,,in_transit,60000,TRK2203220006
SHP02534,CUS0459,RTE061,"Jl. Imam Bonjol No. 16, Denpasar","Jl. Pemuda No. 69, Yogyakarta",31.0,paket_besar,express,2025-01-01,2025-01-03,2025-01-04,delivered,666500,TRK2501010003
SHP02535,CUS0437,RTE051,"Jl. Melati No. 155, Medan","Jl. Thamrin No. 277, Batam",35.1,paket_besar,express,2024-09-23,2024-09-25,2024-09-28,delivered,895050,TRK2409230002
SHP02536,CUS0077,RTE006,"Jl. Mawar No. 174, Jakarta","Jl. Pahlawan No. 150, Surabaya",42.2,dokumen,regular,2023-03-24,2023-03-28,2023-03-29,delivered,485300,TRK2303240003
SHP02537,CUS0380,RTE010,"Jl. Sudirman No. 253, Jakarta","Jl. Diponegoro No. 146, Denpasar",39.9,paket_besar,regular,2023-12-07,2023-12-11,2023-12-11,delivered,558600,TRK2312070004
SHP02538,CUS0443,RTE045,"Jl. Pemuda No. 34, Semarang","Jl. Cendrawasih No. 273, Medan",29.7,paket_kecil,regular,2024-09-21,2024-09-27,,returned,594000,TRK2409210001
SHP02539,CUS0445,RTE030,"Jl. Mangga No. 283, Surabaya","Jl. Hayam Wuruk No. 95, Palembang",11.1,paket_sedang,express,2022-12-13,2022-12-16,2022-12-18,delivered,299700,TRK2212130006
SHP02540,CUS0524,RTE074,"Jl. Merdeka No. 196, Palembang","Jl. Kebon Jeruk No. 99, Lampung",48.5,paket_sedang,same_day,2024-07-29,2024-07-29,2024-07-30,delivered,1673250,TRK2407290003
SHP02541,CUS0437,RTE067,"Jl. Sudirman No. 245, Balikpapan","Jl. Pajajaran No. 21, Samarinda",13.8,paket_sedang,regular,2023-12-23,2023-12-25,2023-12-28,delivered,103500,TRK2312230003
SHP02542,CUS0468,RTE030,"Jl. Gatot Subroto No. 267, Surabaya","Jl. Cempaka No. 189, Palembang",29.0,dokumen,regular,2024-05-23,2024-05-28,2024-05-29,delivered,406000,TRK2405230003
SHP02543,CUS0192,RTE011,"Jl. Kebon Jeruk No. 98, Jakarta","Jl. Hayam Wuruk No. 128, Medan",15.7,paket_sedang,regular,2023-12-10,2023-12-15,,returned,282600,TRK2312100001
SHP02544,CUS0008,RTE061,"Jl. Kebon Jeruk No. 2, Denpasar","Jl. Melati No. 246, Yogyakarta",18.8,paket_besar,express,2023-09-02,2023-09-04,2023-09-05,delivered,404200,TRK2309020003
SHP02545,CUS0592,RTE079,"Jl. Cempaka No. 205, Pontianak","Jl. Merdeka No. 178, Jakarta",22.9,paket_sedang,same_day,2024-04-29,2024-04-29,2024-04-29,delivered,772875,TRK2404290004
SHP02546,CUS0073,RTE031,"Jl. Kenanga No. 6, Surabaya","Jl. Hayam Wuruk No. 297, Pekanbaru",18.0,paket_sedang,regular,2023-07-27,2023-08-01,2023-08-03,delivered,306000,TRK2307270004
SHP02547,CUS0285,RTE022,"Jl. Pahlawan No. 190, Surabaya","Jl. Mangga No. 171, Semarang",16.9,paket_kecil,regular,2022-03-12,2022-03-15,2022-03-17,delivered,152100,TRK2203120003
SHP02548,CUS0069,RTE045,"Jl. Pemuda No. 50, Semarang","Jl. Mangga No. 212, Medan",10.5,paket_sedang,regular,2022-07-23,2022-07-29,2022-07-28,delivered,210000,TRK2207230003
SHP02549,CUS0421,RTE064,"Jl. Pemuda No. 176, Yogyakarta","Jl. Asia Afrika No. 118, Semarang",48.9,paket_besar,regular,2023-04-15,2023-04-17,2023-04-17,delivered,366750,TRK2304150005
SHP02550,CUS0365,RTE078,"Jl. Sudirman No. 172, Pontianak","Jl. Pajajaran No. 16, Balikpapan",12.7,paket_sedang,express,2022-10-19,2022-10-21,2022-10-21,delivered,355600,TRK2210190003
SHP02551,CUS0268,RTE018,"Jl. Cendrawasih No. 250, Jakarta","Jl. Anggrek No. 239, Pontianak",43.4,fragile,same_day,2023-02-11,2023-02-11,2023-02-14,delivered,1529850,TRK2302110004
SHP02552,CUS0177,RTE028,"Jl. Kebon Jeruk No. 280, Surabaya","Jl. Asia Afrika No. 72, Balikpapan",25.8,paket_sedang,express,2023-04-17,2023-04-19,2023-04-19,delivered,619200,TRK2304170002
SHP02553,CUS0315,RTE057,"Jl. Pajajaran No. 164, Denpasar","Jl. Diponegoro No. 62, Mataram",3.6,paket_kecil,same_day,2023-10-12,2023-10-12,2023-10-15,delivered,97200,TRK2310120003
SHP02554,CUS0434,RTE032,"Jl. Setiabudi No. 255, Bandung","Jl. Merdeka No. 37, Bogor",4.5,paket_sedang,regular,2023-05-04,2023-05-06,2023-05-11,delivered,36000,TRK2305040002
SHP02555,CUS0108,RTE003,"Jl. Kenanga No. 258, Jakarta","Jl. Imam Bonjol No. 83, Tangerang",48.7,dokumen,regular,2023-11-16,2023-11-17,2023-11-19,delivered,340900,TRK2311160004
SHP02556,CUS0596,RTE034,"Jl. Raya Bogor No. 14, Bandung","Jl. Sudirman No. 121, Yogyakarta",40.7,paket_sedang,express,2022-02-08,2022-02-09,2022-02-09,delivered,915750,TRK2202080002
SHP02557,CUS0428,RTE039,"Jl. Kenanga No. 191, Bandung","Jl. Margonda No. 48, Denpasar",33.9,fragile,regular,2022-05-19,2022-05-23,2022-05-24,delivered,457650,TRK2205190002
SHP02558,CUS0312,RTE010,"Jl. Margonda No. 130, Jakarta","Jl. Sudirman No. 279, Denpasar",4.5,dokumen,express,2023-06-21,2023-06-24,,lost,148500,TRK2306210006
SHP02559,CUS0433,RTE009,"Jl. Cendrawasih No. 282, Jakarta","Jl. Melati No. 273, Malang",22.3,paket_besar,regular,2023-01-12,2023-01-16,2023-01-18,delivered,267600,TRK2301120002
SHP02560,CUS0289,RTE073,"Jl. Cempaka No. 294, Pekanbaru","Jl. Melati No. 6, Medan",10.6,paket_kecil,regular,2023-07-28,2023-07-31,2023-07-31,delivered,100700,TRK2307280003
SHP02561,CUS0319,RTE064,"Jl. Ahmad Yani No. 110, Yogyakarta","Jl. Pajajaran No. 105, Semarang",15.4,paket_kecil,regular,2024-04-22,2024-04-24,2024-04-24,delivered,115500,TRK2404220005
SHP02562,CUS0047,RTE003,"Jl. Pemuda No. 203, Jakarta","Jl. Sudirman No. 34, Tangerang",0.7,paket_kecil,regular,2022-09-07,2022-09-08,2022-09-08,delivered,4900,TRK2209070003
SHP02563,CUS0376,RTE043,"Jl. Pajajaran No. 234, Semarang","Jl. Mangga No. 156, Surabaya",6.7,paket_besar,same_day,2022-10-28,2022-10-28,2022-10-29,delivered,180900,TRK2210280005
SHP02564,CUS0131,RTE030,"Jl. Cempaka No. 183, Surabaya","Jl. Cendrawasih No. 238, Palembang",6.6,dokumen,regular,2022-06-07,2022-06-12,2022-06-14,delivered,92400,TRK2206070004
SHP02565,CUS0573,RTE075,"Jl. Kenanga No. 255, Palembang","Jl. Margonda No. 284, Padang",45.3,paket_besar,express,2024-05-17,2024-05-20,2024-05-21,delivered,1268400,TRK2405170010
SHP02566,CUS0449,RTE048,"Jl. Gatot Subroto No. 112, Medan","Jl. Anggrek No. 246, Palembang",23.3,dokumen,regular,2025-01-04,2025-01-09,,returned,349500,TRK2501040002
SHP02567,CUS0087,RTE069,"Jl. Mangga No. 115, Balikpapan","Jl. Cempaka No. 234, Pontianak",32.2,paket_besar,regular,2023-07-23,2023-07-27,2023-07-28,delivered,418600,TRK2307230005
SHP02568,CUS0231,RTE005,"Jl. Ahmad Yani No. 185, Jakarta","Jl. Asia Afrika No. 130, Semarang",16.0,paket_besar,regular,2024-11-10,2024-11-13,2024-11-15,delivered,152000,TRK2411100002
SHP02569,CUS0087,RTE059,"Jl. Pajajaran No. 115, Denpasar","Jl. Ahmad Yani No. 59, Lombok",27.0,paket_besar,regular,2024-10-18,2024-10-20,,in_transit,216000,TRK2410180003
SHP02570,CUS0593,RTE052,"Jl. Setiabudi No. 160, Makassar","Jl. Pajajaran No. 21, Manado",12.5,paket_sedang,regular,2023-12-14,2023-12-19,,delivered,187500,TRK2312140003
SHP02571,CUS0497,RTE041,"Jl. Anggrek No. 170, Semarang","Jl. Cempaka No. 99, Solo",45.4,paket_kecil,express,2023-10-29,2023-10-30,2023-10-30,delivered,726400,TRK2310290002
SHP02572,CUS0401,RTE018,"Jl. Thamrin No. 186, Jakarta","Jl. Ahmad Yani No. 157, Pontianak",30.1,paket_besar,express,2023-01-10,2023-01-13,,in_transit,707350,TRK2301100005
SHP02573,CUS0459,RTE011,"Jl. Raya Bogor No. 289, Jakarta","Jl. Hayam Wuruk No. 129, Medan",1.7,paket_sedang,express,2023-10-06,2023-10-09,,in_transit,63750,TRK2310060003
SHP02574,CUS0431,RTE059,"Jl. Sudirman No. 72, Denpasar","Jl. Thamrin No. 240, Lombok",48.2,dokumen,regular,2023-02-08,2023-02-10,2023-02-11,delivered,385600,TRK2302080004
SHP02575,CUS0286,RTE024,"Jl. Thamrin No. 178, Surabaya","Jl. Gajah Mada No. 179, Bandung",36.0,paket_besar,express,2023-10-17,2023-10-19,2023-10-19,delivered,846000,TRK2310170005
SHP02576,CUS0037,RTE058,"Jl. Setiabudi No. 265, Denpasar","Jl. Margonda No. 212, Surabaya",22.9,paket_sedang,express,2024-12-12,2024-12-13,2024-12-14,delivered,492350,TRK2412120002
SHP02577,CUS0169,RTE018,"Jl. Asia Afrika No. 17, Jakarta","Jl. Pajajaran No. 20, Pontianak",22.8,paket_kecil,express,2022-01-19,2022-01-22,2022-01-25,delivered,535800,TRK2201190002
SHP02578,CUS0023,RTE080,"Jl. Pemuda No. 254, Manado","Jl. Setiabudi No. 35, Gorontalo",49.4,paket_besar,regular,2024-04-04,2024-04-07,,lost,469300,TRK2404040002
SHP02579,CUS0109,RTE057,"Jl. Gajah Mada No. 252, Denpasar","Jl. Kenanga No. 8, Mataram",44.6,paket_kecil,regular,2023-09-29,2023-10-01,2023-10-02,delivered,356800,TRK2309290002
SHP02580,CUS0419,RTE062,"Jl. Gatot Subroto No. 268, Yogyakarta","Jl. Cendrawasih No. 132, Solo",47.6,paket_kecil,regular,2022-09-16,2022-09-17,2022-09-19,delivered,357000,TRK2209160003
SHP02581,CUS0308,RTE064,"Jl. Thamrin No. 133, Yogyakarta","Jl. Mangga No. 281, Semarang",20.8,dokumen,regular,2022-08-29,2022-08-31,,in_transit,156000,TRK2208290001
SHP02582,CUS0515,RTE060,"Jl. Mawar No. 8, Denpasar","Jl. Veteran No. 125, Makassar",7.9,paket_sedang,regular,2023-08-08,2023-08-12,2023-08-13,delivered,90850,TRK2308080003
SHP02583,CUS0230,RTE004,"Jl. Mawar No. 126, Jakarta","Jl. Diponegoro No. 158, Bekasi",42.0,paket_sedang,same_day,2024-12-21,2024-12-21,2024-12-22,delivered,976500,TRK2412210002
SHP02584,CUS0495,RTE033,"Jl. Cempaka No. 31, Bandung","Jl. Setiabudi No. 110, Semarang",32.0,dokumen,regular,2024-11-17,2024-11-20,,in_transit,304000,TRK2411170004
SHP02585,CUS0104,RTE060,"Jl. Mawar No. 257, Denpasar","Jl. Mangga No. 294, Makassar",7.2,paket_sedang,express,2022-11-26,2022-11-29,2022-11-29,delivered,158400,TRK2211260003
SHP02586,CUS0023,RTE037,"Jl. Anggrek No. 63, Bandung","Jl. Asia Afrika No. 99, Malang",3.1,paket_sedang,same_day,2023-08-14,2023-08-14,2023-08-14,delivered,102300,TRK2308140004
SHP02587,CUS0254,RTE011,"Jl. Ahmad Yani No. 183, Jakarta","Jl. Margonda No. 195, Medan",40.8,dokumen,regular,2022-12-07,2022-12-12,,delivered,734400,TRK2212070006
SHP02588,CUS0475,RTE048,"Jl. Cempaka No. 42, Medan","Jl. Melati No. 30, Palembang",1.2,paket_kecil,same_day,2024-07-31,2024-07-31,2024-07-31,delivered,54000,TRK2407310002
SHP02589,CUS0159,RTE046,"Jl. Imam Bonjol No. 241, Medan","Jl. Pemuda No. 15, Padang",48.6,paket_besar,express,2023-11-09,2023-11-11,2023-11-11,delivered,1166400,TRK2311090005
SHP02590,CUS0142,RTE041,"Jl. Gatot Subroto No. 80, Semarang","Jl. Merdeka No. 64, Solo",3.7,paket_kecil,regular,2022-05-17,2022-05-19,2022-05-19,delivered,27750,TRK2205170001
SHP02591,CUS0028,RTE018,"Jl. Sudirman No. 195, Jakarta","Jl. Sudirman No. 251, Pontianak",5.2,paket_besar,express,2023-02-22,2023-02-25,2023-02-25,delivered,122200,TRK2302220003
SHP02592,CUS0034,RTE047,"Jl. Diponegoro No. 91, Medan","Jl. Gatot Subroto No. 159, Pekanbaru",13.3,paket_sedang,regular,2024-06-15,2024-06-18,2024-06-19,delivered,126350,TRK2406150003
SHP02593,CUS0251,RTE047,"Jl. Merdeka No. 287, Medan","Jl. Ahmad Yani No. 70, Pekanbaru",15.9,paket_sedang,regular,2024-04-18,2024-04-21,2024-04-21,delivered,151050,TRK2404180002
SHP02594,CUS0321,RTE080,"Jl. Mangga No. 160, Manado","Jl. Ahmad Yani No. 73, Gorontalo",20.7,paket_besar,express,2023-07-18,2023-07-20,2023-07-23,delivered,455400,TRK2307180003
SHP02595,CUS0338,RTE041,"Jl. Merdeka No. 225, Semarang","Jl. Setiabudi No. 163, Solo",26.8,paket_kecil,express,2022-09-18,2022-09-19,2022-09-21,delivered,428800,TRK2209180002
SHP02596,CUS0378,RTE008,"Jl. Kenanga No. 55, Jakarta","Jl. Ahmad Yani No. 298, Solo",40.9,paket_sedang,regular,2023-01-10,2023-01-13,2023-01-15,delivered,429450,TRK2301100006
SHP02597,CUS0137,RTE025,"Jl. Gajah Mada No. 285, Surabaya","Jl. Gajah Mada No. 118, Makassar",41.3,paket_sedang,express,2023-02-27,2023-03-01,2023-03-04,delivered,1011850,TRK2302270001
SHP02598,CUS0342,RTE022,"Jl. Anggrek No. 266, Surabaya","Jl. Sudirman No. 173, Semarang",1.5,paket_besar,regular,2022-04-04,2022-04-07,2022-04-10,delivered,13500,TRK2204040003
SHP02599,CUS0521,RTE012,"Jl. Mangga No. 231, Jakarta","Jl. Merdeka No. 185, Palembang",13.0,paket_besar,regular,2022-09-27,2022-09-30,,in_transit,123500,TRK2209270007
SHP02600,CUS0367,RTE024,"Jl. Ahmad Yani No. 243, Surabaya","Jl. Melati No. 251, Bandung",24.2,paket_kecil,regular,2024-03-10,2024-03-14,2024-03-14,delivered,278300,TRK2403100005
SHP02601,CUS0252,RTE005,"Jl. Pemuda No. 219, Jakarta","Jl. Pemuda No. 28, Semarang",2.5,dokumen,express,2024-12-25,2024-12-26,,lost,55000,TRK2412250002
SHP02602,CUS0524,RTE018,"Jl. Imam Bonjol No. 153, Jakarta","Jl. Kenanga No. 223, Pontianak",6.4,paket_besar,regular,2024-01-16,2024-01-20,2024-01-22,delivered,73600,TRK2401160003
SHP02603,CUS0213,RTE064,"Jl. Mawar No. 117, Yogyakarta","Jl. Kenanga No. 181, Semarang",45.2,paket_besar,express,2024-02-17,2024-02-18,2024-02-17,delivered,655400,TRK2402170002
SHP02604,CUS0104,RTE018,"Jl. Asia Afrika No. 12, Jakarta","Jl. Ahmad Yani No. 13, Pontianak",23.4,paket_besar,regular,2023-12-27,2023-12-31,2024-01-02,delivered,269100,TRK2312270003
SHP02605,CUS0446,RTE006,"Jl. Gatot Subroto No. 223, Jakarta","Jl. Thamrin No. 294, Surabaya",41.7,paket_sedang,regular,2022-10-17,2022-10-21,2022-10-23,delivered,479550,TRK2210170003
SHP02606,CUS0259,RTE060,"Jl. Sudirman No. 226, Denpasar","Jl. Mangga No. 74, Makassar",19.9,paket_kecil,express,2022-08-02,2022-08-05,2022-08-07,delivered,437800,TRK2208020004
SHP02607,CUS0304,RTE026,"Jl. Asia Afrika No. 202, Surabaya","Jl. Setiabudi No. 30, Solo",11.0,paket_kecil,express,2023-04-19,2023-04-20,,in_transit,220000,TRK2304190002
SHP02608,CUS0599,RTE039,"Jl. Veteran No. 261, Bandung","Jl. Anggrek No. 133, Denpasar",47.4,fragile,regular,2024-01-03,2024-01-07,2024-01-07,delivered,639900,TRK2401030001
SHP02609,CUS0249,RTE055,"Jl. Gatot Subroto No. 256, Makassar","Jl. Mangga No. 136, Surabaya",28.5,paket_besar,regular,2023-09-20,2023-09-24,2023-09-25,delivered,342000,TRK2309200005
SHP02610,CUS0363,RTE080,"Jl. Gajah Mada No. 234, Manado","Jl. Pajajaran No. 260, Gorontalo",43.8,paket_kecil,same_day,2023-01-31,2023-01-31,,returned,1445400,TRK2301310003
SHP02611,CUS0112,RTE064,"Jl. Margonda No. 148, Yogyakarta","Jl. Raya Bogor No. 74, Semarang",22.0,paket_kecil,regular,2022-09-29,2022-10-01,2022-10-04,delivered,165000,TRK2209290003
SHP02612,CUS0287,RTE004,"Jl. Pahlawan No. 110, Jakarta","Jl. Cempaka No. 107, Bekasi",19.8,paket_sedang,regular,2024-09-01,2024-09-02,2024-09-02,delivered,138600,TRK2409010006
SHP02613,CUS0473,RTE053,"Jl. Ahmad Yani No. 16, Makassar","Jl. Setiabudi No. 142, Denpasar",48.9,paket_kecil,regular,2023-11-20,2023-11-24,2023-11-25,delivered,562350,TRK2311200003
SHP02614,CUS0102,RTE011,"Jl. Pahlawan No. 283, Jakarta","Jl. Imam Bonjol No. 119, Medan",25.3,fragile,regular,2023-12-19,2023-12-24,2023-12-23,delivered,455400,TRK2312190002
SHP02615,CUS0140,RTE017,"Jl. Kenanga No. 83, Jakarta","Jl. Thamrin No. 245, Balikpapan",38.8,paket_kecil,express,2023-11-25,2023-11-28,2023-11-29,delivered,1396800,TRK2311250001
SHP02616,CUS0174,RTE068,"Jl. Margonda No. 70, Balikpapan","Jl. Mawar No. 216, Banjarmasin",24.6,paket_besar,regular,2023-02-27,2023-03-02,2023-03-03,delivered,233700,TRK2302270002
SHP02617,CUS0326,RTE034,"Jl. Merdeka No. 118, Bandung","Jl. Kebon Jeruk No. 234, Yogyakarta",9.8,paket_besar,same_day,2024-06-21,2024-06-21,2024-06-22,delivered,330750,TRK2406210002
SHP02618,CUS0222,RTE078,"Jl. Cendrawasih No. 297, Pontianak","Jl. Pahlawan No. 41, Balikpapan",41.3,paket_kecil,regular,2022-01-25,2022-01-29,2022-01-29,delivered,536900,TRK2201250006
SHP02619,CUS0002,RTE063,"Jl. Mawar No. 85, Yogyakarta","Jl. Gatot Subroto No. 132, Malang",9.8,paket_sedang,regular,2024-12-04,2024-12-07,2024-12-07,delivered,93100,TRK2412040002
SHP02620,CUS0583,RTE049,"Jl. Hayam Wuruk No. 111, Medan","Jl. Melati No. 35, Banda Aceh",18.1,paket_kecil,regular,2022-08-17,2022-08-20,2022-08-25,delivered,190050,TRK2208170003
SHP02621,CUS0365,RTE024,"Jl. Sudirman No. 287, Surabaya","Jl. Mangga No. 287, Bandung",9.8,paket_sedang,regular,2022-03-04,2022-03-08,2022-03-09,delivered,112700,TRK2203040001
SHP02622,CUS0582,RTE047,"Jl. Thamrin No. 244, Medan","Jl. Cempaka No. 108, Pekanbaru",42.1,paket_sedang,regular,2022-08-04,2022-08-07,2022-08-12,delivered,399950,TRK2208040003
SHP02623,CUS0488,RTE025,"Jl. Ahmad Yani No. 44, Surabaya","Jl. Pajajaran No. 160, Makassar",25.9,dokumen,same_day,2022-11-24,2022-11-24,2022-11-25,delivered,951825,TRK2211240004
SHP02624,CUS0465,RTE048,"Jl. Cempaka No. 14, Medan","Jl. Anggrek No. 77, Palembang",20.7,paket_besar,regular,2022-05-01,2022-05-06,2022-05-07,delivered,310500,TRK2205010008
SHP02625,CUS0177,RTE004,"Jl. Kenanga No. 245, Jakarta","Jl. Gatot Subroto No. 81, Bekasi",47.2,paket_kecil,express,2023-07-26,2023-07-27,2023-07-27,delivered,731600,TRK2307260001
SHP02626,CUS0252,RTE077,"Jl. Kebon Jeruk No. 166, Pontianak","Jl. Mangga No. 212, Singkawang",38.6,paket_kecil,regular,2022-06-04,2022-06-06,2022-06-08,delivered,308800,TRK2206040003
SHP02627,CUS0529,RTE060,"Jl. Gajah Mada No. 59, Denpasar","Jl. Mawar No. 185, Makassar",22.3,paket_sedang,regular,2022-12-09,2022-12-13,,in_transit,256450,TRK2212090003
SHP02628,CUS0202,RTE002,"Jl. Kenanga No. 270, Jakarta","Jl. Kenanga No. 30, Bogor",39.7,paket_besar,express,2023-08-03,2023-08-04,2023-08-07,delivered,635200,TRK2308030003
SHP02629,CUS0477,RTE044,"Jl. Sudirman No. 87, Semarang","Jl. Pajajaran No. 144, Denpasar",6.2,paket_kecil,regular,2022-04-07,2022-04-11,2022-04-11,delivered,71300,TRK2204070006
SHP02630,CUS0560,RTE055,"Jl. Melati No. 179, Makassar","Jl. Anggrek No. 249, Surabaya",16.3,paket_sedang,regular,2022-01-11,2022-01-15,2022-01-16,delivered,195600,TRK2201110002
SHP02631,CUS0589,RTE013,"Jl. Pemuda No. 172, Jakarta","Jl. Thamrin No. 152, Padang",31.0,fragile,regular,2023-05-24,2023-05-29,2023-05-29,delivered,480500,TRK2305240002
SHP02632,CUS0299,RTE051,"Jl. Diponegoro No. 229, Medan","Jl. Pahlawan No. 257, Batam",21.5,paket_kecil,express,2022-09-13,2022-09-15,2022-09-15,delivered,548250,TRK2209130004
SHP02633,CUS0138,RTE006,"Jl. Pemuda No. 116, Jakarta","Jl. Kebon Jeruk No. 284, Surabaya",13.6,paket_sedang,regular,2023-06-15,2023-06-19,2023-06-22,delivered,156400,TRK2306150003
SHP02634,CUS0150,RTE014,"Jl. Melati No. 198, Jakarta","Jl. Ahmad Yani No. 100, Pekanbaru",46.5,paket_sedang,regular,2023-08-10,2023-08-15,2023-08-15,delivered,651000,TRK2308100003
SHP02635,CUS0387,RTE058,"Jl. Ahmad Yani No. 18, Denpasar","Jl. Mawar No. 285, Surabaya",44.7,paket_sedang,express,2024-05-09,2024-05-10,2024-05-11,delivered,961050,TRK2405090001
SHP02636,CUS0369,RTE069,"Jl. Hayam Wuruk No. 229, Balikpapan","Jl. Ahmad Yani No. 39, Pontianak",47.9,dokumen,regular,2024-06-13,2024-06-17,2024-06-18,delivered,622700,TRK2406130002
SHP02637,CUS0155,RTE055,"Jl. Pemuda No. 47, Makassar","Jl. Anggrek No. 230, Surabaya",31.3,paket_sedang,regular,2025-01-06,2025-01-10,,in_transit,375600,TRK2501060006
SHP02638,CUS0325,RTE028,"Jl. Mawar No. 243, Surabaya","Jl. Thamrin No. 38, Balikpapan",48.4,paket_kecil,regular,2022-08-13,2022-08-17,2022-08-17,delivered,605000,TRK2208130002
SHP02639,CUS0273,RTE046,"Jl. Raya Bogor No. 268, Medan","Jl. Diponegoro No. 133, Padang",49.1,fragile,regular,2025-01-24,2025-01-27,,in_transit,540100,TRK2501240003
SHP02640,CUS0015,RTE035,"Jl. Mawar No. 2, Bandung","Jl. Pemuda No. 21, Surabaya",24.2,paket_sedang,regular,2023-12-07,2023-12-11,2023-12-11,delivered,278300,TRK2312070005
SHP02641,CUS0522,RTE058,"Jl. Gajah Mada No. 202, Denpasar","Jl. Mangga No. 92, Surabaya",49.3,paket_besar,express,2022-10-13,2022-10-14,,in_transit,1059950,TRK2210130002
SHP02642,CUS0052,RTE029,"Jl. Raya Bogor No. 82, Surabaya","Jl. Melati No. 107, Manado",48.2,paket_besar,regular,2022-10-16,2022-10-21,2022-10-21,delivered,819400,TRK2210160002
SHP02643,CUS0496,RTE024,"Jl. Gatot Subroto No. 80, Surabaya","Jl. Veteran No. 3, Bandung",1.4,paket_besar,regular,2024-11-02,2024-11-06,2024-11-09,delivered,16100,TRK2411020003
SHP02644,CUS0358,RTE076,"Jl. Asia Afrika No. 189, Palembang","Jl. Veteran No. 73, Jakarta",35.3,paket_kecil,same_day,2024-03-06,2024-03-06,2024-03-06,delivered,979575,TRK2403060002
SHP02645,CUS0008,RTE075,"Jl. Kenanga No. 1, Palembang","Jl. Hayam Wuruk No. 252, Padang",40.6,paket_kecil,express,2022-04-05,2022-04-08,,in_transit,1136800,TRK2204050004
SHP02646,CUS0211,RTE004,"Jl. Merdeka No. 138, Jakarta","Jl. Gatot Subroto No. 126, Bekasi",41.1,paket_sedang,express,2023-01-23,2023-01-24,2023-01-24,delivered,637050,TRK2301230002
SHP02647,CUS0528,RTE042,"Jl. Cendrawasih No. 275, Semarang","Jl. Ahmad Yani No. 228, Malang",43.3,paket_besar,regular,2024-10-17,2024-10-20,,returned,411350,TRK2410170002
SHP02648,CUS0045,RTE055,"Jl. Thamrin No. 13, Makassar","Jl. Melati No. 140, Surabaya",46.9,dokumen,regular,2023-05-06,2023-05-10,2023-05-10,delivered,562800,TRK2305060001
SHP02649,CUS0456,RTE005,"Jl. Thamrin No. 143, Jakarta","Jl. Pajajaran No. 41, Semarang",36.5,paket_sedang,regular,2023-08-05,2023-08-08,2023-08-08,delivered,346750,TRK2308050002
SHP02650,CUS0574,RTE057,"Jl. Gatot Subroto No. 196, Denpasar","Jl. Veteran No. 258, Mataram",45.5,paket_sedang,regular,2022-06-12,2022-06-14,,in_transit,364000,TRK2206120004
SHP02651,CUS0367,RTE062,"Jl. Margonda No. 251, Yogyakarta","Jl. Pemuda No. 4, Solo",37.0,paket_kecil,regular,2024-10-24,2024-10-25,2024-10-25,delivered,277500,TRK2410240003
SHP02652,CUS0125,RTE068,"Jl. Diponegoro No. 149, Balikpapan","Jl. Setiabudi No. 277, Banjarmasin",36.2,paket_kecil,regular,2022-12-15,2022-12-18,2022-12-19,delivered,343900,TRK2212150003
SHP02653,CUS0371,RTE030,"Jl. Kebon Jeruk No. 33, Surabaya","Jl. Ahmad Yani No. 56, Palembang",36.3,paket_sedang,express,2024-08-20,2024-08-23,2024-08-23,delivered,980100,TRK2408200009
SHP02654,CUS0213,RTE034,"Jl. Raya Bogor No. 293, Bandung","Jl. Pahlawan No. 43, Yogyakarta",31.7,paket_kecil,same_day,2023-03-25,2023-03-25,2023-03-26,delivered,1069875,TRK2303250003
SHP02655,CUS0600,RTE068,"Jl. Pahlawan No. 63, Balikpapan","Jl. Hayam Wuruk No. 289, Banjarmasin",39.3,dokumen,express,2022-09-09,2022-09-11,,in_transit,844950,TRK2209090002
SHP02656,CUS0217,RTE018,"Jl. Raya Bogor No. 4, Jakarta","Jl. Pemuda No. 140, Pontianak",47.4,paket_kecil,same_day,2023-12-21,2023-12-21,2023-12-21,delivered,1670850,TRK2312210003
SHP02657,CUS0495,RTE010,"Jl. Gajah Mada No. 137, Jakarta","Jl. Asia Afrika No. 238, Denpasar",32.5,paket_kecil,regular,2023-08-31,2023-09-04,2023-09-04,delivered,455000,TRK2308310003
SHP02658,CUS0562,RTE076,"Jl. Veteran No. 296, Palembang","Jl. Gatot Subroto No. 51, Jakarta",20.2,paket_besar,regular,2024-01-29,2024-02-01,2024-02-01,delivered,191900,TRK2401290004
SHP02659,CUS0411,RTE063,"Jl. Raya Bogor No. 231, Yogyakarta","Jl. Setiabudi No. 205, Malang",46.6,paket_besar,same_day,2024-06-05,2024-06-05,2024-06-05,delivered,1398000,TRK2406050002
SHP02660,CUS0258,RTE062,"Jl. Imam Bonjol No. 24, Yogyakarta","Jl. Kenanga No. 181, Solo",6.4,paket_sedang,same_day,2023-12-02,2023-12-02,,in_transit,153600,TRK2312020002
SHP02661,CUS0144,RTE076,"Jl. Cendrawasih No. 160, Palembang","Jl. Hayam Wuruk No. 165, Jakarta",46.3,dokumen,regular,2022-05-08,2022-05-11,2022-05-11,delivered,439850,TRK2205080002
SHP02662,CUS0551,RTE067,"Jl. Melati No. 271, Balikpapan","Jl. Diponegoro No. 286, Samarinda",25.1,fragile,regular,2024-01-09,2024-01-11,2024-01-11,delivered,188250,TRK2401090001
SHP02663,CUS0283,RTE019,"Jl. Pahlawan No. 3, Jakarta","Jl. Cendrawasih No. 40, Banjarmasin",34.4,paket_sedang,express,2022-03-25,2022-03-28,2022-03-28,delivered,1014800,TRK2203250002
SHP02664,CUS0175,RTE077,"Jl. Kenanga No. 240, Pontianak","Jl. Raya Bogor No. 119, Singkawang",32.3,paket_sedang,express,2023-07-19,2023-07-20,2023-07-19,delivered,565250,TRK2307190007
SHP02665,CUS0390,RTE062,"Jl. Diponegoro No. 157, Yogyakarta","Jl. Cendrawasih No. 222, Solo",10.2,dokumen,regular,2022-06-29,2022-06-30,2022-06-30,delivered,76500,TRK2206290001
SHP02666,CUS0057,RTE025,"Jl. Gatot Subroto No. 279, Surabaya","Jl. Margonda No. 98, Makassar",50.0,paket_besar,regular,2023-05-11,2023-05-15,2023-05-17,delivered,600000,TRK2305110001
SHP02667,CUS0081,RTE014,"Jl. Asia Afrika No. 261, Jakarta","Jl. Ahmad Yani No. 11, Pekanbaru",20.1,paket_kecil,express,2023-10-25,2023-10-28,2023-10-28,delivered,633150,TRK2310250005
SHP02668,CUS0511,RTE041,"Jl. Gajah Mada No. 69, Semarang","Jl. Margonda No. 149, Solo",17.8,paket_sedang,regular,2023-12-05,2023-12-07,2023-12-07,delivered,133500,TRK2312050003
SHP02669,CUS0198,RTE053,"Jl. Cempaka No. 235, Makassar","Jl. Ahmad Yani No. 178, Denpasar",22.8,fragile,regular,2023-10-12,2023-10-16,2023-10-16,delivered,262200,TRK2310120004
SHP02670,CUS0464,RTE074,"Jl. Kenanga No. 103, Palembang","Jl. Kebon Jeruk No. 257, Lampung",22.9,fragile,express,2023-05-10,2023-05-11,,in_transit,526700,TRK2305100005
SHP02671,CUS0337,RTE045,"Jl. Imam Bonjol No. 218, Semarang","Jl. Cempaka No. 222, Medan",48.7,paket_kecil,regular,2025-01-16,2025-01-22,2025-01-24,delivered,974000,TRK2501160005
SHP02672,CUS0589,RTE046,"Jl. Margonda No. 276, Medan","Jl. Cendrawasih No. 129, Padang",3.5,paket_sedang,regular,2023-11-01,2023-11-04,2023-11-07,delivered,38500,TRK2311010004
SHP02673,CUS0397,RTE006,"Jl. Margonda No. 63, Jakarta","Jl. Cempaka No. 299, Surabaya",49.7,paket_besar,same_day,2024-06-04,2024-06-04,2024-06-04,delivered,1714650,TRK2406040006
SHP02674,CUS0435,RTE078,"Jl. Pemuda No. 241, Pontianak","Jl. Cendrawasih No. 87, Balikpapan",29.6,paket_kecil,express,2025-01-04,2025-01-06,2025-01-06,delivered,828800,TRK2501040003
SHP02675,CUS0442,RTE068,"Jl. Gajah Mada No. 60, Balikpapan","Jl. Melati No. 235, Banjarmasin",9.6,paket_sedang,same_day,2022-04-10,2022-04-10,2022-04-10,delivered,309600,TRK2204100002
SHP02676,CUS0005,RTE017,"Jl. Kebon Jeruk No. 254, Jakarta","Jl. Gatot Subroto No. 30, Balikpapan",34.0,fragile,regular,2022-09-18,2022-09-23,2022-09-25,delivered,510000,TRK2209180003
SHP02677,CUS0193,RTE070,"Jl. Raya Bogor No. 233, Balikpapan","Jl. Pahlawan No. 52, Makassar",45.8,paket_kecil,regular,2022-06-04,2022-06-08,2022-06-09,delivered,526700,TRK2206040004
SHP02678,CUS0281,RTE046,"Jl. Pajajaran No. 196, Medan","Jl. Pahlawan No. 157, Padang",40.8,paket_besar,regular,2023-01-10,2023-01-13,,lost,448800,TRK2301100007
SHP02679,CUS0155,RTE005,"Jl. Asia Afrika No. 201, Jakarta","Jl. Hayam Wuruk No. 218, Semarang",20.5,paket_sedang,regular,2023-03-11,2023-03-14,2023-03-19,delivered,194750,TRK2303110004
SHP02680,CUS0362,RTE005,"Jl. Anggrek No. 80, Jakarta","Jl. Pemuda No. 97, Semarang",36.6,paket_kecil,regular,2023-05-08,2023-05-11,2023-05-12,delivered,347700,TRK2305080005
SHP02681,CUS0094,RTE036,"Jl. Sudirman No. 121, Bandung","Jl. Thamrin No. 254, Solo",15.8,fragile,express,2024-12-15,2024-12-17,,in_transit,331800,TRK2412150002
SHP02682,CUS0291,RTE009,"Jl. Raya Bogor No. 141, Jakarta","Jl. Pahlawan No. 32, Malang",7.1,paket_kecil,regular,2023-01-24,2023-01-28,2023-01-30,delivered,85200,TRK2301240004
SHP02683,CUS0355,RTE007,"Jl. Melati No. 144, Jakarta","Jl. Gajah Mada No. 8, Yogyakarta",38.0,paket_besar,regular,2023-05-21,2023-05-24,2023-05-27,delivered,399000,TRK2305210003
SHP02684,CUS0528,RTE007,"Jl. Mangga No. 290, Jakarta","Jl. Cempaka No. 239, Yogyakarta",1.3,paket_kecil,regular,2023-09-12,2023-09-15,,in_transit,13650,TRK2309120003
SHP02685,CUS0208,RTE012,"Jl. Sudirman No. 7, Jakarta","Jl. Mawar No. 248, Palembang",4.9,paket_sedang,regular,2023-11-04,2023-11-07,2023-11-09,delivered,46550,TRK2311040002
SHP02686,CUS0248,RTE017,"Jl. Setiabudi No. 251, Jakarta","Jl. Melati No. 113, Balikpapan",24.5,paket_kecil,regular,2024-06-21,2024-06-26,2024-06-26,delivered,367500,TRK2406210003
SHP02687,CUS0449,RTE017,"Jl. Mawar No. 183, Jakarta","Jl. Melati No. 116, Balikpapan",16.9,paket_kecil,regular,2023-08-14,2023-08-19,2023-08-20,delivered,253500,TRK2308140005
SHP02688,CUS0100,RTE024,"Jl. Imam Bonjol No. 209, Surabaya","Jl. Cendrawasih No. 55, Bandung",17.0,paket_sedang,express,2023-03-21,2023-03-23,2023-03-25,delivered,399500,TRK2303210002
SHP02689,CUS0591,RTE017,"Jl. Cempaka No. 137, Jakarta","Jl. Pahlawan No. 237, Balikpapan",35.4,paket_besar,regular,2023-12-10,2023-12-15,2023-12-15,delivered,531000,TRK2312100002
SHP02690,CUS0101,RTE027,"Jl. Ahmad Yani No. 114, Surabaya","Jl. Kebon Jeruk No. 128, Medan",28.5,paket_sedang,express,2025-01-10,2025-01-13,,delivered,1225500,TRK2501100006
SHP02691,CUS0339,RTE065,"Jl. Pahlawan No. 148, Yogyakarta","Jl. Mawar No. 243, Surabaya",9.5,paket_besar,express,2022-05-24,2022-05-25,2022-05-27,delivered,161500,TRK2205240002
SHP02692,CUS0045,RTE029,"Jl. Mawar No. 58, Surabaya","Jl. Margonda No. 57, Manado",7.5,paket_sedang,express,2023-05-12,2023-05-15,2023-05-16,delivered,262500,TRK2305120006
SHP02693,CUS0372,RTE041,"Jl. Mawar No. 45, Semarang","Jl. Pemuda No. 93, Solo",4.3,paket_besar,regular,2023-01-18,2023-01-20,2023-01-25,delivered,32250,TRK2301180005
SHP02694,CUS0035,RTE051,"Jl. Kebon Jeruk No. 167, Medan","Jl. Cempaka No. 46, Batam",2.4,paket_besar,regular,2023-01-24,2023-01-28,2023-01-28,delivered,28800,TRK2301240005
SHP02695,CUS0221,RTE051,"Jl. Ahmad Yani No. 149, Medan","Jl. Ahmad Yani No. 108, Batam",41.2,paket_besar,express,2024-05-06,2024-05-08,2024-05-09,delivered,1050600,TRK2405060002
SHP02696,CUS0259,RTE019,"Jl. Pahlawan No. 4, Jakarta","Jl. Kebon Jeruk No. 29, Banjarmasin",23.2,paket_kecil,regular,2024-03-26,2024-03-30,2024-04-01,delivered,313200,TRK2403260001
SHP02697,CUS0245,RTE041,"Jl. Pahlawan No. 237, Semarang","Jl. Anggrek No. 25, Solo",42.4,paket_sedang,regular,2025-01-21,2025-01-23,2025-01-23,delivered,318000,TRK2501210002
SHP02698,CUS0494,RTE014,"Jl. Thamrin No. 112, Jakarta","Jl. Merdeka No. 277, Pekanbaru",37.6,paket_kecil,regular,2022-03-31,2022-04-05,2022-04-06,delivered,526400,TRK2203310002
SHP02699,CUS0062,RTE055,"Jl. Merdeka No. 72, Makassar","Jl. Hayam Wuruk No. 264, Surabaya",36.6,paket_sedang,express,2024-07-02,2024-07-05,2024-07-08,delivered,988200,TRK2407020004
SHP02700,CUS0291,RTE052,"Jl. Gajah Mada No. 283, Makassar","Jl. Cendrawasih No. 62, Manado",24.0,paket_sedang,regular,2024-08-05,2024-08-10,2024-08-11,delivered,360000,TRK2408050004
SHP02701,CUS0248,RTE038,"Jl. Ahmad Yani No. 216, Bandung","Jl. Kebon Jeruk No. 111, Cirebon",11.1,paket_besar,regular,2023-12-26,2023-12-28,2023-12-29,delivered,88800,TRK2312260004
SHP02702,CUS0424,RTE068,"Jl. Pemuda No. 34, Balikpapan","Jl. Hayam Wuruk No. 152, Banjarmasin",37.5,paket_besar,regular,2022-09-05,2022-09-08,2022-09-09,delivered,356250,TRK2209050003
SHP02703,CUS0507,RTE027,"Jl. Hayam Wuruk No. 35, Surabaya","Jl. Anggrek No. 188, Medan",5.5,paket_besar,express,2024-03-21,2024-03-24,2024-03-25,delivered,236500,TRK2403210002
SHP02704,CUS0396,RTE046,"Jl. Margonda No. 290, Medan","Jl. Gajah Mada No. 297, Padang",20.5,paket_besar,regular,2022-03-27,2022-03-30,2022-04-01,delivered,225500,TRK2203270005
SHP02705,CUS0235,RTE029,"Jl. Mawar No. 162, Surabaya","Jl. Diponegoro No. 94, Manado",28.5,paket_kecil,regular,2024-11-22,2024-11-27,2024-11-27,delivered,484500,TRK2411220003
SHP02706,CUS0144,RTE012,"Jl. Sudirman No. 289, Jakarta","Jl. Pahlawan No. 95, Palembang",48.5,paket_kecil,regular,2023-06-28,2023-07-01,2023-07-01,delivered,460750,TRK2306280004
SHP02707,CUS0492,RTE076,"Jl. Kebon Jeruk No. 189, Palembang","Jl. Pajajaran No. 102, Jakarta",22.7,paket_kecil,express,2024-03-23,2024-03-25,,returned,419950,TRK2403230002
SHP02708,CUS0424,RTE006,"Jl. Ahmad Yani No. 36, Jakarta","Jl. Pemuda No. 74, Surabaya",46.8,paket_kecil,regular,2023-01-14,2023-01-18,,returned,538200,TRK2301140002
SHP02709,CUS0484,RTE006,"Jl. Kenanga No. 40, Jakarta","Jl. Veteran No. 250, Surabaya",7.8,paket_sedang,regular,2022-09-07,2022-09-11,2022-09-10,delivered,89700,TRK2209070004
SHP02710,CUS0206,RTE047,"Jl. Kebon Jeruk No. 77, Medan","Jl. Pemuda No. 98, Pekanbaru",30.3,paket_kecil,express,2024-01-27,2024-01-29,2024-01-28,delivered,651450,TRK2401270004
SHP02711,CUS0313,RTE073,"Jl. Imam Bonjol No. 69, Pekanbaru","Jl. Kenanga No. 134, Medan",1.4,paket_besar,express,2023-11-04,2023-11-05,2023-11-05,delivered,32200,TRK2311040003
SHP02712,CUS0056,RTE070,"Jl. Mawar No. 276, Balikpapan","Jl. Merdeka No. 151, Makassar",37.6,paket_sedang,express,2022-02-19,2022-02-21,2022-02-21,delivered,1015200,TRK2202190005
SHP02713,CUS0449,RTE065,"Jl. Diponegoro No. 160, Yogyakarta","Jl. Pemuda No. 205, Surabaya",21.6,paket_kecil,express,2023-09-25,2023-09-26,,in_transit,367200,TRK2309250003
SHP02714,CUS0576,RTE029,"Jl. Cendrawasih No. 3, Surabaya","Jl. Raya Bogor No. 290, Manado",31.7,paket_kecil,regular,2024-11-01,2024-11-06,2024-11-06,delivered,538900,TRK2411010006
SHP02715,CUS0365,RTE003,"Jl. Anggrek No. 168, Jakarta","Jl. Hayam Wuruk No. 297, Tangerang",9.1,paket_besar,regular,2022-12-05,2022-12-06,2022-12-07,delivered,63700,TRK2212050001
SHP02716,CUS0189,RTE049,"Jl. Imam Bonjol No. 290, Medan","Jl. Setiabudi No. 75, Banda Aceh",10.6,fragile,regular,2023-11-02,2023-11-05,2023-11-05,delivered,111300,TRK2311020004
SHP02717,CUS0163,RTE063,"Jl. Veteran No. 156, Yogyakarta","Jl. Margonda No. 212, Malang",46.1,paket_besar,express,2022-12-06,2022-12-07,,in_transit,922000,TRK2212060007
SHP02718,CUS0485,RTE008,"Jl. Pajajaran No. 139, Jakarta","Jl. Mawar No. 91, Solo",9.7,paket_sedang,regular,2023-06-03,2023-06-06,2023-06-07,delivered,101850,TRK2306030003
SHP02719,CUS0441,RTE054,"Jl. Imam Bonjol No. 54, Makassar","Jl. Thamrin No. 181, Balikpapan",5.1,fragile,express,2024-03-02,2024-03-04,2024-03-04,delivered,117300,TRK2403020003
SHP02720,CUS0050,RTE049,"Jl. Anggrek No. 203, Medan","Jl. Pahlawan No. 258, Banda Aceh",40.7,paket_kecil,same_day,2024-11-30,2024-11-30,2024-12-01,delivered,1556775,TRK2411300001
SHP02721,CUS0483,RTE079,"Jl. Pahlawan No. 140, Pontianak","Jl. Ahmad Yani No. 131, Jakarta",44.5,paket_besar,express,2024-01-08,2024-01-11,2024-01-11,delivered,1001250,TRK2401080005
SHP02722,CUS0438,RTE080,"Jl. Margonda No. 166, Manado","Jl. Cendrawasih No. 45, Gorontalo",11.6,paket_kecil,regular,2025-01-11,2025-01-14,2025-01-14,delivered,110200,TRK2501110004
SHP02723,CUS0241,RTE013,"Jl. Kenanga No. 127, Jakarta","Jl. Kenanga No. 15, Padang",6.2,paket_sedang,regular,2023-07-03,2023-07-08,2023-07-09,delivered,96100,TRK2307030003
SHP02724,CUS0600,RTE009,"Jl. Diponegoro No. 105, Jakarta","Jl. Melati No. 253, Malang",30.2,paket_besar,express,2022-01-05,2022-01-07,2022-01-07,delivered,860700,TRK2201050003
SHP02725,CUS0162,RTE021,"Jl. Sudirman No. 40, Surabaya","Jl. Imam Bonjol No. 111, Yogyakarta",4.9,paket_besar,regular,2022-03-05,2022-03-08,,in_transit,44100,TRK2203050004
SHP02726,CUS0007,RTE020,"Jl. Veteran No. 297, Surabaya","Jl. Asia Afrika No. 187, Malang",7.7,dokumen,regular,2023-05-12,2023-05-13,2023-05-15,delivered,57750,TRK2305120007
SHP02727,CUS0405,RTE028,"Jl. Raya Bogor No. 35, Surabaya","Jl. Pemuda No. 3, Balikpapan",29.7,paket_kecil,regular,2024-09-20,2024-09-24,2024-09-23,delivered,371250,TRK2409200002
SHP02728,CUS0251,RTE016,"Jl. Kenanga No. 219, Jakarta","Jl. Melati No. 96, Manado",1.8,paket_kecil,express,2023-12-14,2023-12-17,2023-12-18,delivered,94500,TRK2312140004
SHP02729,CUS0251,RTE013,"Jl. Raya Bogor No. 234, Jakarta","Jl. Melati No. 164, Padang",20.0,paket_sedang,express,2022-01-29,2022-02-01,2022-01-31,delivered,650000,TRK2201290002
SHP02730,CUS0006,RTE014,"Jl. Kebon Jeruk No. 298, Jakarta","Jl. Kebon Jeruk No. 41, Pekanbaru",47.6,paket_kecil,regular,2023-03-12,2023-03-17,2023-03-19,delivered,666400,TRK2303120001
SHP02731,CUS0179,RTE038,"Jl. Pemuda No. 272, Bandung","Jl. Veteran No. 132, Cirebon",49.6,paket_besar,express,2024-09-12,2024-09-13,,in_transit,843200,TRK2409120004
SHP02732,CUS0117,RTE048,"Jl. Gatot Subroto No. 161, Medan","Jl. Pemuda No. 253, Palembang",15.3,paket_sedang,regular,2024-08-10,2024-08-15,2024-08-20,delivered,229500,TRK2408100001
SHP02733,CUS0060,RTE071,"Jl. Mawar No. 6, Pekanbaru","Jl. Diponegoro No. 248, Padang",7.1,fragile,regular,2023-06-06,2023-06-08,2023-06-08,delivered,60350,TRK2306060003
SHP02734,CUS0244,RTE067,"Jl. Sudirman No. 280, Balikpapan","Jl. Pajajaran No. 104, Samarinda",14.2,paket_besar,express,2022-08-22,2022-08-23,,in_transit,241400,TRK2208220002
SHP02735,CUS0184,RTE027,"Jl. Pahlawan No. 58, Surabaya","Jl. Imam Bonjol No. 7, Medan",1.3,paket_besar,same_day,2023-03-16,2023-03-16,2023-03-16,delivered,83850,TRK2303160002
SHP02736,CUS0078,RTE070,"Jl. Veteran No. 72, Balikpapan","Jl. Raya Bogor No. 180, Makassar",9.4,paket_sedang,regular,2024-01-10,2024-01-14,2024-01-14,delivered,108100,TRK2401100001
SHP02737,CUS0044,RTE021,"Jl. Gatot Subroto No. 113, Surabaya","Jl. Asia Afrika No. 51, Yogyakarta",21.9,paket_sedang,same_day,2023-08-18,2023-08-18,2023-08-18,delivered,657000,TRK2308180002
SHP02738,CUS0221,RTE022,"Jl. Imam Bonjol No. 253, Surabaya","Jl. Raya Bogor No. 14, Semarang",5.2,paket_besar,regular,2024-07-02,2024-07-05,2024-07-06,delivered,46800,TRK2407020005
SHP02739,CUS0116,RTE056,"Jl. Mawar No. 275, Makassar","Jl. Cendrawasih No. 70, Kendari",47.7,dokumen,regular,2022-07-16,2022-07-19,,in_transit,453150,TRK2207160008
SHP02740,CUS0342,RTE025,"Jl. Anggrek No. 204, Surabaya","Jl. Ahmad Yani No. 87, Makassar",21.7,paket_kecil,regular,2022-12-16,2022-12-20,2022-12-20,delivered,260400,TRK2212160004
SHP02741,CUS0588,RTE039,"Jl. Gatot Subroto No. 248, Bandung","Jl. Raya Bogor No. 174, Denpasar",10.5,paket_besar,regular,2022-01-25,2022-01-29,,in_transit,141750,TRK2201250007
SHP02742,CUS0370,RTE026,"Jl. Gatot Subroto No. 268, Surabaya","Jl. Ahmad Yani No. 39, Solo",3.1,paket_kecil,regular,2023-10-23,2023-10-25,,in_transit,26350,TRK2310230006
SHP02743,CUS0328,RTE001,"Jl. Anggrek No. 133, Jakarta","Jl. Anggrek No. 164, Bandung",8.3,paket_kecil,express,2024-07-03,2024-07-04,2024-07-04,delivered,141100,TRK2407030003
SHP02744,CUS0509,RTE065,"Jl. Ahmad Yani No. 224, Yogyakarta","Jl. Mawar No. 252, Surabaya",2.6,dokumen,express,2023-04-11,2023-04-12,2023-04-17,delivered,44200,TRK2304110002
SHP02745,CUS0461,RTE051,"Jl. Ahmad Yani No. 151, Medan","Jl. Thamrin No. 174, Batam",46.7,paket_kecil,regular,2022-01-16,2022-01-20,,in_transit,560400,TRK2201160006
SHP02746,CUS0087,RTE064,"Jl. Pahlawan No. 227, Yogyakarta","Jl. Pahlawan No. 233, Semarang",32.1,fragile,regular,2022-10-09,2022-10-11,,in_transit,240750,TRK2210090006
SHP02747,CUS0562,RTE024,"Jl. Mangga No. 14, Surabaya","Jl. Asia Afrika No. 281, Bandung",45.4,paket_kecil,regular,2022-08-10,2022-08-14,,in_transit,522100,TRK2208100002
SHP02748,CUS0093,RTE021,"Jl. Gatot Subroto No. 99, Surabaya","Jl. Ahmad Yani No. 15, Yogyakarta",21.4,paket_kecil,regular,2024-12-29,2025-01-01,,returned,192600,TRK2412290002
SHP02749,CUS0032,RTE010,"Jl. Cempaka No. 21, Jakarta","Jl. Gajah Mada No. 16, Denpasar",9.0,dokumen,regular,2022-05-12,2022-05-16,2022-05-16,delivered,126000,TRK2205120005
SHP02750,CUS0481,RTE035,"Jl. Melati No. 40, Bandung","Jl. Pajajaran No. 46, Surabaya",23.1,paket_sedang,regular,2025-01-12,2025-01-16,2025-01-16,delivered,265650,TRK2501120003
SHP02751,CUS0451,RTE073,"Jl. Cendrawasih No. 262, Pekanbaru","Jl. Kenanga No. 208, Medan",47.6,paket_sedang,regular,2022-12-01,2022-12-04,,returned,452200,TRK2212010002
SHP02752,CUS0261,RTE008,"Jl. Mawar No. 13, Jakarta","Jl. Pemuda No. 153, Solo",27.2,dokumen,regular,2025-01-15,2025-01-18,2025-01-23,delivered,285600,TRK2501150002
SHP02753,CUS0534,RTE016,"Jl. Mangga No. 32, Jakarta","Jl. Asia Afrika No. 52, Manado",49.8,fragile,regular,2023-11-18,2023-11-25,2023-11-26,delivered,1070700,TRK2311180003
SHP02754,CUS0512,RTE052,"Jl. Mawar No. 225, Makassar","Jl. Cendrawasih No. 37, Manado",29.3,paket_kecil,regular,2024-03-28,2024-04-02,2024-04-04,delivered,439500,TRK2403280003
SHP02755,CUS0099,RTE062,"Jl. Thamrin No. 291, Yogyakarta","Jl. Diponegoro No. 49, Solo",22.5,paket_kecil,regular,2024-09-16,2024-09-17,2024-09-20,delivered,168750,TRK2409160004
SHP02756,CUS0478,RTE006,"Jl. Diponegoro No. 79, Jakarta","Jl. Raya Bogor No. 106, Surabaya",27.8,paket_kecil,regular,2023-04-17,2023-04-21,2023-04-21,delivered,319700,TRK2304170003
SHP02757,CUS0517,RTE021,"Jl. Mawar No. 236, Surabaya","Jl. Raya Bogor No. 70, Yogyakarta",16.2,paket_kecil,regular,2022-05-02,2022-05-05,2022-05-06,delivered,145800,TRK2205020003
SHP02758,CUS0362,RTE076,"Jl. Kebon Jeruk No. 94, Palembang","Jl. Kenanga No. 138, Jakarta",26.3,paket_sedang,regular,2024-01-09,2024-01-12,2024-01-14,delivered,249850,TRK2401090002
SHP02759,CUS0511,RTE023,"Jl. Mawar No. 88, Surabaya","Jl. Cempaka No. 98, Denpasar",10.8,paket_besar,express,2024-08-25,2024-08-26,2024-08-29,delivered,226800,TRK2408250002
SHP02760,CUS0017,RTE021,"Jl. Margonda No. 131, Surabaya","Jl. Sudirman No. 125, Yogyakarta",28.8,paket_sedang,regular,2023-02-05,2023-02-08,2023-02-10,delivered,259200,TRK2302050003
SHP02761,CUS0542,RTE040,"Jl. Setiabudi No. 197, Semarang","Jl. Pemuda No. 274, Yogyakarta",14.4,paket_kecil,regular,2023-05-24,2023-05-26,2023-05-27,delivered,108000,TRK2305240003
SHP02762,CUS0239,RTE041,"Jl. Pajajaran No. 202, Semarang","Jl. Raya Bogor No. 178, Solo",6.6,paket_kecil,regular,2024-05-02,2024-05-04,,in_transit,49500,TRK2405020004
SHP02763,CUS0465,RTE052,"Jl. Pahlawan No. 80, Makassar","Jl. Melati No. 128, Manado",16.7,fragile,regular,2023-04-26,2023-05-01,2023-05-04,delivered,250500,TRK2304260005
SHP02764,CUS0004,RTE050,"Jl. Kebon Jeruk No. 81, Medan","Jl. Thamrin No. 54, Jakarta",20.6,paket_kecil,regular,2022-05-02,2022-05-07,2022-05-07,delivered,370800,TRK2205020004
SHP02765,CUS0137,RTE012,"Jl. Gajah Mada No. 204, Jakarta","Jl. Margonda No. 101, Palembang",12.8,paket_sedang,regular,2022-12-29,2023-01-01,2023-01-06,delivered,121600,TRK2212290002
SHP02766,CUS0426,RTE028,"Jl. Imam Bonjol No. 88, Surabaya","Jl. Anggrek No. 285, Balikpapan",21.0,paket_besar,regular,2024-01-17,2024-01-21,2024-01-22,delivered,262500,TRK2401170003
SHP02767,CUS0291,RTE036,"Jl. Ahmad Yani No. 187, Bandung","Jl. Gajah Mada No. 61, Solo",37.0,paket_besar,regular,2023-02-21,2023-02-24,2023-02-24,delivered,351500,TRK2302210004
SHP02768,CUS0298,RTE019,"Jl. Gatot Subroto No. 40, Jakarta","Jl. Asia Afrika No. 240, Banjarmasin",17.0,paket_besar,regular,2023-08-24,2023-08-28,2023-09-02,delivered,229500,TRK2308240004
SHP02769,CUS0341,RTE062,"Jl. Kebon Jeruk No. 148, Yogyakarta","Jl. Pahlawan No. 42, Solo",31.6,paket_sedang,regular,2023-01-03,2023-01-04,2023-01-07,delivered,237000,TRK2301030004
SHP02770,CUS0308,RTE049,"Jl. Veteran No. 259, Medan","Jl. Asia Afrika No. 188, Banda Aceh",3.8,paket_sedang,regular,2024-04-15,2024-04-18,2024-04-18,delivered,39900,TRK2404150005
SHP02771,CUS0503,RTE079,"Jl. Pahlawan No. 129, Pontianak","Jl. Raya Bogor No. 199, Jakarta",14.5,paket_sedang,express,2024-06-24,2024-06-27,2024-06-27,delivered,326250,TRK2406240003
SHP02772,CUS0452,RTE027,"Jl. Hayam Wuruk No. 110, Surabaya","Jl. Kebon Jeruk No. 271, Medan",44.1,paket_kecil,express,2022-08-31,2022-09-03,2022-09-03,delivered,1896300,TRK2208310005
SHP02773,CUS0003,RTE008,"Jl. Mawar No. 162, Jakarta","Jl. Asia Afrika No. 134, Solo",18.5,fragile,regular,2024-12-19,2024-12-22,2024-12-22,delivered,194250,TRK2412190005
SHP02774,CUS0285,RTE062,"Jl. Mangga No. 91, Yogyakarta","Jl. Raya Bogor No. 121, Solo",2.5,fragile,express,2022-12-18,2022-12-19,,in_transit,40000,TRK2212180005
SHP02775,CUS0267,RTE042,"Jl. Pajajaran No. 101, Semarang","Jl. Gatot Subroto No. 14, Malang",36.2,dokumen,regular,2024-04-08,2024-04-11,,returned,343900,TRK2404080003
SHP02776,CUS0308,RTE031,"Jl. Pajajaran No. 245, Surabaya","Jl. Kenanga No. 197, Pekanbaru",47.0,paket_kecil,same_day,2022-04-08,2022-04-08,2022-04-13,delivered,2855250,TRK2204080002
SHP02777,CUS0073,RTE035,"Jl. Kebon Jeruk No. 213, Bandung","Jl. Sudirman No. 218, Surabaya",21.1,paket_besar,regular,2022-08-22,2022-08-26,2022-08-28,delivered,242650,TRK2208220003
SHP02778,CUS0387,RTE077,"Jl. Kebon Jeruk No. 212, Pontianak","Jl. Veteran No. 229, Singkawang",45.7,paket_sedang,regular,2022-05-11,2022-05-13,2022-05-14,delivered,365600,TRK2205110002
SHP02779,CUS0503,RTE077,"Jl. Margonda No. 19, Pontianak","Jl. Imam Bonjol No. 174, Singkawang",0.5,dokumen,same_day,2023-06-30,2023-06-30,2023-06-30,delivered,13125,TRK2306300002
SHP02780,CUS0359,RTE075,"Jl. Sudirman No. 53, Palembang","Jl. Asia Afrika No. 85, Padang",16.0,paket_kecil,regular,2022-06-16,2022-06-20,2022-06-20,delivered,216000,TRK2206160002
SHP02781,CUS0002,RTE033,"Jl. Setiabudi No. 27, Bandung","Jl. Pahlawan No. 247, Semarang",8.3,fragile,express,2025-01-13,2025-01-15,,in_transit,157700,TRK2501130003
SHP02782,CUS0426,RTE066,"Jl. Veteran No. 69, Yogyakarta","Jl. Asia Afrika No. 89, Bandung",3.1,paket_kecil,regular,2023-06-26,2023-06-29,2023-07-01,delivered,29450,TRK2306260007
SHP02783,CUS0562,RTE038,"Jl. Diponegoro No. 191, Bandung","Jl. Thamrin No. 237, Cirebon",31.0,paket_besar,express,2024-07-16,2024-07-17,2024-07-18,delivered,527000,TRK2407160002
SHP02784,CUS0268,RTE021,"Jl. Thamrin No. 32, Surabaya","Jl. Kebon Jeruk No. 35, Yogyakarta",14.4,paket_kecil,regular,2022-10-07,2022-10-10,2022-10-10,delivered,129600,TRK2210070002
SHP02785,CUS0015,RTE061,"Jl. Veteran No. 251, Denpasar","Jl. Pahlawan No. 127, Yogyakarta",35.3,paket_sedang,regular,2022-05-19,2022-05-22,,lost,388300,TRK2205190003
SHP02786,CUS0363,RTE075,"Jl. Gajah Mada No. 87, Palembang","Jl. Anggrek No. 165, Padang",37.0,paket_besar,express,2023-07-14,2023-07-17,,in_transit,1036000,TRK2307140005
SHP02787,CUS0468,RTE042,"Jl. Raya Bogor No. 241, Semarang","Jl. Margonda No. 224, Malang",10.7,paket_besar,express,2024-10-28,2024-10-29,2024-10-29,delivered,197950,TRK2410280002
SHP02788,CUS0236,RTE004,"Jl. Hayam Wuruk No. 161, Jakarta","Jl. Melati No. 245, Bekasi",28.8,paket_sedang,express,2024-12-30,2024-12-31,2025-01-02,delivered,446400,TRK2412300003
SHP02789,CUS0214,RTE050,"Jl. Mawar No. 223, Medan","Jl. Sudirman No. 241, Jakarta",15.7,paket_sedang,regular,2024-01-26,2024-01-31,2024-02-01,delivered,282600,TRK2401260002
SHP02790,CUS0280,RTE069,"Jl. Asia Afrika No. 163, Balikpapan","Jl. Sudirman No. 144, Pontianak",40.9,paket_kecil,regular,2023-04-30,2023-05-04,,in_transit,531700,TRK2304300003
SHP02791,CUS0350,RTE056,"Jl. Pajajaran No. 14, Makassar","Jl. Diponegoro No. 272, Kendari",17.8,paket_sedang,regular,2024-02-24,2024-02-27,,delivered,169100,TRK2402240001
SHP02792,CUS0436,RTE002,"Jl. Cempaka No. 215, Jakarta","Jl. Merdeka No. 183, Bogor",15.4,paket_sedang,regular,2022-02-05,2022-02-06,2022-02-09,delivered,115500,TRK2202050002
SHP02793,CUS0335,RTE011,"Jl. Pahlawan No. 45, Jakarta","Jl. Thamrin No. 46, Medan",25.1,paket_kecil,regular,2022-10-08,2022-10-13,,delivered,451800,TRK2210080004
SHP02794,CUS0389,RTE040,"Jl. Kebon Jeruk No. 147, Semarang","Jl. Asia Afrika No. 270, Yogyakarta",1.3,paket_besar,regular,2023-12-09,2023-12-11,,returned,9750,TRK2312090002
SHP02795,CUS0597,RTE038,"Jl. Thamrin No. 257, Bandung","Jl. Gajah Mada No. 120, Cirebon",16.2,paket_kecil,regular,2022-11-19,2022-11-21,,in_transit,129600,TRK2211190001
SHP02796,CUS0284,RTE032,"Jl. Melati No. 233, Bandung","Jl. Setiabudi No. 170, Bogor",2.0,paket_sedang,regular,2024-01-13,2024-01-15,2024-01-17,delivered,16000,TRK2401130003
SHP02797,CUS0331,RTE059,"Jl. Veteran No. 249, Denpasar","Jl. Ahmad Yani No. 287, Lombok",40.6,paket_besar,regular,2022-11-13,2022-11-15,2022-11-15,delivered,324800,TRK2211130002
SHP02798,CUS0175,RTE022,"Jl. Hayam Wuruk No. 283, Surabaya","Jl. Pemuda No. 215, Semarang",23.0,paket_sedang,express,2022-04-16,2022-04-17,2022-04-17,delivered,414000,TRK2204160001
SHP02799,CUS0504,RTE042,"Jl. Setiabudi No. 87, Semarang","Jl. Pahlawan No. 246, Malang",29.5,paket_sedang,regular,2023-07-15,2023-07-18,2023-07-19,delivered,280250,TRK2307150001
SHP02800,CUS0439,RTE042,"Jl. Pahlawan No. 108, Semarang","Jl. Cempaka No. 204, Malang",24.9,paket_sedang,express,2022-04-19,2022-04-20,,returned,460650,TRK2204190003
SHP02801,CUS0146,RTE008,"Jl. Veteran No. 265, Jakarta","Jl. Hayam Wuruk No. 138, Solo",2.0,dokumen,express,2023-06-22,2023-06-24,2023-06-26,delivered,50000,TRK2306220006
SHP02802,CUS0351,RTE074,"Jl. Margonda No. 43, Palembang","Jl. Diponegoro No. 145, Lampung",7.3,paket_sedang,regular,2024-08-20,2024-08-23,2024-08-26,delivered,69350,TRK2408200010
SHP02803,CUS0227,RTE070,"Jl. Hayam Wuruk No. 36, Balikpapan","Jl. Margonda No. 104, Makassar",33.8,paket_sedang,express,2024-02-08,2024-02-10,2024-02-12,delivered,912600,TRK2402080003
SHP02804,CUS0342,RTE021,"Jl. Cempaka No. 146, Surabaya","Jl. Cendrawasih No. 37, Yogyakarta",15.7,paket_besar,same_day,2022-12-10,2022-12-10,2022-12-10,delivered,471000,TRK2212100005
SHP02805,CUS0061,RTE066,"Jl. Gajah Mada No. 73, Yogyakarta","Jl. Sudirman No. 204, Bandung",39.6,paket_kecil,regular,2022-06-06,2022-06-09,2022-06-09,delivered,376200,TRK2206060005
SHP02806,CUS0511,RTE068,"Jl. Melati No. 97, Balikpapan","Jl. Mawar No. 74, Banjarmasin",26.1,paket_sedang,regular,2023-01-22,2023-01-25,2023-01-26,delivered,247950,TRK2301220002
SHP02807,CUS0520,RTE006,"Jl. Pemuda No. 53, Jakarta","Jl. Margonda No. 34, Surabaya",24.1,paket_besar,regular,2022-04-09,2022-04-13,,in_transit,277150,TRK2204090004
SHP02808,CUS0252,RTE026,"Jl. Pajajaran No. 119, Surabaya","Jl. Thamrin No. 259, Solo",40.8,paket_kecil,regular,2024-12-19,2024-12-21,2024-12-22,delivered,346800,TRK2412190006
SHP02809,CUS0256,RTE054,"Jl. Kebon Jeruk No. 221, Makassar","Jl. Thamrin No. 93, Balikpapan",33.9,paket_sedang,regular,2022-06-28,2022-07-02,2022-07-02,delivered,389850,TRK2206280003
SHP02810,CUS0567,RTE070,"Jl. Thamrin No. 82, Balikpapan","Jl. Raya Bogor No. 35, Makassar",1.7,paket_kecil,regular,2024-09-21,2024-09-25,2024-09-27,delivered,19550,TRK2409210002
SHP02811,CUS0424,RTE064,"Jl. Mawar No. 238, Yogyakarta","Jl. Mawar No. 123, Semarang",42.7,paket_kecil,regular,2024-02-13,2024-02-15,2024-02-15,delivered,320250,TRK2402130005
SHP02812,CUS0357,RTE039,"Jl. Hayam Wuruk No. 30, Bandung","Jl. Merdeka No. 129, Denpasar",45.0,paket_sedang,express,2023-11-09,2023-11-11,2023-11-13,delivered,1440000,TRK2311090006
SHP02813,CUS0257,RTE026,"Jl. Gajah Mada No. 57, Surabaya","Jl. Asia Afrika No. 26, Solo",7.1,paket_sedang,express,2023-10-08,2023-10-09,2023-10-09,delivered,142000,TRK2310080002
SHP02814,CUS0241,RTE007,"Jl. Kenanga No. 70, Jakarta","Jl. Merdeka No. 128, Yogyakarta",9.5,fragile,regular,2023-02-26,2023-03-01,2023-03-01,delivered,99750,TRK2302260003
SHP02815,CUS0072,RTE040,"Jl. Kebon Jeruk No. 267, Semarang","Jl. Hayam Wuruk No. 173, Yogyakarta",37.4,dokumen,regular,2022-10-21,2022-10-23,,lost,280500,TRK2210210002
SHP02816,CUS0386,RTE033,"Jl. Sudirman No. 222, Bandung","Jl. Diponegoro No. 217, Semarang",0.8,paket_sedang,same_day,2022-08-06,2022-08-06,2022-08-06,delivered,22800,TRK2208060005
SHP02817,CUS0127,RTE039,"Jl. Pemuda No. 260, Bandung","Jl. Melati No. 224, Denpasar",7.9,fragile,regular,2023-08-09,2023-08-13,2023-08-14,delivered,106650,TRK2308090004
SHP02818,CUS0251,RTE033,"Jl. Raya Bogor No. 70, Bandung","Jl. Mawar No. 297, Semarang",22.7,dokumen,express,2023-08-01,2023-08-03,2023-08-03,delivered,431300,TRK2308010002
SHP02819,CUS0581,RTE042,"Jl. Melati No. 87, Semarang","Jl. Gajah Mada No. 86, Malang",33.4,paket_kecil,same_day,2024-01-10,2024-01-10,2024-01-11,delivered,926850,TRK2401100002
SHP02820,CUS0212,RTE059,"Jl. Mawar No. 58, Denpasar","Jl. Pahlawan No. 192, Lombok",27.4,paket_sedang,express,2022-06-23,2022-06-24,2022-06-25,delivered,452100,TRK2206230008
SHP02821,CUS0308,RTE078,"Jl. Gajah Mada No. 43, Pontianak","Jl. Imam Bonjol No. 171, Balikpapan",31.3,dokumen,same_day,2023-07-20,2023-07-20,2023-07-20,delivered,1314600,TRK2307200003
SHP02822,CUS0404,RTE038,"Jl. Pemuda No. 222, Bandung","Jl. Ahmad Yani No. 165, Cirebon",7.3,paket_besar,regular,2022-03-03,2022-03-05,2022-03-05,delivered,58400,TRK2203030002
SHP02823,CUS0380,RTE022,"Jl. Pemuda No. 80, Surabaya","Jl. Pajajaran No. 270, Semarang",18.8,paket_sedang,regular,2023-06-08,2023-06-11,2023-06-12,delivered,169200,TRK2306080005
SHP02824,CUS0010,RTE009,"Jl. Anggrek No. 241, Jakarta","Jl. Setiabudi No. 250, Malang",30.0,paket_kecil,regular,2022-09-13,2022-09-17,,in_transit,360000,TRK2209130005
SHP02825,CUS0309,RTE049,"Jl. Mawar No. 23, Medan","Jl. Pajajaran No. 117, Banda Aceh",21.2,paket_kecil,express,2023-12-05,2023-12-06,2023-12-09,delivered,540600,TRK2312050004
SHP02826,CUS0132,RTE065,"Jl. Margonda No. 15, Yogyakarta","Jl. Thamrin No. 159, Surabaya",33.3,paket_sedang,same_day,2022-03-08,2022-03-08,2022-03-10,delivered,849150,TRK2203080001
SHP02827,CUS0508,RTE031,"Jl. Ahmad Yani No. 217, Surabaya","Jl. Thamrin No. 128, Pekanbaru",5.4,dokumen,express,2023-09-03,2023-09-06,2023-09-05,delivered,218700,TRK2309030002
SHP02828,CUS0500,RTE076,"Jl. Cempaka No. 66, Palembang","Jl. Raya Bogor No. 45, Jakarta",19.3,paket_kecil,express,2023-10-25,2023-10-27,2023-10-29,delivered,357050,TRK2310250006
SHP02829,CUS0500,RTE045,"Jl. Pemuda No. 92, Semarang","Jl. Margonda No. 258, Medan",35.6,paket_sedang,regular,2022-09-15,2022-09-21,2022-09-23,delivered,712000,TRK2209150003
SHP02830,CUS0410,RTE063,"Jl. Raya Bogor No. 258, Yogyakarta","Jl. Hayam Wuruk No. 47, Malang",48.0,paket_sedang,regular,2024-03-12,2024-03-15,,lost,456000,TRK2403120004
SHP02831,CUS0534,RTE066,"Jl. Gatot Subroto No. 178, Yogyakarta","Jl. Gajah Mada No. 240, Bandung",5.6,paket_kecil,regular,2024-05-02,2024-05-05,2024-05-05,delivered,53200,TRK2405020005
SHP02832,CUS0432,RTE054,"Jl. Kenanga No. 299, Makassar","Jl. Pemuda No. 23, Balikpapan",28.3,paket_sedang,same_day,2023-05-05,2023-05-05,2023-05-05,delivered,976350,TRK2305050003
SHP02833,CUS0418,RTE002,"Jl. Hayam Wuruk No. 292, Jakarta","Jl. Gajah Mada No. 161, Bogor",6.1,paket_sedang,regular,2023-03-25,2023-03-26,2023-03-26,delivered,45750,TRK2303250004
SHP02834,CUS0343,RTE054,"Jl. Merdeka No. 96, Makassar","Jl. Diponegoro No. 134, Balikpapan",45.3,fragile,express,2022-11-01,2022-11-03,2022-11-03,delivered,1041900,TRK2211010004
SHP02835,CUS0414,RTE009,"Jl. Mangga No. 66, Jakarta","Jl. Gatot Subroto No. 75, Malang",32.1,paket_sedang,express,2024-07-12,2024-07-14,2024-07-16,delivered,914850,TRK2407120004
SHP02836,CUS0320,RTE072,"Jl. Setiabudi No. 199, Pekanbaru","Jl. Mangga No. 249, Palembang",27.7,paket_sedang,express,2024-11-05,2024-11-08,2024-11-09,delivered,637100,TRK2411050002
SHP02837,CUS0419,RTE026,"Jl. Gatot Subroto No. 293, Surabaya","Jl. Cendrawasih No. 115, Solo",3.0,paket_kecil,express,2022-04-15,2022-04-16,2022-04-16,delivered,60000,TRK2204150002
SHP02838,CUS0210,RTE050,"Jl. Mangga No. 94, Medan","Jl. Pahlawan No. 178, Jakarta",40.7,paket_besar,regular,2023-05-28,2023-06-02,2023-06-02,delivered,732600,TRK2305280002
SHP02839,CUS0005,RTE016,"Jl. Diponegoro No. 248, Jakarta","Jl. Pemuda No. 208, Manado",29.4,paket_besar,regular,2022-08-15,2022-08-22,2022-08-23,delivered,632100,TRK2208150002
SHP02840,CUS0209,RTE014,"Jl. Setiabudi No. 47, Jakarta","Jl. Mangga No. 258, Pekanbaru",43.1,paket_kecil,express,2022-02-04,2022-02-07,,returned,1357650,TRK2202040004
SHP02841,CUS0537,RTE047,"Jl. Raya Bogor No. 178, Medan","Jl. Veteran No. 199, Pekanbaru",0.3,paket_besar,regular,2023-01-30,2023-02-02,2023-02-01,delivered,2850,TRK2301300004
SHP02842,CUS0194,RTE045,"Jl. Cendrawasih No. 241, Semarang","Jl. Merdeka No. 181, Medan",24.6,paket_kecil,express,2023-08-16,2023-08-19,,delivered,1107000,TRK2308160003
SHP02843,CUS0171,RTE078,"Jl. Anggrek No. 159, Pontianak","Jl. Gatot Subroto No. 1, Balikpapan",40.0,paket_besar,same_day,2022-03-14,2022-03-14,2022-03-14,delivered,1680000,TRK2203140003
SHP02844,CUS0164,RTE061,"Jl. Merdeka No. 10, Denpasar","Jl. Merdeka No. 66, Yogyakarta",15.5,paket_sedang,same_day,2024-06-29,2024-06-29,2024-06-29,delivered,499875,TRK2406290004
SHP02845,CUS0391,RTE027,"Jl. Pajajaran No. 167, Surabaya","Jl. Diponegoro No. 118, Medan",39.4,paket_besar,regular,2022-08-26,2022-09-01,2022-09-02,delivered,827400,TRK2208260004
SHP02846,CUS0155,RTE002,"Jl. Veteran No. 277, Jakarta","Jl. Sudirman No. 220, Bogor",42.9,paket_sedang,same_day,2023-11-06,2023-11-06,2023-11-07,delivered,1029600,TRK2311060002
SHP02847,CUS0423,RTE018,"Jl. Raya Bogor No. 35, Jakarta","Jl. Kenanga No. 172, Pontianak",10.1,paket_sedang,express,2022-05-12,2022-05-15,2022-05-17,delivered,237350,TRK2205120006
SHP02848,CUS0097,RTE021,"Jl. Anggrek No. 41, Surabaya","Jl. Mawar No. 249, Yogyakarta",39.8,dokumen,regular,2024-03-12,2024-03-15,2024-03-15,delivered,358200,TRK2403120005
SHP02849,CUS0403,RTE030,"Jl. Imam Bonjol No. 156, Surabaya","Jl. Melati No. 90, Palembang",25.4,paket_sedang,regular,2024-04-28,2024-05-03,,in_transit,355600,TRK2404280003
SHP02850,CUS0335,RTE075,"Jl. Anggrek No. 144, Palembang","Jl. Hayam Wuruk No. 6, Padang",9.7,fragile,express,2022-04-11,2022-04-14,2022-04-16,delivered,271600,TRK2204110005
SHP02851,CUS0285,RTE004,"Jl. Veteran No. 252, Jakarta","Jl. Gajah Mada No. 112, Bekasi",17.3,paket_sedang,express,2022-08-09,2022-08-10,2022-08-11,delivered,268150,TRK2208090003
SHP02852,CUS0160,RTE033,"Jl. Pajajaran No. 176, Bandung","Jl. Diponegoro No. 230, Semarang",47.6,paket_kecil,regular,2022-07-20,2022-07-23,2022-07-24,delivered,452200,TRK2207200001
SHP02853,CUS0351,RTE007,"Jl. Pajajaran No. 128, Jakarta","Jl. Thamrin No. 190, Yogyakarta",20.2,paket_sedang,regular,2024-07-23,2024-07-26,,in_transit,212100,TRK2407230004
SHP02854,CUS0069,RTE017,"Jl. Margonda No. 204, Jakarta","Jl. Hayam Wuruk No. 78, Balikpapan",14.3,paket_besar,regular,2025-01-14,2025-01-19,,in_transit,214500,TRK2501140002
SHP02855,CUS0074,RTE065,"Jl. Gajah Mada No. 82, Yogyakarta","Jl. Pajajaran No. 259, Surabaya",12.0,paket_sedang,regular,2022-01-09,2022-01-12,2022-01-15,delivered,108000,TRK2201090005
SHP02856,CUS0076,RTE042,"Jl. Asia Afrika No. 142, Semarang","Jl. Mangga No. 240, Malang",22.1,paket_sedang,express,2022-07-02,2022-07-03,2022-07-03,delivered,408850,TRK2207020002
SHP02857,CUS0087,RTE053,"Jl. Gajah Mada No. 226, Makassar","Jl. Cendrawasih No. 178, Denpasar",7.0,fragile,regular,2022-10-02,2022-10-06,2022-10-08,delivered,80500,TRK2210020004
SHP02858,CUS0397,RTE014,"Jl. Mangga No. 168, Jakarta","Jl. Raya Bogor No. 138, Pekanbaru",35.5,paket_sedang,regular,2022-09-26,2022-10-01,2022-10-02,delivered,497000,TRK2209260003
SHP02859,CUS0576,RTE034,"Jl. Mangga No. 152, Bandung","Jl. Merdeka No. 132, Yogyakarta",37.0,paket_kecil,express,2024-04-18,2024-04-19,2024-04-22,delivered,832500,TRK2404180003
SHP02860,CUS0079,RTE031,"Jl. Kenanga No. 275, Surabaya","Jl. Cendrawasih No. 176, Pekanbaru",31.3,dokumen,same_day,2022-03-11,2022-03-11,2022-03-13,delivered,1901475,TRK2203110002
SHP02861,CUS0597,RTE012,"Jl. Margonda No. 189, Jakarta","Jl. Cempaka No. 178, Palembang",36.0,paket_besar,express,2023-01-20,2023-01-21,,returned,702000,TRK2301200006
SHP02862,CUS0146,RTE027,"Jl. Mangga No. 187, Surabaya","Jl. Setiabudi No. 97, Medan",19.2,dokumen,regular,2023-08-07,2023-08-13,,lost,403200,TRK2308070003
SHP02863,CUS0090,RTE020,"Jl. Kebon Jeruk No. 236, Surabaya","Jl. Sudirman No. 213, Malang",19.2,paket_sedang,regular,2023-04-16,2023-04-17,2023-04-17,delivered,144000,TRK2304160003
SHP02864,CUS0544,RTE064,"Jl. Kenanga No. 22, Yogyakarta","Jl. Mawar No. 70, Semarang",0.1,paket_kecil,regular,2023-03-16,2023-03-18,2023-03-19,delivered,750,TRK2303160003
SHP02865,CUS0563,RTE013,"Jl. Gatot Subroto No. 81, Jakarta","Jl. Sudirman No. 296, Padang",30.9,paket_kecil,express,2024-05-27,2024-05-30,2024-06-04,delivered,1004250,TRK2405270001
SHP02866,CUS0454,RTE021,"Jl. Sudirman No. 103, Surabaya","Jl. Kebon Jeruk No. 228, Yogyakarta",11.3,paket_besar,express,2023-04-04,2023-04-05,2023-04-10,delivered,226000,TRK2304040001
SHP02867,CUS0385,RTE047,"Jl. Cendrawasih No. 248, Medan","Jl. Sudirman No. 236, Pekanbaru",32.1,paket_sedang,express,2022-01-06,2022-01-08,2022-01-08,delivered,690150,TRK2201060002
SHP02868,CUS0334,RTE063,"Jl. Pemuda No. 100, Yogyakarta","Jl. Mangga No. 209, Malang",24.5,dokumen,regular,2024-03-11,2024-03-14,,in_transit,232750,TRK2403110003
SHP02869,CUS0462,RTE026,"Jl. Cempaka No. 125, Surabaya","Jl. Gatot Subroto No. 201, Solo",12.6,paket_sedang,express,2023-12-01,2023-12-02,2023-12-02,delivered,252000,TRK2312010004
SHP02870,CUS0436,RTE071,"Jl. Kebon Jeruk No. 273, Pekanbaru","Jl. Melati No. 124, Padang",36.0,dokumen,regular,2024-11-25,2024-11-27,2024-12-02,delivered,306000,TRK2411250004
SHP02871,CUS0440,RTE069,"Jl. Asia Afrika No. 30, Balikpapan","Jl. Pahlawan No. 170, Pontianak",10.7,dokumen,express,2022-12-27,2022-12-30,2022-12-30,delivered,342400,TRK2212270005
SHP02872,CUS0430,RTE017,"Jl. Hayam Wuruk No. 140, Jakarta","Jl. Melati No. 261, Balikpapan",44.7,paket_sedang,express,2023-11-03,2023-11-06,2023-11-07,delivered,1609200,TRK2311030002
SHP02873,CUS0314,RTE002,"Jl. Gatot Subroto No. 151, Jakarta","Jl. Imam Bonjol No. 63, Bogor",41.6,paket_sedang,regular,2022-01-27,2022-01-28,2022-01-27,delivered,312000,TRK2201270004
SHP02874,CUS0073,RTE075,"Jl. Raya Bogor No. 29, Palembang","Jl. Thamrin No. 231, Padang",10.6,paket_sedang,regular,2023-06-12,2023-06-16,2023-06-16,delivered,143100,TRK2306120002
SHP02875,CUS0238,RTE040,"Jl. Pajajaran No. 255, Semarang","Jl. Pemuda No. 125, Yogyakarta",42.2,paket_besar,regular,2022-03-08,2022-03-10,2022-03-11,delivered,316500,TRK2203080002
SHP02876,CUS0283,RTE014,"Jl. Merdeka No. 55, Jakarta","Jl. Mangga No. 272, Pekanbaru",16.0,paket_sedang,express,2022-05-19,2022-05-22,2022-05-23,delivered,504000,TRK2205190004
SHP02877,CUS0147,RTE014,"Jl. Merdeka No. 7, Jakarta","Jl. Gajah Mada No. 151, Pekanbaru",6.4,paket_sedang,express,2023-06-03,2023-06-06,2023-06-07,delivered,201600,TRK2306030004
SHP02878,CUS0180,RTE046,"Jl. Kebon Jeruk No. 35, Medan","Jl. Asia Afrika No. 45, Padang",48.3,paket_sedang,regular,2023-02-07,2023-02-10,2023-02-12,delivered,531300,TRK2302070003
SHP02879,CUS0308,RTE002,"Jl. Mangga No. 151, Jakarta","Jl. Pahlawan No. 296, Bogor",14.2,paket_besar,regular,2024-07-07,2024-07-08,2024-07-09,delivered,106500,TRK2407070003
SHP02880,CUS0038,RTE030,"Jl. Setiabudi No. 72, Surabaya","Jl. Veteran No. 286, Palembang",27.2,paket_sedang,regular,2024-08-16,2024-08-21,2024-08-21,delivered,380800,TRK2408160003
SHP02881,CUS0441,RTE005,"Jl. Kebon Jeruk No. 199, Jakarta","Jl. Pahlawan No. 269, Semarang",28.9,paket_kecil,regular,2023-02-18,2023-02-21,,in_transit,274550,TRK2302180003
SHP02882,CUS0318,RTE003,"Jl. Kebon Jeruk No. 109, Jakarta","Jl. Mangga No. 241, Tangerang",27.6,paket_sedang,regular,2023-08-18,2023-08-19,2023-08-20,delivered,193200,TRK2308180003
SHP02883,CUS0200,RTE003,"Jl. Anggrek No. 52, Jakarta","Jl. Anggrek No. 101, Tangerang",20.4,paket_kecil,same_day,2023-02-23,2023-02-23,2023-02-24,delivered,428400,TRK2302230004
SHP02884,CUS0459,RTE002,"Jl. Pahlawan No. 198, Jakarta","Jl. Setiabudi No. 196, Bogor",12.2,paket_kecil,regular,2024-08-24,2024-08-25,2024-08-25,delivered,91500,TRK2408240005
SHP02885,CUS0317,RTE072,"Jl. Gatot Subroto No. 283, Pekanbaru","Jl. Hayam Wuruk No. 61, Palembang",11.2,paket_besar,regular,2022-06-09,2022-06-13,2022-06-15,delivered,128800,TRK2206090003
SHP02886,CUS0522,RTE054,"Jl. Thamrin No. 175, Makassar","Jl. Mawar No. 230, Balikpapan",20.4,paket_sedang,regular,2022-10-07,2022-10-11,2022-10-16,delivered,234600,TRK2210070003
SHP02887,CUS0573,RTE071,"Jl. Cempaka No. 70, Pekanbaru","Jl. Setiabudi No. 18, Padang",43.7,dokumen,regular,2024-12-22,2024-12-24,2024-12-29,delivered,371450,TRK2412220005
SHP02888,CUS0455,RTE041,"Jl. Mawar No. 139, Semarang","Jl. Thamrin No. 184, Solo",25.2,paket_besar,regular,2023-05-03,2023-05-05,2023-05-06,delivered,189000,TRK2305030002
SHP02889,CUS0014,RTE027,"Jl. Cendrawasih No. 7, Surabaya","Jl. Imam Bonjol No. 225, Medan",24.5,paket_sedang,express,2022-12-14,2022-12-17,2022-12-17,delivered,1053500,TRK2212140002
SHP02890,CUS0484,RTE023,"Jl. Imam Bonjol No. 166, Surabaya","Jl. Hayam Wuruk No. 239, Denpasar",3.3,fragile,regular,2024-04-28,2024-05-01,2024-05-02,delivered,31350,TRK2404280004
SHP02891,CUS0265,RTE047,"Jl. Asia Afrika No. 159, Medan","Jl. Hayam Wuruk No. 118, Pekanbaru",22.7,paket_besar,regular,2024-06-27,2024-06-30,2024-07-02,delivered,215650,TRK2406270001
SHP02892,CUS0305,RTE067,"Jl. Kenanga No. 75, Balikpapan","Jl. Hayam Wuruk No. 72, Samarinda",36.0,paket_sedang,express,2022-04-10,2022-04-11,2022-04-13,delivered,612000,TRK2204100003
SHP02893,CUS0534,RTE047,"Jl. Asia Afrika No. 53, Medan","Jl. Asia Afrika No. 162, Pekanbaru",36.8,paket_sedang,regular,2023-04-21,2023-04-24,2023-04-25,delivered,349600,TRK2304210002
SHP02894,CUS0353,RTE010,"Jl. Hayam Wuruk No. 236, Jakarta","Jl. Cendrawasih No. 147, Denpasar",36.8,paket_sedang,regular,2024-01-25,2024-01-29,2024-01-29,delivered,515200,TRK2401250005
SHP02895,CUS0424,RTE069,"Jl. Sudirman No. 279, Balikpapan","Jl. Merdeka No. 259, Pontianak",36.8,fragile,express,2023-04-03,2023-04-06,2023-04-06,delivered,1177600,TRK2304030003
SHP02896,CUS0332,RTE008,"Jl. Pahlawan No. 249, Jakarta","Jl. Hayam Wuruk No. 261, Solo",47.7,dokumen,express,2023-09-05,2023-09-07,2023-09-09,delivered,1192500,TRK2309050003
SHP02897,CUS0353,RTE049,"Jl. Merdeka No. 124, Medan","Jl. Merdeka No. 277, Banda Aceh",28.9,paket_kecil,express,2024-01-07,2024-01-08,2024-01-08,delivered,736950,TRK2401070002
SHP02898,CUS0329,RTE058,"Jl. Thamrin No. 174, Denpasar","Jl. Gatot Subroto No. 163, Surabaya",43.2,paket_besar,same_day,2024-08-21,2024-08-21,2024-08-24,delivered,1393200,TRK2408210003
SHP02899,CUS0137,RTE052,"Jl. Merdeka No. 275, Makassar","Jl. Kenanga No. 4, Manado",41.2,paket_kecil,regular,2023-07-06,2023-07-11,2023-07-16,delivered,618000,TRK2307060004
SHP02900,CUS0149,RTE060,"Jl. Gatot Subroto No. 194, Denpasar","Jl. Asia Afrika No. 269, Makassar",37.4,paket_kecil,regular,2024-11-13,2024-11-17,2024-11-20,delivered,430100,TRK2411130004
SHP02901,CUS0387,RTE075,"Jl. Mawar No. 129, Palembang","Jl. Melati No. 214, Padang",36.2,paket_kecil,regular,2024-08-19,2024-08-23,2024-08-22,delivered,488700,TRK2408190003
SHP02902,CUS0570,RTE045,"Jl. Kebon Jeruk No. 143, Semarang","Jl. Melati No. 287, Medan",37.9,paket_besar,express,2023-01-15,2023-01-18,,lost,1705500,TRK2301150002
SHP02903,CUS0424,RTE068,"Jl. Asia Afrika No. 293, Balikpapan","Jl. Merdeka No. 63, Banjarmasin",39.8,paket_kecil,same_day,2023-07-29,2023-07-29,2023-07-29,delivered,1283550,TRK2307290003
SHP02904,CUS0180,RTE029,"Jl. Diponegoro No. 262, Surabaya","Jl. Setiabudi No. 1, Manado",43.4,paket_besar,regular,2023-01-15,2023-01-20,2023-01-20,delivered,737800,TRK2301150003
SHP02905,CUS0594,RTE033,"Jl. Pajajaran No. 49, Bandung","Jl. Anggrek No. 185, Semarang",13.8,paket_kecil,regular,2025-01-09,2025-01-12,2025-01-13,delivered,131100,TRK2501090002
SHP02906,CUS0326,RTE069,"Jl. Anggrek No. 123, Balikpapan","Jl. Gatot Subroto No. 134, Pontianak",38.3,dokumen,regular,2023-12-12,2023-12-16,2023-12-16,delivered,497900,TRK2312120005
SHP02907,CUS0029,RTE026,"Jl. Pahlawan No. 259, Surabaya","Jl. Diponegoro No. 221, Solo",23.8,paket_kecil,regular,2022-01-19,2022-01-21,2022-01-21,delivered,202300,TRK2201190003
SHP02908,CUS0458,RTE075,"Jl. Setiabudi No. 280, Palembang","Jl. Imam Bonjol No. 185, Padang",22.2,paket_sedang,express,2024-06-13,2024-06-16,2024-06-17,delivered,621600,TRK2406130003
SHP02909,CUS0095,RTE025,"Jl. Diponegoro No. 188, Surabaya","Jl. Thamrin No. 269, Makassar",20.9,paket_besar,regular,2025-01-03,2025-01-07,,in_transit,250800,TRK2501030002
SHP02910,CUS0322,RTE050,"Jl. Pemuda No. 108, Medan","Jl. Pemuda No. 225, Jakarta",19.4,paket_sedang,express,2025-01-07,2025-01-10,2025-01-10,delivered,756600,TRK2501070003
SHP02911,CUS0021,RTE074,"Jl. Pahlawan No. 186, Palembang","Jl. Kenanga No. 225, Lampung",8.9,paket_sedang,express,2023-08-16,2023-08-17,2023-08-17,delivered,204700,TRK2308160004
SHP02912,CUS0219,RTE051,"Jl. Merdeka No. 40, Medan","Jl. Imam Bonjol No. 104, Batam",12.3,paket_besar,regular,2024-03-04,2024-03-08,2024-03-07,delivered,147600,TRK2403040004
SHP02913,CUS0481,RTE021,"Jl. Pajajaran No. 202, Surabaya","Jl. Diponegoro No. 264, Yogyakarta",38.5,paket_kecil,regular,2024-04-09,2024-04-12,,returned,346500,TRK2404090005
SHP02914,CUS0320,RTE078,"Jl. Thamrin No. 264, Pontianak","Jl. Pemuda No. 256, Balikpapan",14.1,dokumen,regular,2024-06-06,2024-06-10,2024-06-12,delivered,183300,TRK2406060001
SHP02915,CUS0246,RTE033,"Jl. Kebon Jeruk No. 114, Bandung","Jl. Raya Bogor No. 18, Semarang",11.5,dokumen,same_day,2022-07-20,2022-07-20,,in_transit,327750,TRK2207200002
SHP02916,CUS0398,RTE053,"Jl. Veteran No. 193, Makassar","Jl. Cendrawasih No. 92, Denpasar",49.2,fragile,express,2023-07-16,2023-07-18,,returned,1353000,TRK2307160006
SHP02917,CUS0372,RTE041,"Jl. Pemuda No. 38, Semarang","Jl. Pemuda No. 2, Solo",26.7,paket_kecil,express,2024-02-14,2024-02-15,,in_transit,427200,TRK2402140002
SHP02918,CUS0156,RTE021,"Jl. Mangga No. 181, Surabaya","Jl. Gatot Subroto No. 54, Yogyakarta",31.7,paket_sedang,express,2024-05-24,2024-05-25,,in_transit,634000,TRK2405240002
SHP02919,CUS0082,RTE005,"Jl. Imam Bonjol No. 213, Jakarta","Jl. Pajajaran No. 23, Semarang",37.0,paket_besar,regular,2024-03-08,2024-03-11,2024-03-14,delivered,351500,TRK2403080001
SHP02920,CUS0304,RTE054,"Jl. Mangga No. 10, Makassar","Jl. Kebon Jeruk No. 54, Balikpapan",22.2,paket_sedang,regular,2023-02-13,2023-02-17,2023-02-18,delivered,255300,TRK2302130002
SHP02921,CUS0109,RTE049,"Jl. Diponegoro No. 160, Medan","Jl. Ahmad Yani No. 38, Banda Aceh",48.2,paket_sedang,express,2024-10-03,2024-10-04,2024-10-05,delivered,1229100,TRK2410030003
SHP02922,CUS0295,RTE041,"Jl. Melati No. 114, Semarang","Jl. Diponegoro No. 39, Solo",21.6,dokumen,regular,2023-07-15,2023-07-17,2023-07-17,delivered,162000,TRK2307150002
SHP02923,CUS0217,RTE068,"Jl. Mangga No. 100, Balikpapan","Jl. Gajah Mada No. 137, Banjarmasin",37.2,paket_besar,regular,2024-08-01,2024-08-04,2024-08-04,delivered,353400,TRK2408010003
SHP02924,CUS0070,RTE002,"Jl. Raya Bogor No. 238, Jakarta","Jl. Setiabudi No. 88, Bogor",30.9,paket_kecil,regular,2023-05-15,2023-05-16,,in_transit,231750,TRK2305150002
SHP02925,CUS0027,RTE045,"Jl. Kebon Jeruk No. 16, Semarang","Jl. Cendrawasih No. 223, Medan",22.3,paket_kecil,regular,2023-04-25,2023-05-01,,in_transit,446000,TRK2304250001
SHP02926,CUS0228,RTE026,"Jl. Setiabudi No. 63, Surabaya","Jl. Melati No. 42, Solo",12.8,paket_sedang,regular,2024-01-01,2024-01-03,,in_transit,108800,TRK2401010005
SHP02927,CUS0262,RTE009,"Jl. Pahlawan No. 289, Jakarta","Jl. Kenanga No. 85, Malang",14.7,paket_besar,regular,2022-11-17,2022-11-21,2022-11-20,delivered,176400,TRK2211170003
SHP02928,CUS0185,RTE065,"Jl. Raya Bogor No. 282, Yogyakarta","Jl. Gatot Subroto No. 183, Surabaya",39.3,paket_kecil,express,2023-12-27,2023-12-28,,in_transit,668100,TRK2312270004
SHP02929,CUS0143,RTE015,"Jl. Mawar No. 201, Jakarta","Jl. Kenanga No. 2, Makassar",6.1,paket_besar,regular,2024-05-30,2024-06-04,2024-06-04,delivered,100650,TRK2405300004
SHP02930,CUS0047,RTE042,"Jl. Setiabudi No. 30, Semarang","Jl. Melati No. 117, Malang",49.3,paket_kecil,same_day,2022-05-10,2022-05-10,2022-05-10,delivered,1368075,TRK2205100002
SHP02931,CUS0303,RTE031,"Jl. Thamrin No. 127, Surabaya","Jl. Margonda No. 87, Pekanbaru",18.3,paket_besar,regular,2024-09-23,2024-09-28,2024-09-28,delivered,311100,TRK2409230003
SHP02932,CUS0407,RTE020,"Jl. Veteran No. 288, Surabaya","Jl. Veteran No. 259, Malang",48.0,paket_kecil,same_day,2023-04-21,2023-04-21,,returned,1152000,TRK2304210003
SHP02933,CUS0494,RTE051,"Jl. Gajah Mada No. 132, Medan","Jl. Merdeka No. 300, Batam",29.6,paket_kecil,same_day,2023-12-31,2023-12-31,,in_transit,1132200,TRK2312310004
SHP02934,CUS0538,RTE003,"Jl. Merdeka No. 116, Jakarta","Jl. Sudirman No. 268, Tangerang",20.6,paket_kecil,regular,2023-08-12,2023-08-13,,in_transit,144200,TRK2308120004
SHP02935,CUS0570,RTE053,"Jl. Kebon Jeruk No. 126, Makassar","Jl. Diponegoro No. 24, Denpasar",25.8,paket_besar,regular,2022-04-28,2022-05-02,2022-05-04,delivered,296700,TRK2204280001
SHP02936,CUS0279,RTE066,"Jl. Melati No. 55, Yogyakarta","Jl. Hayam Wuruk No. 300, Bandung",1.5,paket_kecil,express,2022-09-14,2022-09-15,2022-09-18,delivered,33750,TRK2209140002
SHP02937,CUS0478,RTE063,"Jl. Pahlawan No. 54, Yogyakarta","Jl. Thamrin No. 27, Malang",24.2,paket_kecil,express,2023-04-20,2023-04-21,2023-04-22,delivered,484000,TRK2304200003
SHP02938,CUS0074,RTE061,"Jl. Asia Afrika No. 249, Denpasar","Jl. Ahmad Yani No. 6, Yogyakarta",1.6,paket_besar,regular,2024-03-18,2024-03-21,2024-03-22,delivered,17600,TRK2403180003
SHP02939,CUS0517,RTE036,"Jl. Anggrek No. 203, Bandung","Jl. Hayam Wuruk No. 250, Solo",37.7,paket_sedang,same_day,2023-07-24,2023-07-24,2023-07-25,delivered,1187550,TRK2307240002
SHP02940,CUS0415,RTE049,"Jl. Sudirman No. 227, Medan","Jl. Diponegoro No. 113, Banda Aceh",19.7,paket_besar,same_day,2023-08-22,2023-08-22,2023-08-25,delivered,753525,TRK2308220002
SHP02941,CUS0482,RTE034,"Jl. Asia Afrika No. 76, Bandung","Jl. Sudirman No. 286, Yogyakarta",5.4,dokumen,regular,2024-11-24,2024-11-27,2024-11-28,delivered,51300,TRK2411240002
SHP02942,CUS0514,RTE020,"Jl. Gajah Mada No. 68, Surabaya","Jl. Kenanga No. 300, Malang",31.3,dokumen,regular,2023-05-21,2023-05-22,2023-05-24,delivered,234750,TRK2305210004
SHP02943,CUS0120,RTE052,"Jl. Sudirman No. 71, Makassar","Jl. Imam Bonjol No. 169, Manado",24.2,paket_sedang,regular,2024-05-31,2024-06-05,2024-06-05,delivered,363000,TRK2405310002
SHP02944,CUS0297,RTE072,"Jl. Thamrin No. 112, Pekanbaru","Jl. Raya Bogor No. 51, Palembang",21.4,paket_sedang,express,2022-05-23,2022-05-26,2022-05-27,delivered,492200,TRK2205230003
SHP02945,CUS0154,RTE034,"Jl. Kebon Jeruk No. 284, Bandung","Jl. Gatot Subroto No. 128, Yogyakarta",17.0,paket_sedang,regular,2022-11-17,2022-11-20,2022-11-21,delivered,161500,TRK2211170004
SHP02946,CUS0528,RTE030,"Jl. Setiabudi No. 113, Surabaya","Jl. Sudirman No. 108, Palembang",47.8,paket_besar,regular,2023-05-08,2023-05-13,,returned,669200,TRK2305080006
SHP02947,CUS0376,RTE018,"Jl. Pajajaran No. 204, Jakarta","Jl. Thamrin No. 268, Pontianak",32.7,fragile,regular,2023-01-06,2023-01-10,,in_transit,376050,TRK2301060005
SHP02948,CUS0573,RTE060,"Jl. Veteran No. 149, Denpasar","Jl. Margonda No. 16, Makassar",4.7,paket_kecil,express,2024-09-28,2024-10-01,2024-10-03,delivered,103400,TRK2409280006
SHP02949,CUS0312,RTE059,"Jl. Hayam Wuruk No. 140, Denpasar","Jl. Pajajaran No. 251, Lombok",10.2,paket_besar,regular,2024-08-06,2024-08-08,2024-08-07,delivered,81600,TRK2408060004
SHP02950,CUS0041,RTE074,"Jl. Cendrawasih No. 235, Palembang","Jl. Kenanga No. 35, Lampung",30.2,paket_kecil,regular,2023-11-20,2023-11-23,2023-11-24,delivered,286900,TRK2311200004
SHP02951,CUS0462,RTE030,"Jl. Cempaka No. 198, Surabaya","Jl. Asia Afrika No. 17, Palembang",33.2,paket_besar,regular,2022-02-13,2022-02-18,2022-02-18,delivered,464800,TRK2202130006
SHP02952,CUS0211,RTE052,"Jl. Kenanga No. 298, Makassar","Jl. Asia Afrika No. 27, Manado",26.0,paket_besar,regular,2022-08-13,2022-08-18,2022-08-20,delivered,390000,TRK2208130003
SHP02953,CUS0509,RTE041,"Jl. Cendrawasih No. 143, Semarang","Jl. Merdeka No. 17, Solo",23.7,paket_besar,regular,2022-08-02,2022-08-04,2022-08-07,delivered,177750,TRK2208020005
SHP02954,CUS0515,RTE065,"Jl. Mawar No. 233, Yogyakarta","Jl. Gatot Subroto No. 218, Surabaya",47.6,paket_sedang,regular,2024-03-03,2024-03-06,2024-03-06,delivered,428400,TRK2403030005
SHP02955,CUS0474,RTE024,"Jl. Veteran No. 211, Surabaya","Jl. Veteran No. 158, Bandung",38.2,paket_kecil,regular,2025-01-06,2025-01-10,2025-01-13,delivered,439300,TRK2501060007
SHP02956,CUS0451,RTE072,"Jl. Margonda No. 215, Pekanbaru","Jl. Mawar No. 57, Palembang",47.1,paket_kecil,express,2022-11-24,2022-11-27,2022-11-28,delivered,1083300,TRK2211240005
SHP02957,CUS0069,RTE071,"Jl. Diponegoro No. 61, Pekanbaru","Jl. Pahlawan No. 252, Padang",37.9,paket_sedang,express,2024-11-08,2024-11-09,2024-11-09,delivered,776950,TRK2411080005
SHP02958,CUS0169,RTE034,"Jl. Mangga No. 299, Bandung","Jl. Gatot Subroto No. 208, Yogyakarta",1.4,paket_sedang,regular,2023-12-14,2023-12-17,2023-12-18,delivered,13300,TRK2312140005
SHP02959,CUS0574,RTE043,"Jl. Gajah Mada No. 99, Semarang","Jl. Mawar No. 117, Surabaya",3.2,paket_besar,regular,2024-07-22,2024-07-25,2024-07-28,delivered,28800,TRK2407220003
SHP02960,CUS0209,RTE016,"Jl. Anggrek No. 165, Jakarta","Jl. Gajah Mada No. 290, Manado",20.2,paket_sedang,express,2022-09-10,2022-09-13,,returned,1060500,TRK2209100002
SHP02961,CUS0446,RTE080,"Jl. Ahmad Yani No. 131, Manado","Jl. Kenanga No. 49, Gorontalo",13.6,paket_kecil,regular,2022-05-02,2022-05-05,2022-05-07,delivered,129200,TRK2205020005
SHP02962,CUS0279,RTE005,"Jl. Mawar No. 190, Jakarta","Jl. Cendrawasih No. 24, Semarang",7.5,paket_besar,regular,2022-04-15,2022-04-18,2022-04-20,delivered,71250,TRK2204150003
SHP02963,CUS0320,RTE006,"Jl. Mawar No. 249, Jakarta","Jl. Pahlawan No. 300, Surabaya",20.6,paket_besar,regular,2024-10-27,2024-10-31,2024-11-01,delivered,236900,TRK2410270004
SHP02964,CUS0339,RTE040,"Jl. Diponegoro No. 233, Semarang","Jl. Merdeka No. 137, Yogyakarta",13.0,paket_sedang,express,2022-11-02,2022-11-03,,delivered,208000,TRK2211020003
SHP02965,CUS0384,RTE015,"Jl. Kebon Jeruk No. 246, Jakarta","Jl. Margonda No. 100, Makassar",40.6,paket_sedang,regular,2023-07-19,2023-07-24,2023-07-24,delivered,669900,TRK2307190008
SHP02966,CUS0376,RTE066,"Jl. Mawar No. 287, Yogyakarta","Jl. Margonda No. 125, Bandung",47.7,paket_sedang,regular,2022-05-03,2022-05-06,,in_transit,453150,TRK2205030005
SHP02967,CUS0331,RTE025,"Jl. Mangga No. 74, Surabaya","Jl. Gajah Mada No. 29, Makassar",39.8,paket_sedang,express,2024-07-30,2024-08-01,2024-08-01,delivered,975100,TRK2407300002
SHP02968,CUS0332,RTE025,"Jl. Margonda No. 206, Surabaya","Jl. Sudirman No. 55, Makassar",23.8,fragile,express,2022-02-11,2022-02-13,2022-02-13,delivered,583100,TRK2202110003
SHP02969,CUS0162,RTE045,"Jl. Imam Bonjol No. 31, Semarang","Jl. Thamrin No. 151, Medan",6.1,fragile,regular,2024-03-23,2024-03-29,2024-03-31,delivered,122000,TRK2403230003
SHP02970,CUS0477,RTE046,"Jl. Diponegoro No. 246, Medan","Jl. Setiabudi No. 1, Padang",21.9,fragile,regular,2024-08-17,2024-08-20,2024-08-20,delivered,240900,TRK2408170004
SHP02971,CUS0441,RTE028,"Jl. Pajajaran No. 167, Surabaya","Jl. Sudirman No. 211, Balikpapan",43.7,paket_besar,regular,2024-07-28,2024-08-01,2024-08-01,delivered,546250,TRK2407280002
SHP02972,CUS0025,RTE038,"Jl. Merdeka No. 263, Bandung","Jl. Kenanga No. 52, Cirebon",24.4,paket_besar,regular,2024-03-25,2024-03-27,2024-03-27,delivered,195200,TRK2403250002
SHP02973,CUS0172,RTE057,"Jl. Thamrin No. 74, Denpasar","Jl. Pajajaran No. 179, Mataram",15.7,fragile,regular,2023-04-21,2023-04-23,2023-04-24,delivered,125600,TRK2304210004
SHP02974,CUS0327,RTE066,"Jl. Pemuda No. 216, Yogyakarta","Jl. Ahmad Yani No. 248, Bandung",6.4,paket_sedang,regular,2024-02-26,2024-02-29,2024-03-02,delivered,60800,TRK2402260003
SHP02975,CUS0525,RTE021,"Jl. Kebon Jeruk No. 23, Surabaya","Jl. Raya Bogor No. 105, Yogyakarta",21.8,dokumen,express,2022-08-09,2022-08-10,2022-08-10,delivered,436000,TRK2208090004
SHP02976,CUS0360,RTE005,"Jl. Raya Bogor No. 95, Jakarta","Jl. Imam Bonjol No. 34, Semarang",12.0,dokumen,express,2024-08-23,2024-08-24,2024-08-24,delivered,264000,TRK2408230002
SHP02977,CUS0139,RTE020,"Jl. Setiabudi No. 29, Surabaya","Jl. Margonda No. 222, Malang",19.3,paket_sedang,regular,2023-08-10,2023-08-11,2023-08-12,delivered,144750,TRK2308100004
SHP02978,CUS0333,RTE030,"Jl. Pajajaran No. 92, Surabaya","Jl. Ahmad Yani No. 81, Palembang",31.4,paket_sedang,express,2024-04-23,2024-04-26,,in_transit,847800,TRK2404230007
SHP02979,CUS0579,RTE036,"Jl. Veteran No. 172, Bandung","Jl. Veteran No. 86, Solo",47.3,paket_sedang,regular,2022-05-31,2022-06-03,2022-06-04,delivered,449350,TRK2205310003
SHP02980,CUS0013,RTE047,"Jl. Kenanga No. 35, Medan","Jl. Veteran No. 266, Pekanbaru",1.7,paket_kecil,regular,2023-01-18,2023-01-21,2023-01-21,delivered,16150,TRK2301180006
SHP02981,CUS0388,RTE057,"Jl. Kenanga No. 287, Denpasar","Jl. Imam Bonjol No. 152, Mataram",17.9,paket_besar,regular,2024-04-17,2024-04-19,2024-04-19,delivered,143200,TRK2404170002
SHP02982,CUS0123,RTE004,"Jl. Mawar No. 6, Jakarta","Jl. Pajajaran No. 179, Bekasi",33.3,fragile,regular,2024-01-16,2024-01-17,2024-01-22,delivered,233100,TRK2401160004
SHP02983,CUS0161,RTE080,"Jl. Gajah Mada No. 19, Manado","Jl. Kenanga No. 205, Gorontalo",26.6,paket_besar,regular,2023-08-16,2023-08-19,2023-08-19,delivered,252700,TRK2308160005
SHP02984,CUS0196,RTE044,"Jl. Raya Bogor No. 299, Semarang","Jl. Margonda No. 280, Denpasar",29.5,paket_sedang,regular,2024-03-24,2024-03-28,2024-03-29,delivered,339250,TRK2403240003
SHP02985,CUS0409,RTE032,"Jl. Hayam Wuruk No. 221, Bandung","Jl. Sudirman No. 18, Bogor",19.2,paket_kecil,express,2023-12-10,2023-12-11,,returned,307200,TRK2312100003
SHP02986,CUS0065,RTE047,"Jl. Gatot Subroto No. 248, Medan","Jl. Setiabudi No. 229, Pekanbaru",34.8,paket_kecil,express,2023-02-16,2023-02-18,,in_transit,748200,TRK2302160003
SHP02987,CUS0487,RTE067,"Jl. Ahmad Yani No. 172, Balikpapan","Jl. Merdeka No. 35, Samarinda",41.8,paket_kecil,regular,2023-07-02,2023-07-04,2023-07-06,delivered,313500,TRK2307020005
SHP02988,CUS0258,RTE043,"Jl. Anggrek No. 11, Semarang","Jl. Raya Bogor No. 34, Surabaya",31.3,paket_sedang,express,2022-11-23,2022-11-24,2022-11-24,delivered,563400,TRK2211230004
SHP02989,CUS0276,RTE054,"Jl. Setiabudi No. 46, Makassar","Jl. Imam Bonjol No. 142, Balikpapan",34.2,dokumen,regular,2024-06-02,2024-06-06,2024-06-08,delivered,393300,TRK2406020002
SHP02990,CUS0255,RTE020,"Jl. Diponegoro No. 66, Surabaya","Jl. Raya Bogor No. 134, Malang",45.2,paket_besar,regular,2024-11-10,2024-11-11,2024-11-11,delivered,339000,TRK2411100003
SHP02991,CUS0003,RTE014,"Jl. Ahmad Yani No. 271, Jakarta","Jl. Margonda No. 56, Pekanbaru",8.5,paket_besar,regular,2025-01-01,2025-01-06,2025-01-06,delivered,119000,TRK2501010004
SHP02992,CUS0569,RTE077,"Jl. Raya Bogor No. 129, Pontianak","Jl. Veteran No. 230, Singkawang",38.4,fragile,express,2022-09-02,2022-09-03,,in_transit,672000,TRK2209020003
SHP02993,CUS0140,RTE052,"Jl. Anggrek No. 57, Makassar","Jl. Melati No. 128, Manado",0.5,dokumen,regular,2023-10-25,2023-10-30,2023-10-31,delivered,7500,TRK2310250007
SHP02994,CUS0013,RTE043,"Jl. Kebon Jeruk No. 261, Semarang","Jl. Thamrin No. 280, Surabaya",6.1,dokumen,regular,2023-08-02,2023-08-05,,in_transit,54900,TRK2308020001
SHP02995,CUS0026,RTE044,"Jl. Thamrin No. 284, Semarang","Jl. Pajajaran No. 58, Denpasar",34.8,paket_besar,regular,2024-02-11,2024-02-15,2024-02-20,delivered,400200,TRK2402110002
SHP02996,CUS0227,RTE044,"Jl. Kebon Jeruk No. 266, Semarang","Jl. Pajajaran No. 222, Denpasar",40.5,paket_sedang,regular,2023-01-13,2023-01-17,2023-01-22,delivered,465750,TRK2301130003
SHP02997,CUS0242,RTE009,"Jl. Asia Afrika No. 211, Jakarta","Jl. Margonda No. 213, Malang",28.5,paket_sedang,regular,2022-06-03,2022-06-07,2022-06-07,delivered,342000,TRK2206030005
SHP02998,CUS0298,RTE056,"Jl. Mawar No. 217, Makassar","Jl. Setiabudi No. 133, Kendari",7.3,paket_kecil,same_day,2023-12-12,2023-12-12,2023-12-13,delivered,208050,TRK2312120006
SHP02999,CUS0195,RTE051,"Jl. Setiabudi No. 82, Medan","Jl. Thamrin No. 235, Batam",40.9,paket_kecil,express,2023-06-24,2023-06-26,2023-06-27,delivered,1042950,TRK2306240003
SHP03000,CUS0329,RTE077,"Jl. Gatot Subroto No. 89, Pontianak","Jl. Imam Bonjol No. 3, Singkawang",43.1,paket_kecil,regular,2023-04-04,2023-04-06,2023-04-06,delivered,344800,TRK2304040002
SHP03001,CUS0266,RTE056,"Jl. Gajah Mada No. 214, Makassar","Jl. Raya Bogor No. 182, Kendari",24.8,fragile,regular,2024-05-09,2024-05-12,2024-05-12,delivered,235600,TRK2405090002
SHP03002,CUS0503,RTE066,"Jl. Kebon Jeruk No. 50, Yogyakarta","Jl. Merdeka No. 12, Bandung",14.3,paket_sedang,regular,2022-04-28,2022-05-01,2022-05-01,delivered,135850,TRK2204280002
SHP03003,CUS0514,RTE073,"Jl. Raya Bogor No. 203, Pekanbaru","Jl. Pemuda No. 52, Medan",20.0,paket_kecil,express,2024-02-29,2024-03-01,2024-03-01,delivered,460000,TRK2402290005
SHP03004,CUS0578,RTE042,"Jl. Merdeka No. 67, Semarang","Jl. Setiabudi No. 66, Malang",42.4,dokumen,regular,2023-07-10,2023-07-13,2023-07-16,delivered,402800,TRK2307100005
SHP03005,CUS0566,RTE063,"Jl. Imam Bonjol No. 131, Yogyakarta","Jl. Asia Afrika No. 96, Malang",20.7,paket_besar,express,2024-01-16,2024-01-17,2024-01-19,delivered,414000,TRK2401160005
SHP03006,CUS0372,RTE063,"Jl. Ahmad Yani No. 165, Yogyakarta","Jl. Kenanga No. 204, Malang",6.0,paket_besar,express,2023-10-24,2023-10-25,2023-10-28,delivered,120000,TRK2310240007
SHP03007,CUS0205,RTE074,"Jl. Veteran No. 160, Palembang","Jl. Thamrin No. 266, Lampung",11.0,paket_kecil,regular,2022-10-16,2022-10-19,2022-10-20,delivered,104500,TRK2210160003
SHP03008,CUS0486,RTE066,"Jl. Anggrek No. 181, Yogyakarta","Jl. Mangga No. 280, Bandung",46.4,paket_kecil,regular,2022-02-01,2022-02-04,2022-02-04,delivered,440800,TRK2202010004
SHP03009,CUS0393,RTE048,"Jl. Imam Bonjol No. 101, Medan","Jl. Pahlawan No. 190, Palembang",33.2,paket_sedang,regular,2024-07-27,2024-08-01,2024-08-01,delivered,498000,TRK2407270004
SHP03010,CUS0168,RTE018,"Jl. Veteran No. 213, Jakarta","Jl. Kenanga No. 121, Pontianak",4.2,paket_kecil,regular,2023-04-18,2023-04-22,2023-04-25,delivered,48300,TRK2304180005
SHP03011,CUS0126,RTE069,"Jl. Merdeka No. 177, Balikpapan","Jl. Hayam Wuruk No. 241, Pontianak",41.8,paket_besar,same_day,2022-03-09,2022-03-09,2022-03-09,delivered,2006400,TRK2203090007
SHP03012,CUS0138,RTE066,"Jl. Sudirman No. 46, Yogyakarta","Jl. Mawar No. 255, Bandung",4.1,fragile,regular,2022-09-24,2022-09-27,2022-09-28,delivered,38950,TRK2209240005
SHP03013,CUS0372,RTE003,"Jl. Diponegoro No. 198, Jakarta","Jl. Raya Bogor No. 293, Tangerang",14.4,paket_sedang,same_day,2024-01-18,2024-01-18,2024-01-19,delivered,302400,TRK2401180004
SHP03014,CUS0285,RTE013,"Jl. Kebon Jeruk No. 145, Jakarta","Jl. Margonda No. 127, Padang",31.1,dokumen,regular,2023-01-17,2023-01-22,2023-01-25,delivered,482050,TRK2301170005
SHP03015,CUS0127,RTE068,"Jl. Cendrawasih No. 219, Balikpapan","Jl. Mawar No. 294, Banjarmasin",31.9,paket_besar,regular,2024-09-23,2024-09-26,2024-10-01,delivered,303050,TRK2409230004
SHP03016,CUS0264,RTE061,"Jl. Melati No. 70, Denpasar","Jl. Setiabudi No. 27, Yogyakarta",35.7,dokumen,express,2022-05-06,2022-05-08,2022-05-08,delivered,767550,TRK2205060003
SHP03017,CUS0565,RTE030,"Jl. Anggrek No. 129, Surabaya","Jl. Veteran No. 240, Palembang",42.3,paket_kecil,regular,2022-06-23,2022-06-28,2022-06-29,delivered,592200,TRK2206230009
SHP03018,CUS0458,RTE061,"Jl. Margonda No. 244, Denpasar","Jl. Cempaka No. 178, Yogyakarta",32.3,paket_kecil,same_day,2023-08-02,2023-08-02,2023-08-02,delivered,1041675,TRK2308020002
SHP03019,CUS0333,RTE028,"Jl. Mangga No. 116, Surabaya","Jl. Cempaka No. 67, Balikpapan",6.8,paket_kecil,same_day,2024-10-05,2024-10-05,,in_transit,244800,TRK2410050002
SHP03020,CUS0489,RTE058,"Jl. Setiabudi No. 93, Denpasar","Jl. Mawar No. 234, Surabaya",12.7,paket_sedang,regular,2022-04-09,2022-04-12,2022-04-12,delivered,120650,TRK2204090005
SHP03021,CUS0110,RTE067,"Jl. Anggrek No. 177, Balikpapan","Jl. Pahlawan No. 48, Samarinda",5.1,fragile,express,2023-09-25,2023-09-26,2023-09-26,delivered,86700,TRK2309250004
SHP03022,CUS0036,RTE030,"Jl. Margonda No. 194, Surabaya","Jl. Merdeka No. 272, Palembang",11.6,paket_besar,same_day,2024-12-30,2024-12-30,2024-12-31,delivered,469800,TRK2412300004
SHP03023,CUS0518,RTE039,"Jl. Pahlawan No. 9, Bandung","Jl. Setiabudi No. 147, Denpasar",23.2,fragile,express,2023-05-21,2023-05-23,2023-05-23,delivered,742400,TRK2305210005
SHP03024,CUS0516,RTE077,"Jl. Pemuda No. 229, Pontianak","Jl. Setiabudi No. 244, Singkawang",2.9,paket_kecil,express,2023-05-16,2023-05-17,2023-05-18,delivered,50750,TRK2305160004
SHP03025,CUS0182,RTE068,"Jl. Hayam Wuruk No. 124, Balikpapan","Jl. Diponegoro No. 28, Banjarmasin",7.6,fragile,regular,2023-09-28,2023-10-01,2023-10-01,delivered,72200,TRK2309280002
SHP03026,CUS0430,RTE061,"Jl. Mangga No. 149, Denpasar","Jl. Cendrawasih No. 228, Yogyakarta",32.3,paket_sedang,regular,2024-11-30,2024-12-03,2024-12-08,delivered,355300,TRK2411300002
SHP03027,CUS0584,RTE067,"Jl. Cendrawasih No. 111, Balikpapan","Jl. Margonda No. 213, Samarinda",37.3,dokumen,regular,2023-10-29,2023-10-31,,returned,279750,TRK2310290003
SHP03028,CUS0298,RTE042,"Jl. Mangga No. 70, Semarang","Jl. Margonda No. 34, Malang",5.8,paket_sedang,same_day,2024-06-16,2024-06-16,2024-06-16,delivered,160950,TRK2406160001
SHP03029,CUS0341,RTE007,"Jl. Gatot Subroto No. 144, Jakarta","Jl. Mawar No. 110, Yogyakarta",24.8,paket_sedang,regular,2024-04-01,2024-04-04,2024-04-05,delivered,260400,TRK2404010002
SHP03030,CUS0518,RTE075,"Jl. Imam Bonjol No. 181, Palembang","Jl. Pemuda No. 289, Padang",47.2,paket_besar,express,2024-08-09,2024-08-12,2024-08-13,delivered,1321600,TRK2408090001
SHP03031,CUS0491,RTE071,"Jl. Kebon Jeruk No. 79, Pekanbaru","Jl. Diponegoro No. 11, Padang",2.3,paket_besar,regular,2022-02-17,2022-02-19,,returned,19550,TRK2202170004
SHP03032,CUS0031,RTE013,"Jl. Pajajaran No. 131, Jakarta","Jl. Pahlawan No. 259, Padang",40.9,paket_sedang,express,2022-04-29,2022-05-02,2022-05-02,delivered,1329250,TRK2204290001
SHP03033,CUS0328,RTE011,"Jl. Hayam Wuruk No. 251, Jakarta","Jl. Hayam Wuruk No. 175, Medan",5.5,paket_besar,same_day,2022-03-29,2022-03-29,2022-03-30,delivered,309375,TRK2203290001
SHP03034,CUS0408,RTE057,"Jl. Asia Afrika No. 8, Denpasar","Jl. Raya Bogor No. 262, Mataram",0.5,paket_besar,express,2023-12-25,2023-12-26,2023-12-27,delivered,9000,TRK2312250002
SHP03035,CUS0496,RTE024,"Jl. Ahmad Yani No. 81, Surabaya","Jl. Raya Bogor No. 90, Bandung",24.2,paket_sedang,express,2023-08-24,2023-08-26,2023-08-29,delivered,568700,TRK2308240005
SHP03036,CUS0404,RTE055,"Jl. Gajah Mada No. 66, Makassar","Jl. Cempaka No. 153, Surabaya",40.8,paket_kecil,regular,2023-12-09,2023-12-13,2023-12-13,delivered,489600,TRK2312090003
SHP03037,CUS0128,RTE076,"Jl. Mawar No. 80, Palembang","Jl. Pajajaran No. 170, Jakarta",3.3,paket_sedang,regular,2023-02-26,2023-03-01,2023-03-03,delivered,31350,TRK2302260004
SHP03038,CUS0241,RTE042,"Jl. Veteran No. 222, Semarang","Jl. Mawar No. 192, Malang",33.8,paket_sedang,express,2024-06-28,2024-06-29,2024-06-29,delivered,625300,TRK2406280004
SHP03039,CUS0134,RTE050,"Jl. Setiabudi No. 172, Medan","Jl. Kenanga No. 247, Jakarta",16.2,paket_kecil,regular,2022-01-19,2022-01-24,2022-01-24,delivered,291600,TRK2201190004
SHP03040,CUS0449,RTE077,"Jl. Gatot Subroto No. 132, Pontianak","Jl. Sudirman No. 241, Singkawang",45.6,dokumen,express,2023-01-09,2023-01-10,2023-01-13,delivered,798000,TRK2301090003
SHP03041,CUS0031,RTE053,"Jl. Gatot Subroto No. 296, Makassar","Jl. Cempaka No. 19, Denpasar",24.1,paket_kecil,regular,2024-03-15,2024-03-19,2024-03-22,delivered,277150,TRK2403150006
SHP03042,CUS0423,RTE078,"Jl. Setiabudi No. 255, Pontianak","Jl. Raya Bogor No. 140, Balikpapan",23.8,paket_besar,same_day,2022-07-04,2022-07-04,2022-07-05,delivered,999600,TRK2207040006
SHP03043,CUS0175,RTE038,"Jl. Setiabudi No. 118, Bandung","Jl. Gajah Mada No. 200, Cirebon",21.2,paket_sedang,regular,2022-04-14,2022-04-16,2022-04-16,delivered,169600,TRK2204140004
SHP03044,CUS0357,RTE026,"Jl. Imam Bonjol No. 294, Surabaya","Jl. Gajah Mada No. 74, Solo",44.2,paket_kecil,regular,2024-02-17,2024-02-19,2024-02-20,delivered,375700,TRK2402170003
SHP03045,CUS0328,RTE002,"Jl. Melati No. 287, Jakarta","Jl. Setiabudi No. 48, Bogor",37.3,paket_sedang,regular,2024-12-06,2024-12-07,2024-12-08,delivered,279750,TRK2412060004
SHP03046,CUS0305,RTE060,"Jl. Imam Bonjol No. 138, Denpasar","Jl. Pajajaran No. 213, Makassar",37.5,fragile,regular,2023-01-11,2023-01-15,2023-01-16,delivered,431250,TRK2301110003
SHP03047,CUS0091,RTE034,"Jl. Cempaka No. 105, Bandung","Jl. Raya Bogor No. 208, Yogyakarta",33.5,paket_kecil,same_day,2024-03-19,2024-03-19,,delivered,1130625,TRK2403190001
SHP03048,CUS0181,RTE057,"Jl. Hayam Wuruk No. 202, Denpasar","Jl. Margonda No. 153, Mataram",12.9,paket_sedang,same_day,2022-03-20,2022-03-20,2022-03-21,delivered,348300,TRK2203200001
SHP03049,CUS0066,RTE078,"Jl. Hayam Wuruk No. 202, Pontianak","Jl. Imam Bonjol No. 112, Balikpapan",49.9,dokumen,regular,2023-02-16,2023-02-20,2023-02-20,delivered,648700,TRK2302160004
SHP03050,CUS0121,RTE007,"Jl. Gajah Mada No. 40, Jakarta","Jl. Imam Bonjol No. 133, Yogyakarta",2.9,paket_sedang,same_day,2022-04-24,2022-04-24,2022-04-27,delivered,100050,TRK2204240003
SHP03051,CUS0514,RTE014,"Jl. Gatot Subroto No. 105, Jakarta","Jl. Pajajaran No. 187, Pekanbaru",38.3,paket_besar,regular,2024-09-02,2024-09-07,2024-09-09,delivered,536200,TRK2409020003
SHP03052,CUS0253,RTE078,"Jl. Cendrawasih No. 187, Pontianak","Jl. Pahlawan No. 248, Balikpapan",46.1,paket_besar,same_day,2023-10-12,2023-10-12,,in_transit,1936200,TRK2310120005
SHP03053,CUS0595,RTE070,"Jl. Imam Bonjol No. 226, Balikpapan","Jl. Mawar No. 241, Makassar",34.9,paket_kecil,regular,2024-11-24,2024-11-28,2024-11-29,delivered,401350,TRK2411240003
SHP03054,CUS0038,RTE061,"Jl. Gatot Subroto No. 94, Denpasar","Jl. Margonda No. 197, Yogyakarta",30.5,paket_sedang,regular,2023-10-29,2023-11-01,2023-11-01,delivered,335500,TRK2310290004
SHP03055,CUS0563,RTE024,"Jl. Melati No. 5, Surabaya","Jl. Thamrin No. 66, Bandung",28.7,paket_kecil,express,2022-08-03,2022-08-05,2022-08-05,delivered,674450,TRK2208030002
SHP03056,CUS0132,RTE051,"Jl. Anggrek No. 293, Medan","Jl. Merdeka No. 242, Batam",40.8,paket_sedang,regular,2022-05-12,2022-05-16,2022-05-16,delivered,489600,TRK2205120007
SHP03057,CUS0559,RTE069,"Jl. Pemuda No. 39, Balikpapan","Jl. Gajah Mada No. 256, Pontianak",24.2,paket_sedang,same_day,2022-05-19,2022-05-19,2022-05-20,delivered,1161600,TRK2205190005
SHP03058,CUS0177,RTE048,"Jl. Gatot Subroto No. 181, Medan","Jl. Cendrawasih No. 44, Palembang",23.7,paket_sedang,regular,2023-11-20,2023-11-25,2023-11-26,delivered,355500,TRK2311200005
SHP03059,CUS0161,RTE020,"Jl. Veteran No. 189, Surabaya","Jl. Gajah Mada No. 67, Malang",34.6,paket_kecil,express,2022-02-22,2022-02-23,2022-02-26,delivered,553600,TRK2202220006
SHP03060,CUS0448,RTE025,"Jl. Sudirman No. 78, Surabaya","Jl. Setiabudi No. 76, Makassar",27.4,paket_besar,regular,2023-04-02,2023-04-06,2023-04-08,delivered,328800,TRK2304020003
SHP03061,CUS0366,RTE019,"Jl. Kenanga No. 225, Jakarta","Jl. Anggrek No. 255, Banjarmasin",5.3,paket_besar,regular,2023-12-20,2023-12-24,2023-12-26,delivered,71550,TRK2312200004
SHP03062,CUS0420,RTE039,"Jl. Melati No. 81, Bandung","Jl. Cendrawasih No. 270, Denpasar",33.2,paket_besar,express,2023-06-29,2023-07-01,2023-07-01,delivered,1062400,TRK2306290002
SHP03063,CUS0369,RTE042,"Jl. Thamrin No. 233, Semarang","Jl. Raya Bogor No. 78, Malang",44.9,paket_kecil,same_day,2022-01-21,2022-01-21,2022-01-24,delivered,1245975,TRK2201210003
SHP03064,CUS0126,RTE071,"Jl. Gajah Mada No. 26, Pekanbaru","Jl. Anggrek No. 280, Padang",2.6,paket_sedang,regular,2024-04-05,2024-04-07,2024-04-09,delivered,22100,TRK2404050003
SHP03065,CUS0360,RTE004,"Jl. Pajajaran No. 174, Jakarta","Jl. Kenanga No. 57, Bekasi",32.6,paket_kecil,regular,2022-08-11,2022-08-12,,in_transit,228200,TRK2208110003
SHP03066,CUS0002,RTE072,"Jl. Kebon Jeruk No. 285, Pekanbaru","Jl. Raya Bogor No. 216, Palembang",24.4,paket_sedang,regular,2023-06-04,2023-06-08,,lost,280600,TRK2306040002
SHP03067,CUS0512,RTE056,"Jl. Gatot Subroto No. 109, Makassar","Jl. Mawar No. 273, Kendari",40.6,paket_besar,regular,2024-02-11,2024-02-14,2024-02-14,delivered,385700,TRK2402110003
SHP03068,CUS0394,RTE038,"Jl. Imam Bonjol No. 170, Bandung","Jl. Veteran No. 113, Cirebon",11.8,paket_besar,regular,2023-07-21,2023-07-23,2023-07-25,delivered,94400,TRK2307210004
SHP03069,CUS0419,RTE030,"Jl. Merdeka No. 246, Surabaya","Jl. Mangga No. 76, Palembang",7.9,paket_besar,express,2024-05-31,2024-06-03,2024-06-06,delivered,213300,TRK2405310003
SHP03070,CUS0175,RTE065,"Jl. Asia Afrika No. 39, Yogyakarta","Jl. Gajah Mada No. 1, Surabaya",9.1,paket_sedang,regular,2025-01-30,2025-02-02,2025-02-05,delivered,81900,TRK2501300001
SHP03071,CUS0511,RTE032,"Jl. Pemuda No. 161, Bandung","Jl. Thamrin No. 166, Bogor",48.2,paket_kecil,regular,2022-01-18,2022-01-20,,returned,385600,TRK2201180004
SHP03072,CUS0328,RTE001,"Jl. Ahmad Yani No. 243, Jakarta","Jl. Diponegoro No. 214, Bandung",1.4,paket_sedang,express,2024-05-24,2024-05-25,2024-05-25,delivered,23800,TRK2405240003
SHP03073,CUS0078,RTE035,"Jl. Gajah Mada No. 250, Bandung","Jl. Mawar No. 121, Surabaya",48.8,paket_sedang,regular,2024-12-26,2024-12-30,,in_transit,561200,TRK2412260001
SHP03074,CUS0325,RTE075,"Jl. Asia Afrika No. 286, Palembang","Jl. Gatot Subroto No. 225, Padang",37.6,paket_sedang,same_day,2023-04-20,2023-04-20,2023-04-20,delivered,1579200,TRK2304200004
SHP03075,CUS0374,RTE027,"Jl. Cempaka No. 226, Surabaya","Jl. Kebon Jeruk No. 271, Medan",26.4,paket_sedang,regular,2024-11-02,2024-11-08,2024-11-10,delivered,554400,TRK2411020004
SHP03076,CUS0355,RTE047,"Jl. Mawar No. 60, Medan","Jl. Veteran No. 58, Pekanbaru",40.0,paket_sedang,regular,2023-06-22,2023-06-25,2023-06-25,delivered,380000,TRK2306220007
SHP03077,CUS0400,RTE009,"Jl. Cendrawasih No. 125, Jakarta","Jl. Mangga No. 164, Malang",9.1,paket_sedang,express,2024-09-03,2024-09-05,2024-09-06,delivered,259350,TRK2409030004
SHP03078,CUS0243,RTE057,"Jl. Kebon Jeruk No. 81, Denpasar","Jl. Gatot Subroto No. 73, Mataram",11.2,paket_kecil,regular,2024-06-29,2024-07-01,2024-07-01,delivered,89600,TRK2406290005
SHP03079,CUS0075,RTE080,"Jl. Gatot Subroto No. 281, Manado","Jl. Setiabudi No. 289, Gorontalo",41.6,paket_sedang,regular,2024-10-06,2024-10-09,2024-10-10,delivered,395200,TRK2410060007
SHP03080,CUS0551,RTE029,"Jl. Diponegoro No. 96, Surabaya","Jl. Cempaka No. 21, Manado",32.0,dokumen,regular,2023-10-25,2023-10-30,2023-10-31,delivered,544000,TRK2310250008
SHP03081,CUS0328,RTE037,"Jl. Gajah Mada No. 59, Bandung","Jl. Mawar No. 118, Malang",19.1,paket_sedang,regular,2022-03-08,2022-03-12,2022-03-12,delivered,229200,TRK2203080003
SHP03082,CUS0581,RTE009,"Jl. Mangga No. 115, Jakarta","Jl. Ahmad Yani No. 156, Malang",46.3,paket_kecil,regular,2024-08-19,2024-08-23,2024-08-23,delivered,555600,TRK2408190004
SHP03083,CUS0138,RTE025,"Jl. Cempaka No. 120, Surabaya","Jl. Veteran No. 29, Makassar",38.8,paket_besar,regular,2023-04-30,2023-05-04,2023-05-04,delivered,465600,TRK2304300004
SHP03084,CUS0200,RTE048,"Jl. Cempaka No. 242, Medan","Jl. Hayam Wuruk No. 300, Palembang",33.6,dokumen,regular,2022-11-17,2022-11-22,2022-11-23,delivered,504000,TRK2211170005
SHP03085,CUS0123,RTE077,"Jl. Imam Bonjol No. 1, Pontianak","Jl. Anggrek No. 251, Singkawang",28.1,paket_besar,regular,2024-08-21,2024-08-23,2024-08-24,delivered,224800,TRK2408210004
SHP03086,CUS0566,RTE019,"Jl. Setiabudi No. 244, Jakarta","Jl. Merdeka No. 239, Banjarmasin",42.6,paket_sedang,regular,2024-08-18,2024-08-22,2024-08-23,delivered,575100,TRK2408180003
SHP03087,CUS0595,RTE066,"Jl. Pajajaran No. 127, Yogyakarta","Jl. Cendrawasih No. 198, Bandung",20.7,paket_sedang,express,2024-10-18,2024-10-19,,returned,465750,TRK2410180004
SHP03088,CUS0516,RTE042,"Jl. Hayam Wuruk No. 6, Semarang","Jl. Setiabudi No. 29, Malang",34.3,paket_kecil,regular,2022-04-05,2022-04-08,2022-04-08,delivered,325850,TRK2204050005
SHP03089,CUS0144,RTE077,"Jl. Imam Bonjol No. 81, Pontianak","Jl. Cempaka No. 14, Singkawang",34.3,dokumen,regular,2023-04-19,2023-04-21,2023-04-23,delivered,274400,TRK2304190003
SHP03090,CUS0152,RTE052,"Jl. Gajah Mada No. 76, Makassar","Jl. Mawar No. 265, Manado",8.0,paket_kecil,regular,2022-02-02,2022-02-07,2022-02-07,delivered,120000,TRK2202020006
SHP03091,CUS0312,RTE011,"Jl. Pajajaran No. 180, Jakarta","Jl. Cendrawasih No. 256, Medan",6.1,paket_sedang,regular,2023-02-21,2023-02-26,2023-02-27,delivered,109800,TRK2302210005
SHP03092,CUS0453,RTE022,"Jl. Ahmad Yani No. 162, Surabaya","Jl. Kenanga No. 47, Semarang",35.9,paket_sedang,express,2024-07-31,2024-08-01,2024-08-02,delivered,646200,TRK2407310003
SHP03093,CUS0519,RTE065,"Jl. Pemuda No. 4, Yogyakarta","Jl. Melati No. 169, Surabaya",35.6,paket_besar,express,2022-01-05,2022-01-06,2022-01-06,delivered,605200,TRK2201050004
SHP03094,CUS0402,RTE044,"Jl. Cempaka No. 245, Semarang","Jl. Diponegoro No. 224, Denpasar",26.1,paket_besar,regular,2022-03-10,2022-03-14,2022-03-16,delivered,300150,TRK2203100004
SHP03095,CUS0025,RTE045,"Jl. Gatot Subroto No. 98, Semarang","Jl. Thamrin No. 210, Medan",30.3,paket_sedang,regular,2022-09-21,2022-09-27,,lost,606000,TRK2209210006
SHP03096,CUS0548,RTE014,"Jl. Hayam Wuruk No. 199, Jakarta","Jl. Kenanga No. 125, Pekanbaru",27.7,paket_besar,regular,2024-09-17,2024-09-22,2024-09-25,delivered,387800,TRK2409170003
SHP03097,CUS0534,RTE043,"Jl. Veteran No. 231, Semarang","Jl. Mangga No. 286, Surabaya",38.6,paket_kecil,same_day,2022-12-16,2022-12-16,2022-12-16,delivered,1042200,TRK2212160005
SHP03098,CUS0229,RTE061,"Jl. Asia Afrika No. 246, Denpasar","Jl. Veteran No. 2, Yogyakarta",43.6,paket_sedang,regular,2022-03-14,2022-03-17,2022-03-19,delivered,479600,TRK2203140004
SHP03099,CUS0542,RTE048,"Jl. Anggrek No. 111, Medan","Jl. Thamrin No. 209, Palembang",28.0,paket_sedang,express,2023-02-23,2023-02-26,2023-03-03,delivered,840000,TRK2302230005
SHP03100,CUS0436,RTE067,"Jl. Asia Afrika No. 217, Balikpapan","Jl. Mawar No. 83, Samarinda",10.0,paket_kecil,regular,2024-04-27,2024-04-29,2024-04-28,delivered,75000,TRK2404270004
SHP03101,CUS0409,RTE061,"Jl. Melati No. 191, Denpasar","Jl. Gajah Mada No. 289, Yogyakarta",17.9,paket_besar,same_day,2023-11-01,2023-11-01,2023-11-01,delivered,577275,TRK2311010005
SHP03102,CUS0004,RTE041,"Jl. Pajajaran No. 227, Semarang","Jl. Melati No. 67, Solo",17.8,dokumen,regular,2023-01-02,2023-01-04,2023-01-04,delivered,133500,TRK2301020003
SHP03103,CUS0546,RTE079,"Jl. Pajajaran No. 258, Pontianak","Jl. Kenanga No. 34, Jakarta",1.4,paket_sedang,regular,2023-10-29,2023-11-02,2023-11-03,delivered,16100,TRK2310290005
SHP03104,CUS0155,RTE028,"Jl. Hayam Wuruk No. 249, Surabaya","Jl. Anggrek No. 150, Balikpapan",37.8,paket_besar,express,2022-11-02,2022-11-04,2022-11-03,delivered,907200,TRK2211020004
SHP03105,CUS0022,RTE020,"Jl. Pemuda No. 59, Surabaya","Jl. Sudirman No. 147, Malang",4.4,dokumen,regular,2023-09-13,2023-09-14,,in_transit,33000,TRK2309130004
SHP03106,CUS0594,RTE032,"Jl. Asia Afrika No. 208, Bandung","Jl. Imam Bonjol No. 8, Bogor",26.2,paket_kecil,same_day,2022-08-23,2022-08-23,,in_transit,628800,TRK2208230001
SHP03107,CUS0089,RTE044,"Jl. Kebon Jeruk No. 188, Semarang","Jl. Kebon Jeruk No. 196, Denpasar",48.5,dokumen,express,2023-08-06,2023-08-08,2023-08-07,delivered,1261000,TRK2308060002
SHP03108,CUS0283,RTE057,"Jl. Raya Bogor No. 183, Denpasar","Jl. Thamrin No. 22, Mataram",2.2,paket_besar,regular,2023-09-09,2023-09-11,2023-09-10,delivered,17600,TRK2309090002
SHP03109,CUS0568,RTE076,"Jl. Diponegoro No. 67, Palembang","Jl. Kebon Jeruk No. 245, Jakarta",1.3,paket_besar,express,2022-03-18,2022-03-20,,in_transit,24050,TRK2203180005
SHP03110,CUS0394,RTE040,"Jl. Cempaka No. 158, Semarang","Jl. Cempaka No. 124, Yogyakarta",16.7,paket_sedang,same_day,2024-11-02,2024-11-02,2024-11-05,delivered,400800,TRK2411020005
SHP03111,CUS0231,RTE051,"Jl. Merdeka No. 288, Medan","Jl. Merdeka No. 207, Batam",14.7,paket_kecil,regular,2023-09-16,2023-09-20,2023-09-20,delivered,176400,TRK2309160002
SHP03112,CUS0523,RTE013,"Jl. Melati No. 20, Jakarta","Jl. Anggrek No. 114, Padang",11.9,dokumen,same_day,2023-08-31,2023-08-31,2023-09-03,delivered,580125,TRK2308310004
SHP03113,CUS0189,RTE034,"Jl. Ahmad Yani No. 209, Bandung","Jl. Imam Bonjol No. 127, Yogyakarta",33.6,dokumen,regular,2022-03-13,2022-03-16,2022-03-16,delivered,319200,TRK2203130003
SHP03114,CUS0217,RTE076,"Jl. Margonda No. 281, Palembang","Jl. Sudirman No. 140, Jakarta",35.1,paket_besar,same_day,2025-01-31,2025-01-31,2025-02-03,delivered,974025,TRK2501310005
SHP03115,CUS0557,RTE054,"Jl. Melati No. 85, Makassar","Jl. Hayam Wuruk No. 54, Balikpapan",15.1,paket_sedang,regular,2022-08-13,2022-08-17,2022-08-19,delivered,173650,TRK2208130004
SHP03116,CUS0053,RTE073,"Jl. Mangga No. 258, Pekanbaru","Jl. Mawar No. 108, Medan",3.8,paket_besar,express,2024-10-23,2024-10-24,,in_transit,87400,TRK2410230003
SHP03117,CUS0119,RTE051,"Jl. Cendrawasih No. 274, Medan","Jl. Kenanga No. 53, Batam",11.2,dokumen,express,2025-01-22,2025-01-24,2025-01-24,delivered,285600,TRK2501220003
SHP03118,CUS0112,RTE024,"Jl. Kenanga No. 50, Surabaya","Jl. Gajah Mada No. 28, Bandung",5.1,paket_kecil,regular,2024-04-17,2024-04-21,2024-04-21,delivered,58650,TRK2404170003
SHP03119,CUS0158,RTE048,"Jl. Mawar No. 119, Medan","Jl. Asia Afrika No. 80, Palembang",43.3,paket_kecil,regular,2022-09-18,2022-09-23,2022-09-23,delivered,649500,TRK2209180004
SHP03120,CUS0513,RTE058,"Jl. Imam Bonjol No. 89, Denpasar","Jl. Setiabudi No. 83, Surabaya",39.4,fragile,express,2023-12-28,2023-12-29,,in_transit,847100,TRK2312280003
SHP03121,CUS0511,RTE075,"Jl. Pemuda No. 251, Palembang","Jl. Ahmad Yani No. 187, Padang",2.0,dokumen,express,2024-11-01,2024-11-04,2024-11-05,delivered,56000,TRK2411010007
SHP03122,CUS0463,RTE016,"Jl. Mawar No. 119, Jakarta","Jl. Kebon Jeruk No. 113, Manado",4.6,paket_kecil,express,2022-07-12,2022-07-15,2022-07-18,delivered,241500,TRK2207120005
SHP03123,CUS0038,RTE036,"Jl. Pahlawan No. 196, Bandung","Jl. Gatot Subroto No. 136, Solo",41.7,paket_besar,regular,2022-06-29,2022-07-02,2022-07-05,delivered,396150,TRK2206290002
SHP03124,CUS0341,RTE005,"Jl. Ahmad Yani No. 135, Jakarta","Jl. Setiabudi No. 54, Semarang",18.6,paket_sedang,regular,2023-12-08,2023-12-11,2023-12-12,delivered,176700,TRK2312080002
SHP03125,CUS0513,RTE019,"Jl. Cempaka No. 213, Jakarta","Jl. Pajajaran No. 147, Banjarmasin",36.4,paket_kecil,regular,2022-08-23,2022-08-27,2022-08-29,delivered,491400,TRK2208230002
SHP03126,CUS0475,RTE072,"Jl. Thamrin No. 131, Pekanbaru","Jl. Cempaka No. 260, Palembang",24.3,paket_sedang,regular,2023-01-23,2023-01-27,2023-01-29,delivered,279450,TRK2301230003
SHP03127,CUS0197,RTE057,"Jl. Veteran No. 201, Denpasar","Jl. Hayam Wuruk No. 85, Mataram",15.7,paket_kecil,express,2024-05-03,2024-05-04,,in_transit,282600,TRK2405030003
SHP03128,CUS0003,RTE063,"Jl. Pemuda No. 62, Yogyakarta","Jl. Pemuda No. 224, Malang",13.2,paket_besar,regular,2022-01-07,2022-01-10,,in_transit,125400,TRK2201070003
SHP03129,CUS0175,RTE056,"Jl. Margonda No. 64, Makassar","Jl. Merdeka No. 181, Kendari",9.6,paket_kecil,regular,2023-12-01,2023-12-04,2023-12-04,delivered,91200,TRK2312010005
SHP03130,CUS0571,RTE026,"Jl. Diponegoro No. 221, Surabaya","Jl. Pajajaran No. 79, Solo",41.6,paket_kecil,regular,2022-09-09,2022-09-11,2022-09-14,delivered,353600,TRK2209090003
SHP03131,CUS0369,RTE045,"Jl. Gatot Subroto No. 5, Semarang","Jl. Mangga No. 181, Medan",13.7,paket_kecil,express,2024-01-12,2024-01-15,2024-01-17,delivered,616500,TRK2401120002
SHP03132,CUS0493,RTE044,"Jl. Sudirman No. 189, Semarang","Jl. Imam Bonjol No. 278, Denpasar",25.2,dokumen,regular,2024-12-12,2024-12-16,2024-12-19,delivered,289800,TRK2412120003
SHP03133,CUS0014,RTE057,"Jl. Pahlawan No. 242, Denpasar","Jl. Gatot Subroto No. 78, Mataram",19.6,paket_kecil,regular,2023-01-13,2023-01-15,,returned,156800,TRK2301130004
SHP03134,CUS0217,RTE063,"Jl. Anggrek No. 54, Yogyakarta","Jl. Pajajaran No. 128, Malang",7.7,paket_sedang,regular,2023-05-22,2023-05-25,,in_transit,73150,TRK2305220002
SHP03135,CUS0250,RTE020,"Jl. Cendrawasih No. 65, Surabaya","Jl. Mawar No. 229, Malang",45.8,paket_sedang,regular,2024-06-08,2024-06-09,2024-06-12,delivered,343500,TRK2406080006
SHP03136,CUS0344,RTE065,"Jl. Anggrek No. 64, Yogyakarta","Jl. Mangga No. 150, Surabaya",38.1,paket_sedang,regular,2024-07-26,2024-07-29,2024-07-31,delivered,342900,TRK2407260004
SHP03137,CUS0598,RTE020,"Jl. Mangga No. 149, Surabaya","Jl. Ahmad Yani No. 100, Malang",39.4,paket_kecil,express,2023-12-11,2023-12-12,2023-12-13,delivered,630400,TRK2312110004
SHP03138,CUS0507,RTE021,"Jl. Pajajaran No. 207, Surabaya","Jl. Cendrawasih No. 259, Yogyakarta",13.1,paket_besar,regular,2023-11-08,2023-11-11,2023-11-11,delivered,117900,TRK2311080004
SHP03139,CUS0433,RTE057,"Jl. Kebon Jeruk No. 257, Denpasar","Jl. Merdeka No. 96, Mataram",1.7,dokumen,regular,2023-02-27,2023-03-01,2023-03-04,delivered,13600,TRK2302270003
SHP03140,CUS0496,RTE058,"Jl. Cempaka No. 8, Denpasar","Jl. Hayam Wuruk No. 125, Surabaya",15.2,fragile,express,2024-12-29,2024-12-30,2024-12-30,delivered,326800,TRK2412290003
SHP03141,CUS0205,RTE014,"Jl. Kebon Jeruk No. 164, Jakarta","Jl. Raya Bogor No. 50, Pekanbaru",25.7,paket_kecil,regular,2023-07-27,2023-08-01,2023-08-02,delivered,359800,TRK2307270005
SHP03142,CUS0012,RTE021,"Jl. Veteran No. 217, Surabaya","Jl. Diponegoro No. 276, Yogyakarta",3.0,paket_kecil,express,2023-03-31,2023-04-01,2023-04-02,delivered,60000,TRK2303310003
SHP03143,CUS0375,RTE025,"Jl. Gatot Subroto No. 57, Surabaya","Jl. Gajah Mada No. 142, Makassar",38.8,paket_sedang,regular,2024-09-18,2024-09-22,2024-09-23,delivered,465600,TRK2409180004
SHP03144,CUS0097,RTE047,"Jl. Melati No. 126, Medan","Jl. Ahmad Yani No. 45, Pekanbaru",43.0,paket_sedang,regular,2022-02-14,2022-02-17,2022-02-18,delivered,408500,TRK2202140005
SHP03145,CUS0437,RTE002,"Jl. Anggrek No. 216, Jakarta","Jl. Pahlawan No. 121, Bogor",35.8,paket_kecil,regular,2024-03-24,2024-03-25,2024-03-24,delivered,268500,TRK2403240004
SHP03146,CUS0145,RTE053,"Jl. Kebon Jeruk No. 90, Makassar","Jl. Diponegoro No. 160, Denpasar",43.2,paket_sedang,express,2022-09-27,2022-09-29,2022-09-29,delivered,1188000,TRK2209270008
SHP03147,CUS0345,RTE014,"Jl. Kebon Jeruk No. 282, Jakarta","Jl. Margonda No. 75, Pekanbaru",43.5,paket_besar,express,2022-07-23,2022-07-26,2022-07-29,delivered,1370250,TRK2207230004
SHP03148,CUS0251,RTE044,"Jl. Thamrin No. 213, Semarang","Jl. Diponegoro No. 34, Denpasar",3.1,paket_kecil,regular,2023-10-24,2023-10-28,2023-10-31,delivered,35650,TRK2310240008
SHP03149,CUS0596,RTE064,"Jl. Kebon Jeruk No. 10, Yogyakarta","Jl. Imam Bonjol No. 70, Semarang",35.5,paket_besar,regular,2022-03-18,2022-03-20,2022-03-21,delivered,266250,TRK2203180006
SHP03150,CUS0490,RTE046,"Jl. Pahlawan No. 217, Medan","Jl. Anggrek No. 203, Padang",21.0,paket_kecil,express,2023-03-16,2023-03-18,2023-03-18,delivered,504000,TRK2303160004
SHP03151,CUS0096,RTE051,"Jl. Kenanga No. 84, Medan","Jl. Asia Afrika No. 149, Batam",2.2,fragile,express,2023-02-06,2023-02-08,2023-02-08,delivered,56100,TRK2302060003
SHP03152,CUS0465,RTE011,"Jl. Ahmad Yani No. 102, Jakarta","Jl. Mangga No. 10, Medan",9.8,dokumen,regular,2022-02-23,2022-02-28,2022-03-03,delivered,176400,TRK2202230006
SHP03153,CUS0350,RTE051,"Jl. Pahlawan No. 204, Medan","Jl. Thamrin No. 247, Batam",0.5,paket_kecil,express,2023-08-06,2023-08-08,2023-08-09,delivered,12750,TRK2308060003
SHP03154,CUS0526,RTE042,"Jl. Kebon Jeruk No. 230, Semarang","Jl. Cempaka No. 268, Malang",35.8,paket_besar,express,2022-12-18,2022-12-19,2022-12-19,delivered,662300,TRK2212180006
SHP03155,CUS0173,RTE060,"Jl. Veteran No. 273, Denpasar","Jl. Asia Afrika No. 170, Makassar",47.0,paket_kecil,regular,2022-12-21,2022-12-25,2022-12-25,delivered,540500,TRK2212210004
SHP03156,CUS0465,RTE023,"Jl. Setiabudi No. 168, Surabaya","Jl. Ahmad Yani No. 20, Denpasar",5.7,paket_sedang,express,2023-05-25,2023-05-26,2023-05-27,delivered,119700,TRK2305250008
SHP03157,CUS0303,RTE063,"Jl. Setiabudi No. 189, Yogyakarta","Jl. Pemuda No. 121, Malang",32.1,paket_sedang,regular,2023-09-30,2023-10-03,2023-10-03,delivered,304950,TRK2309300001
SHP03158,CUS0275,RTE059,"Jl. Kenanga No. 27, Denpasar","Jl. Thamrin No. 244, Lombok",40.7,paket_besar,express,2022-12-22,2022-12-23,2022-12-25,delivered,671550,TRK2212220003
SHP03159,CUS0277,RTE055,"Jl. Merdeka No. 205, Makassar","Jl. Cendrawasih No. 268, Surabaya",12.2,paket_besar,regular,2024-01-19,2024-01-23,2024-01-24,delivered,146400,TRK2401190003
SHP03160,CUS0287,RTE044,"Jl. Kenanga No. 125, Semarang","Jl. Kenanga No. 253, Denpasar",18.1,dokumen,same_day,2024-10-20,2024-10-20,2024-10-22,delivered,705900,TRK2410200005
SHP03161,CUS0033,RTE079,"Jl. Mangga No. 28, Pontianak","Jl. Pajajaran No. 97, Jakarta",5.9,paket_besar,regular,2022-06-09,2022-06-13,2022-06-15,delivered,67850,TRK2206090004
SHP03162,CUS0372,RTE076,"Jl. Margonda No. 257, Palembang","Jl. Sudirman No. 145, Jakarta",9.7,paket_kecil,same_day,2024-02-07,2024-02-07,2024-02-08,delivered,269175,TRK2402070003
SHP03163,CUS0595,RTE054,"Jl. Ahmad Yani No. 10, Makassar","Jl. Asia Afrika No. 25, Balikpapan",4.3,paket_sedang,regular,2023-02-14,2023-02-18,,in_transit,49450,TRK2302140005
SHP03164,CUS0214,RTE042,"Jl. Pahlawan No. 4, Semarang","Jl. Cendrawasih No. 86, Malang",49.3,paket_besar,regular,2022-04-22,2022-04-25,2022-04-26,delivered,468350,TRK2204220003
SHP03165,CUS0213,RTE010,"Jl. Imam Bonjol No. 142, Jakarta","Jl. Diponegoro No. 198, Denpasar",20.0,fragile,regular,2022-08-28,2022-09-01,,in_transit,280000,TRK2208280005
SHP03166,CUS0389,RTE013,"Jl. Pemuda No. 27, Jakarta","Jl. Kenanga No. 80, Padang",9.6,dokumen,express,2022-06-25,2022-06-28,2022-06-29,delivered,312000,TRK2206250003
SHP03167,CUS0124,RTE078,"Jl. Mangga No. 152, Pontianak","Jl. Hayam Wuruk No. 239, Balikpapan",46.1,paket_kecil,regular,2022-08-14,2022-08-18,2022-08-19,delivered,599300,TRK2208140002
SHP03168,CUS0587,RTE047,"Jl. Sudirman No. 284, Medan","Jl. Gatot Subroto No. 6, Pekanbaru",0.4,paket_besar,regular,2024-04-25,2024-04-28,2024-04-30,delivered,3800,TRK2404250005
SHP03169,CUS0239,RTE046,"Jl. Pahlawan No. 214, Medan","Jl. Veteran No. 187, Padang",29.9,dokumen,regular,2023-05-04,2023-05-07,,in_transit,328900,TRK2305040003
SHP03170,CUS0371,RTE024,"Jl. Ahmad Yani No. 57, Surabaya","Jl. Veteran No. 15, Bandung",7.6,paket_kecil,express,2024-02-10,2024-02-12,2024-02-13,delivered,178600,TRK2402100002
SHP03171,CUS0101,RTE007,"Jl. Imam Bonjol No. 213, Jakarta","Jl. Hayam Wuruk No. 217, Yogyakarta",1.2,paket_kecil,regular,2023-01-31,2023-02-03,,delivered,12600,TRK2301310004
SHP03172,CUS0376,RTE058,"Jl. Mawar No. 228, Denpasar","Jl. Pemuda No. 42, Surabaya",33.2,paket_sedang,regular,2024-08-22,2024-08-25,2024-08-25,delivered,315400,TRK2408220004
SHP03173,CUS0346,RTE025,"Jl. Diponegoro No. 66, Surabaya","Jl. Margonda No. 254, Makassar",43.2,paket_sedang,express,2024-10-07,2024-10-09,2024-10-10,delivered,1058400,TRK2410070001
SHP03174,CUS0357,RTE021,"Jl. Imam Bonjol No. 63, Surabaya","Jl. Hayam Wuruk No. 270, Yogyakarta",23.3,fragile,express,2024-12-09,2024-12-10,2024-12-11,delivered,466000,TRK2412090002
SHP03175,CUS0119,RTE052,"Jl. Pajajaran No. 284, Makassar","Jl. Veteran No. 51, Manado",23.9,paket_kecil,regular,2022-07-11,2022-07-16,2022-07-16,delivered,358500,TRK2207110002
SHP03176,CUS0167,RTE034,"Jl. Asia Afrika No. 81, Bandung","Jl. Pemuda No. 257, Yogyakarta",15.7,paket_kecil,regular,2024-05-02,2024-05-05,2024-05-05,delivered,149150,TRK2405020006
SHP03177,CUS0077,RTE027,"Jl. Mawar No. 39, Surabaya","Jl. Pajajaran No. 241, Medan",44.8,paket_besar,regular,2022-07-09,2022-07-15,2022-07-16,delivered,940800,TRK2207090002
SHP03178,CUS0001,RTE053,"Jl. Imam Bonjol No. 165, Makassar","Jl. Pemuda No. 163, Denpasar",32.8,paket_sedang,express,2022-01-11,2022-01-13,,in_transit,902000,TRK2201110003
SHP03179,CUS0197,RTE033,"Jl. Sudirman No. 63, Bandung","Jl. Kebon Jeruk No. 47, Semarang",46.7,paket_sedang,regular,2024-08-03,2024-08-06,2024-08-05,delivered,443650,TRK2408030001
SHP03180,CUS0107,RTE027,"Jl. Kebon Jeruk No. 19, Surabaya","Jl. Asia Afrika No. 54, Medan",33.6,paket_sedang,express,2023-03-30,2023-04-02,2023-04-05,delivered,1444800,TRK2303300002
SHP03181,CUS0535,RTE012,"Jl. Mawar No. 84, Jakarta","Jl. Sudirman No. 126, Palembang",48.2,paket_sedang,regular,2024-01-03,2024-01-06,,in_transit,457900,TRK2401030002
SHP03182,CUS0433,RTE034,"Jl. Sudirman No. 16, Bandung","Jl. Gatot Subroto No. 292, Yogyakarta",3.3,paket_besar,express,2023-10-12,2023-10-13,2023-10-13,delivered,74250,TRK2310120006
SHP03183,CUS0133,RTE052,"Jl. Pajajaran No. 30, Makassar","Jl. Margonda No. 225, Manado",27.7,fragile,regular,2022-06-03,2022-06-08,,in_transit,415500,TRK2206030006
SHP03184,CUS0126,RTE054,"Jl. Ahmad Yani No. 106, Makassar","Jl. Ahmad Yani No. 89, Balikpapan",15.2,paket_sedang,regular,2022-09-08,2022-09-12,2022-09-12,delivered,174800,TRK2209080005
SHP03185,CUS0485,RTE041,"Jl. Pemuda No. 203, Semarang","Jl. Cendrawasih No. 74, Solo",13.8,paket_besar,regular,2022-09-17,2022-09-19,2022-09-19,delivered,103500,TRK2209170007
SHP03186,CUS0064,RTE055,"Jl. Pemuda No. 65, Makassar","Jl. Pajajaran No. 38, Surabaya",39.9,paket_sedang,express,2023-06-20,2023-06-23,,in_transit,1077300,TRK2306200004
SHP03187,CUS0410,RTE008,"Jl. Veteran No. 266, Jakarta","Jl. Cempaka No. 179, Solo",5.0,paket_besar,express,2022-11-01,2022-11-03,2022-11-03,delivered,125000,TRK2211010005
SHP03188,CUS0433,RTE051,"Jl. Hayam Wuruk No. 76, Medan","Jl. Gatot Subroto No. 254, Batam",14.4,paket_kecil,regular,2023-04-24,2023-04-28,,returned,172800,TRK2304240001
SHP03189,CUS0101,RTE056,"Jl. Setiabudi No. 139, Makassar","Jl. Mangga No. 162, Kendari",0.6,dokumen,regular,2023-08-13,2023-08-16,2023-08-16,delivered,5700,TRK2308130004
SHP03190,CUS0219,RTE061,"Jl. Kebon Jeruk No. 54, Denpasar","Jl. Veteran No. 149, Yogyakarta",32.1,paket_besar,regular,2022-08-04,2022-08-07,2022-08-09,delivered,353100,TRK2208040004
SHP03191,CUS0013,RTE064,"Jl. Kenanga No. 24, Yogyakarta","Jl. Kebon Jeruk No. 248, Semarang",26.8,paket_sedang,express,2023-10-20,2023-10-21,2023-10-22,delivered,388600,TRK2310200004
SHP03192,CUS0385,RTE007,"Jl. Asia Afrika No. 286, Jakarta","Jl. Setiabudi No. 270, Yogyakarta",11.4,dokumen,regular,2023-10-23,2023-10-26,2023-10-27,delivered,119700,TRK2310230007
SHP03193,CUS0285,RTE037,"Jl. Melati No. 157, Bandung","Jl. Melati No. 124, Malang",12.0,paket_besar,regular,2024-08-18,2024-08-22,,in_transit,144000,TRK2408180004
SHP03194,CUS0255,RTE056,"Jl. Setiabudi No. 245, Makassar","Jl. Thamrin No. 49, Kendari",33.3,paket_sedang,regular,2022-11-16,2022-11-19,,in_transit,316350,TRK2211160004
SHP03195,CUS0372,RTE031,"Jl. Gatot Subroto No. 248, Surabaya","Jl. Hayam Wuruk No. 25, Pekanbaru",12.8,dokumen,express,2023-03-15,2023-03-18,2023-03-19,delivered,518400,TRK2303150005
SHP03196,CUS0085,RTE015,"Jl. Anggrek No. 168, Jakarta","Jl. Cempaka No. 204, Makassar",27.9,paket_sedang,regular,2022-02-06,2022-02-11,2022-02-13,delivered,460350,TRK2202060005
SHP03197,CUS0368,RTE022,"Jl. Mangga No. 11, Surabaya","Jl. Hayam Wuruk No. 182, Semarang",1.7,paket_kecil,express,2022-11-10,2022-11-11,2022-11-12,delivered,30600,TRK2211100001
SHP03198,CUS0544,RTE035,"Jl. Mawar No. 79, Bandung","Jl. Imam Bonjol No. 204, Surabaya",25.3,paket_kecil,regular,2022-12-19,2022-12-23,2022-12-23,delivered,290950,TRK2212190004
SHP03199,CUS0437,RTE013,"Jl. Gatot Subroto No. 178, Jakarta","Jl. Ahmad Yani No. 19, Padang",40.6,paket_besar,express,2024-02-20,2024-02-23,2024-02-23,delivered,1319500,TRK2402200002
SHP03200,CUS0500,RTE066,"Jl. Kebon Jeruk No. 14, Yogyakarta","Jl. Anggrek No. 273, Bandung",49.8,paket_besar,regular,2024-03-17,2024-03-20,,returned,473100,TRK2403170003
SHP03201,CUS0515,RTE026,"Jl. Gatot Subroto No. 63, Surabaya","Jl. Diponegoro No. 61, Solo",23.1,paket_sedang,express,2022-10-13,2022-10-14,2022-10-17,delivered,462000,TRK2210130003
SHP03202,CUS0153,RTE021,"Jl. Merdeka No. 124, Surabaya","Jl. Gatot Subroto No. 95, Yogyakarta",16.5,paket_sedang,regular,2023-12-11,2023-12-14,2023-12-13,delivered,148500,TRK2312110005
SHP03203,CUS0220,RTE067,"Jl. Gajah Mada No. 220, Balikpapan","Jl. Asia Afrika No. 218, Samarinda",8.8,paket_sedang,regular,2023-06-19,2023-06-21,2023-06-21,delivered,66000,TRK2306190005
SHP03204,CUS0286,RTE023,"Jl. Melati No. 254, Surabaya","Jl. Merdeka No. 74, Denpasar",10.2,paket_sedang,regular,2024-09-30,2024-10-03,2024-10-06,delivered,96900,TRK2409300003
SHP03205,CUS0185,RTE013,"Jl. Raya Bogor No. 159, Jakarta","Jl. Pajajaran No. 78, Padang",0.7,paket_kecil,regular,2024-06-18,2024-06-23,2024-06-24,delivered,10850,TRK2406180002
SHP03206,CUS0493,RTE034,"Jl. Asia Afrika No. 190, Bandung","Jl. Kebon Jeruk No. 261, Yogyakarta",22.8,paket_sedang,express,2023-08-12,2023-08-13,2023-08-13,delivered,513000,TRK2308120005
SHP03207,CUS0052,RTE043,"Jl. Mangga No. 70, Semarang","Jl. Raya Bogor No. 169, Surabaya",11.4,paket_besar,express,2022-01-05,2022-01-06,2022-01-09,delivered,205200,TRK2201050005
SHP03208,CUS0589,RTE047,"Jl. Gajah Mada No. 281, Medan","Jl. Melati No. 254, Pekanbaru",30.4,fragile,express,2023-04-04,2023-04-06,2023-04-06,delivered,653600,TRK2304040003
SHP03209,CUS0187,RTE063,"Jl. Merdeka No. 236, Yogyakarta","Jl. Mangga No. 179, Malang",22.7,paket_kecil,same_day,2022-07-23,2022-07-23,,returned,681000,TRK2207230005
SHP03210,CUS0433,RTE010,"Jl. Diponegoro No. 299, Jakarta","Jl. Diponegoro No. 44, Denpasar",12.0,paket_kecil,express,2022-05-31,2022-06-03,2022-06-03,delivered,396000,TRK2205310004
SHP03211,CUS0213,RTE007,"Jl. Asia Afrika No. 16, Jakarta","Jl. Melati No. 169, Yogyakarta",9.5,fragile,express,2022-04-01,2022-04-03,2022-04-03,delivered,218500,TRK2204010003
SHP03212,CUS0267,RTE052,"Jl. Mangga No. 143, Makassar","Jl. Anggrek No. 148, Manado",35.6,paket_besar,regular,2023-03-09,2023-03-14,2023-03-14,delivered,534000,TRK2303090002
SHP03213,CUS0130,RTE024,"Jl. Veteran No. 88, Surabaya","Jl. Thamrin No. 286, Bandung",24.3,paket_kecil,same_day,2023-10-21,2023-10-21,2023-10-24,delivered,856575,TRK2310210004
SHP03214,CUS0486,RTE008,"Jl. Setiabudi No. 295, Jakarta","Jl. Pemuda No. 107, Solo",29.3,paket_besar,regular,2024-09-10,2024-09-13,2024-09-12,delivered,307650,TRK2409100002
SHP03215,CUS0540,RTE046,"Jl. Kenanga No. 226, Medan","Jl. Anggrek No. 106, Padang",24.0,paket_kecil,regular,2022-08-17,2022-08-20,2022-08-20,delivered,264000,TRK2208170004
SHP03216,CUS0568,RTE024,"Jl. Diponegoro No. 193, Surabaya","Jl. Kebon Jeruk No. 28, Bandung",25.8,paket_sedang,express,2023-03-05,2023-03-07,2023-03-07,delivered,606300,TRK2303050002
SHP03217,CUS0382,RTE014,"Jl. Cempaka No. 119, Jakarta","Jl. Gatot Subroto No. 230, Pekanbaru",42.1,paket_kecil,same_day,2025-01-20,2025-01-20,2025-01-21,delivered,1989225,TRK2501200001
SHP03218,CUS0253,RTE070,"Jl. Sudirman No. 102, Balikpapan","Jl. Mawar No. 143, Makassar",49.2,paket_sedang,same_day,2023-04-19,2023-04-19,2023-04-20,delivered,1992600,TRK2304190004
SHP03219,CUS0099,RTE029,"Jl. Merdeka No. 229, Surabaya","Jl. Thamrin No. 129, Manado",28.8,paket_kecil,regular,2024-01-21,2024-01-26,2024-01-26,delivered,489600,TRK2401210003
SHP03220,CUS0032,RTE057,"Jl. Melati No. 8, Denpasar","Jl. Sudirman No. 165, Mataram",45.7,fragile,regular,2024-11-05,2024-11-07,2024-11-08,delivered,365600,TRK2411050003
SHP03221,CUS0210,RTE034,"Jl. Kenanga No. 52, Bandung","Jl. Raya Bogor No. 64, Yogyakarta",39.0,dokumen,express,2023-01-02,2023-01-03,2023-01-04,delivered,877500,TRK2301020004
SHP03222,CUS0238,RTE067,"Jl. Hayam Wuruk No. 30, Balikpapan","Jl. Diponegoro No. 274, Samarinda",14.1,paket_sedang,express,2022-12-06,2022-12-07,2022-12-12,delivered,239700,TRK2212060008
SHP03223,CUS0528,RTE063,"Jl. Pajajaran No. 182, Yogyakarta","Jl. Veteran No. 238, Malang",3.6,paket_kecil,same_day,2023-08-27,2023-08-27,2023-08-27,delivered,108000,TRK2308270003
SHP03224,CUS0241,RTE028,"Jl. Pajajaran No. 18, Surabaya","Jl. Mawar No. 9, Balikpapan",19.1,paket_sedang,express,2022-05-05,2022-05-07,,in_transit,458400,TRK2205050004
SHP03225,CUS0412,RTE028,"Jl. Setiabudi No. 120, Surabaya","Jl. Gatot Subroto No. 52, Balikpapan",28.7,fragile,same_day,2024-06-01,2024-06-01,2024-06-02,delivered,1033200,TRK2406010002
SHP03226,CUS0107,RTE076,"Jl. Hayam Wuruk No. 173, Palembang","Jl. Pajajaran No. 113, Jakarta",1.4,paket_kecil,regular,2022-08-22,2022-08-25,2022-08-27,delivered,13300,TRK2208220004
SHP03227,CUS0262,RTE008,"Jl. Veteran No. 250, Jakarta","Jl. Melati No. 40, Solo",48.6,dokumen,regular,2024-09-21,2024-09-24,2024-09-25,delivered,510300,TRK2409210003
SHP03228,CUS0217,RTE004,"Jl. Cendrawasih No. 50, Jakarta","Jl. Kenanga No. 298, Bekasi",6.9,dokumen,regular,2023-08-11,2023-08-12,,in_transit,48300,TRK2308110002
SHP03229,CUS0380,RTE067,"Jl. Diponegoro No. 24, Balikpapan","Jl. Melati No. 74, Samarinda",40.3,paket_kecil,regular,2024-07-08,2024-07-10,,in_transit,302250,TRK2407080002
SHP03230,CUS0306,RTE017,"Jl. Pemuda No. 221, Jakarta","Jl. Kenanga No. 139, Balikpapan",46.6,paket_kecil,regular,2023-10-20,2023-10-25,,in_transit,699000,TRK2310200005
SHP03231,CUS0063,RTE055,"Jl. Hayam Wuruk No. 69, Makassar","Jl. Mangga No. 13, Surabaya",16.8,paket_besar,regular,2024-06-22,2024-06-26,2024-06-27,delivered,201600,TRK2406220005
SHP03232,CUS0123,RTE017,"Jl. Sudirman No. 231, Jakarta","Jl. Pahlawan No. 18, Balikpapan",31.1,paket_sedang,express,2022-02-16,2022-02-19,2022-02-21,delivered,1119600,TRK2202160006
SHP03233,CUS0322,RTE042,"Jl. Sudirman No. 276, Semarang","Jl. Asia Afrika No. 292, Malang",30.3,paket_besar,regular,2025-01-10,2025-01-13,2025-01-16,delivered,287850,TRK2501100007
SHP03234,CUS0270,RTE036,"Jl. Hayam Wuruk No. 223, Bandung","Jl. Hayam Wuruk No. 229, Solo",49.9,paket_besar,same_day,2025-01-08,2025-01-08,2025-01-10,delivered,1571850,TRK2501080001
SHP03235,CUS0458,RTE034,"Jl. Pemuda No. 95, Bandung","Jl. Thamrin No. 162, Yogyakarta",13.1,fragile,express,2024-01-11,2024-01-12,2024-01-15,delivered,294750,TRK2401110004
SHP03236,CUS0379,RTE042,"Jl. Cendrawasih No. 248, Semarang","Jl. Ahmad Yani No. 5, Malang",28.2,paket_kecil,regular,2024-03-17,2024-03-20,2024-03-21,delivered,267900,TRK2403170004
SHP03237,CUS0324,RTE077,"Jl. Pajajaran No. 125, Pontianak","Jl. Thamrin No. 13, Singkawang",3.7,paket_besar,express,2022-06-10,2022-06-11,2022-06-11,delivered,64750,TRK2206100001
SHP03238,CUS0035,RTE045,"Jl. Pajajaran No. 276, Semarang","Jl. Thamrin No. 199, Medan",31.5,dokumen,regular,2023-06-06,2023-06-12,2023-06-14,delivered,630000,TRK2306060004
SHP03239,CUS0279,RTE056,"Jl. Gajah Mada No. 159, Makassar","Jl. Anggrek No. 132, Kendari",0.4,dokumen,regular,2023-08-25,2023-08-28,2023-08-27,delivered,3800,TRK2308250005
SHP03240,CUS0300,RTE053,"Jl. Ahmad Yani No. 184, Makassar","Jl. Ahmad Yani No. 237, Denpasar",19.3,paket_besar,regular,2025-01-01,2025-01-05,,lost,221950,TRK2501010005
SHP03241,CUS0452,RTE045,"Jl. Pahlawan No. 185, Semarang","Jl. Cendrawasih No. 10, Medan",14.2,paket_besar,express,2022-10-18,2022-10-21,,delivered,639000,TRK2210180004
SHP03242,CUS0289,RTE051,"Jl. Cendrawasih No. 69, Medan","Jl. Hayam Wuruk No. 228, Batam",21.2,dokumen,regular,2024-12-22,2024-12-26,2024-12-25,delivered,254400,TRK2412220006
SHP03243,CUS0482,RTE078,"Jl. Hayam Wuruk No. 41, Pontianak","Jl. Gatot Subroto No. 260, Balikpapan",5.7,paket_sedang,regular,2024-02-26,2024-03-01,2024-03-01,delivered,74100,TRK2402260004
SHP03244,CUS0382,RTE008,"Jl. Kenanga No. 61, Jakarta","Jl. Gajah Mada No. 290, Solo",16.6,dokumen,regular,2022-08-11,2022-08-14,2022-08-14,delivered,174300,TRK2208110004
SHP03245,CUS0023,RTE057,"Jl. Gatot Subroto No. 255, Denpasar","Jl. Ahmad Yani No. 37, Mataram",31.6,paket_sedang,express,2024-09-18,2024-09-19,2024-09-22,delivered,568800,TRK2409180005
SHP03246,CUS0397,RTE025,"Jl. Setiabudi No. 52, Surabaya","Jl. Kebon Jeruk No. 21, Makassar",34.6,paket_besar,same_day,2022-11-17,2022-11-17,2022-11-19,delivered,1271550,TRK2211170006
SHP03247,CUS0125,RTE075,"Jl. Mawar No. 206, Palembang","Jl. Melati No. 30, Padang",8.2,paket_kecil,regular,2022-07-24,2022-07-28,2022-07-28,delivered,110700,TRK2207240007
SHP03248,CUS0261,RTE038,"Jl. Ahmad Yani No. 195, Bandung","Jl. Mangga No. 215, Cirebon",14.2,paket_besar,express,2024-10-31,2024-11-01,2024-11-02,delivered,241400,TRK2410310004
SHP03249,CUS0185,RTE033,"Jl. Raya Bogor No. 158, Bandung","Jl. Gatot Subroto No. 278, Semarang",11.5,paket_sedang,same_day,2022-05-18,2022-05-18,2022-05-21,delivered,327750,TRK2205180005
SHP03250,CUS0248,RTE057,"Jl. Kebon Jeruk No. 66, Denpasar","Jl. Ahmad Yani No. 143, Mataram",38.4,fragile,express,2022-11-18,2022-11-19,,in_transit,691200,TRK2211180004
SHP03251,CUS0593,RTE059,"Jl. Pajajaran No. 167, Denpasar","Jl. Mangga No. 48, Lombok",35.9,paket_kecil,regular,2024-12-21,2024-12-23,2024-12-26,delivered,287200,TRK2412210003
SHP03252,CUS0590,RTE040,"Jl. Sudirman No. 3, Semarang","Jl. Mangga No. 159, Yogyakarta",19.3,paket_besar,express,2023-06-07,2023-06-08,2023-06-11,delivered,308800,TRK2306070007
SHP03253,CUS0241,RTE075,"Jl. Diponegoro No. 149, Palembang","Jl. Kenanga No. 258, Padang",24.8,dokumen,express,2023-05-15,2023-05-18,2023-05-19,delivered,694400,TRK2305150003
SHP03254,CUS0489,RTE054,"Jl. Ahmad Yani No. 293, Makassar","Jl. Melati No. 106, Balikpapan",22.7,dokumen,regular,2023-07-16,2023-07-20,2023-07-23,delivered,261050,TRK2307160007
SHP03255,CUS0360,RTE015,"Jl. Mangga No. 52, Jakarta","Jl. Kenanga No. 233, Makassar",6.2,paket_kecil,express,2024-07-03,2024-07-06,2024-07-06,delivered,201500,TRK2407030004
SHP03256,CUS0446,RTE059,"Jl. Cendrawasih No. 218, Denpasar","Jl. Margonda No. 205, Lombok",37.7,paket_sedang,regular,2022-09-04,2022-09-06,2022-09-07,delivered,301600,TRK2209040006
SHP03257,CUS0374,RTE021,"Jl. Imam Bonjol No. 130, Surabaya","Jl. Diponegoro No. 176, Yogyakarta",28.9,paket_sedang,regular,2022-08-20,2022-08-23,2022-08-23,delivered,260100,TRK2208200002
SHP03258,CUS0594,RTE064,"Jl. Sudirman No. 272, Yogyakarta","Jl. Gajah Mada No. 216, Semarang",37.6,paket_sedang,express,2022-08-28,2022-08-29,2022-08-28,delivered,545200,TRK2208280006
SHP03259,CUS0384,RTE056,"Jl. Pajajaran No. 109, Makassar","Jl. Pajajaran No. 213, Kendari",24.3,paket_sedang,regular,2024-07-01,2024-07-04,,in_transit,230850,TRK2407010003
SHP03260,CUS0489,RTE062,"Jl. Asia Afrika No. 140, Yogyakarta","Jl. Thamrin No. 182, Solo",40.3,paket_besar,regular,2022-04-24,2022-04-25,2022-04-25,delivered,302250,TRK2204240004
SHP03261,CUS0374,RTE003,"Jl. Margonda No. 44, Jakarta","Jl. Gajah Mada No. 189, Tangerang",48.1,paket_kecil,regular,2022-03-15,2022-03-16,2022-03-17,delivered,336700,TRK2203150003
SHP03262,CUS0552,RTE042,"Jl. Mawar No. 166, Semarang","Jl. Diponegoro No. 190, Malang",19.5,paket_sedang,express,2023-06-14,2023-06-15,2023-06-18,delivered,360750,TRK2306140004
SHP03263,CUS0274,RTE071,"Jl. Ahmad Yani No. 183, Pekanbaru","Jl. Hayam Wuruk No. 173, Padang",35.5,paket_sedang,regular,2024-04-19,2024-04-21,2024-04-21,delivered,301750,TRK2404190004
SHP03264,CUS0347,RTE035,"Jl. Pahlawan No. 2, Bandung","Jl. Margonda No. 171, Surabaya",1.4,paket_sedang,regular,2023-03-18,2023-03-22,2023-03-24,delivered,16100,TRK2303180004
SHP03265,CUS0461,RTE021,"Jl. Melati No. 241, Surabaya","Jl. Diponegoro No. 271, Yogyakarta",31.3,paket_sedang,regular,2024-08-30,2024-09-02,2024-09-02,delivered,281700,TRK2408300002
SHP03266,CUS0335,RTE065,"Jl. Kenanga No. 255, Yogyakarta","Jl. Thamrin No. 285, Surabaya",29.1,paket_kecil,regular,2024-05-23,2024-05-26,2024-05-28,delivered,261900,TRK2405230004
SHP03267,CUS0024,RTE031,"Jl. Cendrawasih No. 217, Surabaya","Jl. Cempaka No. 277, Pekanbaru",1.7,paket_sedang,same_day,2024-08-09,2024-08-09,2024-08-09,delivered,103275,TRK2408090002
SHP03268,CUS0314,RTE034,"Jl. Kenanga No. 89, Bandung","Jl. Kebon Jeruk No. 147, Yogyakarta",9.9,paket_kecil,regular,2024-09-14,2024-09-17,2024-09-18,delivered,94050,TRK2409140003
SHP03269,CUS0408,RTE014,"Jl. Cendrawasih No. 182, Jakarta","Jl. Veteran No. 245, Pekanbaru",24.8,paket_besar,express,2024-12-12,2024-12-15,2024-12-15,delivered,781200,TRK2412120004
SHP03270,CUS0285,RTE063,"Jl. Asia Afrika No. 216, Yogyakarta","Jl. Pemuda No. 289, Malang",49.7,paket_sedang,regular,2023-01-31,2023-02-03,,in_transit,472150,TRK2301310005
SHP03271,CUS0439,RTE075,"Jl. Hayam Wuruk No. 12, Palembang","Jl. Raya Bogor No. 242, Padang",40.2,paket_kecil,regular,2023-12-07,2023-12-11,2023-12-10,delivered,542700,TRK2312070006
SHP03272,CUS0398,RTE078,"Jl. Gatot Subroto No. 179, Pontianak","Jl. Cendrawasih No. 244, Balikpapan",26.6,paket_sedang,express,2022-10-18,2022-10-20,2022-10-20,delivered,744800,TRK2210180005
SHP03273,CUS0490,RTE006,"Jl. Sudirman No. 269, Jakarta","Jl. Gatot Subroto No. 101, Surabaya",10.9,paket_besar,regular,2022-02-07,2022-02-11,2022-02-11,delivered,125350,TRK2202070002
SHP03274,CUS0492,RTE039,"Jl. Veteran No. 92, Bandung","Jl. Cendrawasih No. 294, Denpasar",43.0,paket_kecil,same_day,2023-07-25,2023-07-25,2023-07-26,delivered,2064000,TRK2307250002
SHP03275,CUS0101,RTE071,"Jl. Sudirman No. 47, Pekanbaru","Jl. Margonda No. 195, Padang",33.7,paket_sedang,express,2022-08-30,2022-08-31,2022-08-31,delivered,690850,TRK2208300004
SHP03276,CUS0179,RTE074,"Jl. Pemuda No. 216, Palembang","Jl. Ahmad Yani No. 21, Lampung",12.4,fragile,express,2022-11-15,2022-11-16,2022-11-17,delivered,285200,TRK2211150004
SHP03277,CUS0097,RTE034,"Jl. Cendrawasih No. 183, Bandung","Jl. Mangga No. 179, Yogyakarta",4.9,dokumen,regular,2022-02-26,2022-03-01,2022-03-03,delivered,46550,TRK2202260005
SHP03278,CUS0237,RTE073,"Jl. Pajajaran No. 31, Pekanbaru","Jl. Gajah Mada No. 198, Medan",49.2,paket_sedang,express,2023-06-04,2023-06-05,2023-06-05,delivered,1131600,TRK2306040003
SHP03279,CUS0588,RTE038,"Jl. Merdeka No. 286, Bandung","Jl. Raya Bogor No. 107, Cirebon",36.1,paket_kecil,express,2023-08-11,2023-08-12,2023-08-15,delivered,613700,TRK2308110003
SHP03280,CUS0543,RTE065,"Jl. Pemuda No. 198, Yogyakarta","Jl. Veteran No. 243, Surabaya",36.0,paket_kecil,express,2025-01-31,2025-02-01,,returned,612000,TRK2501310006
SHP03281,CUS0333,RTE007,"Jl. Pajajaran No. 125, Jakarta","Jl. Sudirman No. 92, Yogyakarta",43.7,paket_sedang,regular,2022-06-12,2022-06-15,2022-06-20,delivered,458850,TRK2206120005
SHP03282,CUS0590,RTE027,"Jl. Gatot Subroto No. 206, Surabaya","Jl. Pahlawan No. 184, Medan",2.4,paket_besar,regular,2023-02-10,2023-02-16,2023-02-16,delivered,50400,TRK2302100003
SHP03283,CUS0455,RTE080,"Jl. Cempaka No. 75, Manado","Jl. Ahmad Yani No. 157, Gorontalo",33.8,paket_besar,regular,2024-08-12,2024-08-15,2024-08-15,delivered,321100,TRK2408120001
SHP03284,CUS0572,RTE060,"Jl. Setiabudi No. 250, Denpasar","Jl. Mangga No. 124, Makassar",36.7,paket_besar,express,2023-07-04,2023-07-07,2023-07-10,delivered,807400,TRK2307040002
SHP03285,CUS0082,RTE022,"Jl. Anggrek No. 224, Surabaya","Jl. Mawar No. 85, Semarang",25.4,paket_sedang,express,2025-01-07,2025-01-08,2025-01-08,delivered,457200,TRK2501070004
SHP03286,CUS0086,RTE007,"Jl. Pemuda No. 10, Jakarta","Jl. Mawar No. 195, Yogyakarta",35.3,paket_besar,regular,2024-02-12,2024-02-15,2024-02-18,delivered,370650,TRK2402120007
SHP03287,CUS0391,RTE041,"Jl. Pahlawan No. 145, Semarang","Jl. Asia Afrika No. 163, Solo",24.4,dokumen,express,2022-04-13,2022-04-14,,returned,390400,TRK2204130002
SHP03288,CUS0145,RTE003,"Jl. Pemuda No. 11, Jakarta","Jl. Ahmad Yani No. 40, Tangerang",35.2,dokumen,regular,2022-05-22,2022-05-23,2022-05-23,delivered,246400,TRK2205220002
SHP03289,CUS0287,RTE032,"Jl. Margonda No. 128, Bandung","Jl. Mawar No. 29, Bogor",49.4,paket_kecil,regular,2024-06-15,2024-06-17,2024-06-18,delivered,395200,TRK2406150004
SHP03290,CUS0103,RTE038,"Jl. Cempaka No. 203, Bandung","Jl. Veteran No. 184, Cirebon",16.0,dokumen,regular,2024-01-28,2024-01-30,2024-01-30,delivered,128000,TRK2401280004
SHP03291,CUS0065,RTE011,"Jl. Sudirman No. 59, Jakarta","Jl. Pajajaran No. 166, Medan",25.6,paket_kecil,regular,2023-04-07,2023-04-12,2023-04-17,delivered,460800,TRK2304070005
SHP03292,CUS0094,RTE029,"Jl. Melati No. 30, Surabaya","Jl. Margonda No. 24, Manado",36.2,paket_besar,express,2024-08-02,2024-08-05,2024-08-05,delivered,1267000,TRK2408020003
SHP03293,CUS0196,RTE012,"Jl. Mawar No. 185, Jakarta","Jl. Cendrawasih No. 15, Palembang",40.1,fragile,regular,2023-01-14,2023-01-17,2023-01-20,delivered,380950,TRK2301140003
SHP03294,CUS0456,RTE028,"Jl. Mawar No. 110, Surabaya","Jl. Veteran No. 247, Balikpapan",40.6,paket_sedang,regular,2022-01-12,2022-01-16,2022-01-16,delivered,507500,TRK2201120002
SHP03295,CUS0297,RTE073,"Jl. Pahlawan No. 212, Pekanbaru","Jl. Pahlawan No. 40, Medan",41.4,fragile,express,2022-11-20,2022-11-21,2022-11-24,delivered,952200,TRK2211200003
SHP03296,CUS0164,RTE034,"Jl. Sudirman No. 1, Bandung","Jl. Cendrawasih No. 40, Yogyakarta",10.5,paket_kecil,regular,2024-05-23,2024-05-26,2024-05-29,delivered,99750,TRK2405230005
SHP03297,CUS0055,RTE022,"Jl. Kebon Jeruk No. 161, Surabaya","Jl. Gatot Subroto No. 139, Semarang",12.6,paket_sedang,regular,2023-07-21,2023-07-24,2023-07-26,delivered,113400,TRK2307210005
SHP03298,CUS0086,RTE009,"Jl. Kenanga No. 16, Jakarta","Jl. Thamrin No. 156, Malang",17.0,dokumen,regular,2023-05-12,2023-05-16,2023-05-19,delivered,204000,TRK2305120008
SHP03299,CUS0116,RTE074,"Jl. Hayam Wuruk No. 209, Palembang","Jl. Thamrin No. 78, Lampung",24.1,paket_sedang,regular,2023-07-16,2023-07-19,2023-07-21,delivered,228950,TRK2307160008
SHP03300,CUS0507,RTE063,"Jl. Cempaka No. 224, Yogyakarta","Jl. Cendrawasih No. 26, Malang",42.4,paket_kecil,express,2023-11-12,2023-11-13,2023-11-13,delivered,848000,TRK2311120005
SHP03301,CUS0325,RTE061,"Jl. Gajah Mada No. 5, Denpasar","Jl. Ahmad Yani No. 87, Yogyakarta",9.1,paket_sedang,regular,2022-04-27,2022-04-30,2022-04-30,delivered,100100,TRK2204270003
SHP03302,CUS0270,RTE065,"Jl. Cendrawasih No. 57, Yogyakarta","Jl. Setiabudi No. 252, Surabaya",16.9,paket_kecil,regular,2024-11-27,2024-11-30,2024-11-30,delivered,152100,TRK2411270001
SHP03303,CUS0511,RTE014,"Jl. Asia Afrika No. 154, Jakarta","Jl. Kenanga No. 286, Pekanbaru",41.4,dokumen,regular,2024-01-26,2024-01-31,2024-02-05,delivered,579600,TRK2401260003
SHP03304,CUS0022,RTE010,"Jl. Mangga No. 256, Jakarta","Jl. Raya Bogor No. 170, Denpasar",17.8,paket_sedang,express,2022-12-15,2022-12-18,2022-12-18,delivered,587400,TRK2212150004
SHP03305,CUS0562,RTE049,"Jl. Hayam Wuruk No. 24, Medan","Jl. Ahmad Yani No. 139, Banda Aceh",36.7,dokumen,regular,2023-07-26,2023-07-29,,in_transit,385350,TRK2307260002
SHP03306,CUS0141,RTE080,"Jl. Ahmad Yani No. 75, Manado","Jl. Pajajaran No. 208, Gorontalo",24.7,paket_sedang,express,2025-01-08,2025-01-10,2025-01-10,delivered,543400,TRK2501080002
SHP03307,CUS0355,RTE006,"Jl. Gatot Subroto No. 169, Jakarta","Jl. Asia Afrika No. 117, Surabaya",22.0,paket_sedang,regular,2022-12-29,2023-01-02,,delivered,253000,TRK2212290003
SHP03308,CUS0421,RTE066,"Jl. Ahmad Yani No. 228, Yogyakarta","Jl. Thamrin No. 151, Bandung",7.2,dokumen,same_day,2024-10-31,2024-10-31,2024-10-31,delivered,243000,TRK2410310005
SHP03309,CUS0154,RTE001,"Jl. Mawar No. 196, Jakarta","Jl. Raya Bogor No. 276, Bandung",4.0,paket_sedang,regular,2024-05-28,2024-05-30,,in_transit,32000,TRK2405280005
SHP03310,CUS0548,RTE010,"Jl. Ahmad Yani No. 113, Jakarta","Jl. Cendrawasih No. 185, Denpasar",28.9,paket_kecil,regular,2024-08-15,2024-08-19,,in_transit,404600,TRK2408150002
SHP03311,CUS0401,RTE053,"Jl. Pajajaran No. 54, Makassar","Jl. Raya Bogor No. 25, Denpasar",15.7,paket_kecil,regular,2022-06-21,2022-06-25,2022-06-25,delivered,180550,TRK2206210005
SHP03312,CUS0030,RTE064,"Jl. Cendrawasih No. 8, Yogyakarta","Jl. Gatot Subroto No. 235, Semarang",17.5,fragile,same_day,2025-01-04,2025-01-04,,returned,380625,TRK2501040004
SHP03313,CUS0007,RTE001,"Jl. Mawar No. 243, Jakarta","Jl. Kenanga No. 129, Bandung",9.0,paket_kecil,regular,2024-01-13,2024-01-15,,delivered,72000,TRK2401130004
SHP03314,CUS0468,RTE056,"Jl. Asia Afrika No. 272, Makassar","Jl. Kebon Jeruk No. 220, Kendari",46.1,paket_sedang,regular,2024-06-06,2024-06-09,,in_transit,437950,TRK2406060002
SHP03315,CUS0439,RTE063,"Jl. Diponegoro No. 48, Yogyakarta","Jl. Cempaka No. 82, Malang",39.9,paket_kecil,same_day,2023-04-22,2023-04-22,2023-04-22,delivered,1197000,TRK2304220005
SHP03316,CUS0121,RTE034,"Jl. Merdeka No. 6, Bandung","Jl. Kebon Jeruk No. 78, Yogyakarta",5.6,paket_kecil,regular,2024-01-15,2024-01-18,,in_transit,53200,TRK2401150002
SHP03317,CUS0497,RTE069,"Jl. Veteran No. 101, Balikpapan","Jl. Cendrawasih No. 238, Pontianak",45.6,paket_kecil,express,2022-04-22,2022-04-25,2022-04-28,delivered,1459200,TRK2204220004
SHP03318,CUS0591,RTE014,"Jl. Pahlawan No. 24, Jakarta","Jl. Gajah Mada No. 300, Pekanbaru",40.4,paket_besar,express,2024-08-10,2024-08-13,,in_transit,1272600,TRK2408100002
SHP03319,CUS0401,RTE076,"Jl. Pajajaran No. 274, Palembang","Jl. Kenanga No. 15, Jakarta",4.6,paket_sedang,regular,2023-12-02,2023-12-05,2023-12-07,delivered,43700,TRK2312020003
SHP03320,CUS0133,RTE008,"Jl. Kenanga No. 111, Jakarta","Jl. Cendrawasih No. 50, Solo",37.2,paket_besar,express,2022-03-20,2022-03-22,2022-03-22,delivered,930000,TRK2203200002
SHP03321,CUS0503,RTE005,"Jl. Gatot Subroto No. 207, Jakarta","Jl. Kebon Jeruk No. 87, Semarang",35.9,paket_besar,regular,2023-05-09,2023-05-12,2023-05-13,delivered,341050,TRK2305090003
SHP03322,CUS0232,RTE048,"Jl. Hayam Wuruk No. 181, Medan","Jl. Cempaka No. 55, Palembang",16.0,paket_kecil,regular,2022-06-07,2022-06-12,2022-06-12,delivered,240000,TRK2206070005
SHP03323,CUS0424,RTE020,"Jl. Mangga No. 208, Surabaya","Jl. Gajah Mada No. 278, Malang",43.0,fragile,same_day,2023-01-30,2023-01-30,2023-01-30,delivered,1032000,TRK2301300005
SHP03324,CUS0056,RTE017,"Jl. Setiabudi No. 185, Jakarta","Jl. Veteran No. 193, Balikpapan",25.7,paket_kecil,regular,2022-05-05,2022-05-10,2022-05-11,delivered,385500,TRK2205050005
SHP03325,CUS0183,RTE042,"Jl. Ahmad Yani No. 185, Semarang","Jl. Thamrin No. 282, Malang",49.7,fragile,regular,2023-07-04,2023-07-07,2023-07-06,delivered,472150,TRK2307040003
SHP03326,CUS0450,RTE072,"Jl. Mawar No. 105, Pekanbaru","Jl. Kebon Jeruk No. 287, Palembang",25.0,dokumen,express,2023-02-14,2023-02-17,2023-02-18,delivered,575000,TRK2302140006
SHP03327,CUS0295,RTE016,"Jl. Setiabudi No. 29, Jakarta","Jl. Thamrin No. 3, Manado",21.9,paket_kecil,regular,2024-11-21,2024-11-28,2024-11-28,delivered,470850,TRK2411210001
SHP03328,CUS0247,RTE073,"Jl. Veteran No. 14, Pekanbaru","Jl. Setiabudi No. 3, Medan",13.9,dokumen,express,2023-10-04,2023-10-05,2023-10-07,delivered,319700,TRK2310040009
SHP03329,CUS0425,RTE001,"Jl. Margonda No. 274, Jakarta","Jl. Cempaka No. 255, Bandung",44.4,paket_kecil,express,2023-05-17,2023-05-18,2023-05-19,delivered,754800,TRK2305170002
SHP03330,CUS0006,RTE037,"Jl. Pemuda No. 240, Bandung","Jl. Cempaka No. 27, Malang",31.8,fragile,same_day,2023-05-12,2023-05-12,2023-05-12,delivered,1049400,TRK2305120009
SHP03331,CUS0482,RTE002,"Jl. Diponegoro No. 251, Jakarta","Jl. Kebon Jeruk No. 272, Bogor",28.9,paket_kecil,regular,2024-05-21,2024-05-22,2024-05-22,delivered,216750,TRK2405210002
SHP03332,CUS0117,RTE025,"Jl. Sudirman No. 25, Surabaya","Jl. Hayam Wuruk No. 26, Makassar",44.9,paket_kecil,express,2025-01-22,2025-01-24,2025-01-27,delivered,1100050,TRK2501220004
SHP03333,CUS0336,RTE063,"Jl. Hayam Wuruk No. 153, Yogyakarta","Jl. Melati No. 108, Malang",45.2,paket_sedang,regular,2025-01-14,2025-01-17,2025-01-17,delivered,429400,TRK2501140003
SHP03334,CUS0497,RTE040,"Jl. Sudirman No. 196, Semarang","Jl. Pahlawan No. 262, Yogyakarta",8.3,paket_kecil,regular,2024-06-29,2024-07-01,2024-07-01,delivered,62250,TRK2406290006
SHP03335,CUS0323,RTE029,"Jl. Pahlawan No. 7, Surabaya","Jl. Gajah Mada No. 72, Manado",48.1,paket_kecil,regular,2024-01-28,2024-02-02,,in_transit,817700,TRK2401280005
SHP03336,CUS0058,RTE015,"Jl. Merdeka No. 169, Jakarta","Jl. Pahlawan No. 130, Makassar",23.5,dokumen,regular,2024-11-10,2024-11-15,,in_transit,387750,TRK2411100004
SHP03337,CUS0486,RTE045,"Jl. Sudirman No. 186, Semarang","Jl. Asia Afrika No. 107, Medan",49.2,paket_sedang,express,2022-09-04,2022-09-07,,returned,2214000,TRK2209040007
SHP03338,CUS0544,RTE035,"Jl. Gatot Subroto No. 263, Bandung","Jl. Sudirman No. 184, Surabaya",37.5,paket_besar,regular,2022-09-18,2022-09-22,2022-09-21,delivered,431250,TRK2209180005
SHP03339,CUS0004,RTE064,"Jl. Ahmad Yani No. 22, Yogyakarta","Jl. Ahmad Yani No. 192, Semarang",3.5,paket_sedang,express,2023-03-12,2023-03-13,2023-03-13,delivered,50750,TRK2303120002
SHP03340,CUS0158,RTE061,"Jl. Cendrawasih No. 75, Denpasar","Jl. Setiabudi No. 196, Yogyakarta",28.1,paket_besar,express,2023-06-28,2023-06-30,,lost,604150,TRK2306280005
SHP03341,CUS0459,RTE029,"Jl. Anggrek No. 239, Surabaya","Jl. Cempaka No. 104, Manado",2.2,fragile,express,2024-01-28,2024-01-31,2024-01-31,delivered,77000,TRK2401280006
SHP03342,CUS0209,RTE078,"Jl. Thamrin No. 193, Pontianak","Jl. Thamrin No. 188, Balikpapan",20.7,paket_sedang,regular,2024-06-17,2024-06-21,2024-06-21,delivered,269100,TRK2406170004
SHP03343,CUS0309,RTE016,"Jl. Merdeka No. 245, Jakarta","Jl. Merdeka No. 153, Manado",30.8,paket_kecil,regular,2025-01-01,2025-01-08,2025-01-13,delivered,662200,TRK2501010006
SHP03344,CUS0072,RTE073,"Jl. Veteran No. 221, Pekanbaru","Jl. Imam Bonjol No. 297, Medan",14.4,paket_kecil,regular,2023-03-02,2023-03-05,,in_transit,136800,TRK2303020004
SHP03345,CUS0438,RTE045,"Jl. Raya Bogor No. 100, Semarang","Jl. Gatot Subroto No. 157, Medan",45.1,fragile,express,2023-07-28,2023-07-31,2023-07-31,delivered,2029500,TRK2307280004
SHP03346,CUS0431,RTE071,"Jl. Setiabudi No. 61, Pekanbaru","Jl. Gajah Mada No. 17, Padang",37.7,paket_sedang,regular,2023-08-25,2023-08-27,2023-08-27,delivered,320450,TRK2308250006
SHP03347,CUS0239,RTE014,"Jl. Kenanga No. 230, Jakarta","Jl. Cempaka No. 282, Pekanbaru",29.0,paket_besar,same_day,2023-04-13,2023-04-13,2023-04-13,delivered,1370250,TRK2304130002
SHP03348,CUS0048,RTE017,"Jl. Merdeka No. 5, Jakarta","Jl. Ahmad Yani No. 80, Balikpapan",40.5,paket_kecil,regular,2024-11-27,2024-12-02,2024-12-03,delivered,607500,TRK2411270002
SHP03349,CUS0246,RTE014,"Jl. Raya Bogor No. 292, Jakarta","Jl. Imam Bonjol No. 3, Pekanbaru",38.4,paket_kecil,express,2022-11-11,2022-11-14,2022-11-15,delivered,1209600,TRK2211110003
SHP03350,CUS0265,RTE001,"Jl. Sudirman No. 159, Jakarta","Jl. Veteran No. 280, Bandung",45.9,fragile,regular,2024-11-20,2024-11-22,2024-11-22,delivered,367200,TRK2411200003
SHP03351,CUS0042,RTE064,"Jl. Kebon Jeruk No. 79, Yogyakarta","Jl. Imam Bonjol No. 22, Semarang",36.9,paket_sedang,express,2024-11-02,2024-11-03,2024-11-04,delivered,535050,TRK2411020006
SHP03352,CUS0437,RTE026,"Jl. Cendrawasih No. 258, Surabaya","Jl. Sudirman No. 183, Solo",10.3,fragile,regular,2024-12-21,2024-12-23,2024-12-23,delivered,87550,TRK2412210004
SHP03353,CUS0569,RTE068,"Jl. Diponegoro No. 104, Balikpapan","Jl. Merdeka No. 23, Banjarmasin",28.3,dokumen,express,2025-01-15,2025-01-17,2025-01-17,delivered,608450,TRK2501150003
SHP03354,CUS0476,RTE064,"Jl. Thamrin No. 239, Yogyakarta","Jl. Gajah Mada No. 51, Semarang",26.2,fragile,regular,2022-08-02,2022-08-04,2022-08-03,delivered,196500,TRK2208020006
SHP03355,CUS0520,RTE053,"Jl. Merdeka No. 207, Makassar","Jl. Mawar No. 271, Denpasar",46.7,paket_sedang,express,2022-05-20,2022-05-22,2022-05-25,delivered,1284250,TRK2205200003
SHP03356,CUS0558,RTE074,"Jl. Imam Bonjol No. 6, Palembang","Jl. Sudirman No. 194, Lampung",38.8,paket_besar,express,2024-12-08,2024-12-09,2024-12-09,delivered,892400,TRK2412080006
SHP03357,CUS0164,RTE063,"Jl. Mangga No. 25, Yogyakarta","Jl. Pemuda No. 84, Malang",18.5,paket_sedang,regular,2024-02-12,2024-02-15,2024-02-15,delivered,175750,TRK2402120008
SHP03358,CUS0024,RTE055,"Jl. Kenanga No. 39, Makassar","Jl. Raya Bogor No. 231, Surabaya",29.9,paket_kecil,regular,2022-07-26,2022-07-30,2022-07-31,delivered,358800,TRK2207260003
SHP03359,CUS0468,RTE078,"Jl. Mawar No. 5, Pontianak","Jl. Merdeka No. 64, Balikpapan",2.2,dokumen,regular,2023-06-26,2023-06-30,2023-07-01,delivered,28600,TRK2306260008
SHP03360,CUS0005,RTE080,"Jl. Kenanga No. 178, Manado","Jl. Pajajaran No. 133, Gorontalo",12.9,paket_sedang,regular,2022-04-02,2022-04-05,2022-04-08,delivered,122550,TRK2204020002
SHP03361,CUS0279,RTE069,"Jl. Veteran No. 99, Balikpapan","Jl. Ahmad Yani No. 214, Pontianak",45.0,paket_kecil,regular,2024-07-26,2024-07-30,,returned,585000,TRK2407260005
SHP03362,CUS0139,RTE050,"Jl. Thamrin No. 94, Medan","Jl. Asia Afrika No. 111, Jakarta",3.6,fragile,express,2022-03-02,2022-03-05,2022-03-05,delivered,140400,TRK2203020003
SHP03363,CUS0433,RTE054,"Jl. Pemuda No. 29, Makassar","Jl. Hayam Wuruk No. 296, Balikpapan",23.9,paket_sedang,regular,2022-02-19,2022-02-23,,delivered,274850,TRK2202190006
SHP03364,CUS0544,RTE064,"Jl. Pajajaran No. 285, Yogyakarta","Jl. Sudirman No. 109, Semarang",22.3,paket_kecil,express,2023-11-16,2023-11-17,2023-11-19,delivered,323350,TRK2311160005
SHP03365,CUS0247,RTE057,"Jl. Asia Afrika No. 65, Denpasar","Jl. Cendrawasih No. 270, Mataram",26.4,dokumen,regular,2023-11-15,2023-11-17,2023-11-19,delivered,211200,TRK2311150004
SHP03366,CUS0328,RTE063,"Jl. Kenanga No. 51, Yogyakarta","Jl. Veteran No. 226, Malang",10.1,dokumen,regular,2022-09-02,2022-09-05,2022-09-07,delivered,95950,TRK2209020004
SHP03367,CUS0347,RTE050,"Jl. Diponegoro No. 139, Medan","Jl. Melati No. 142, Jakarta",48.3,paket_kecil,regular,2022-08-16,2022-08-21,2022-08-22,delivered,869400,TRK2208160004
SHP03368,CUS0558,RTE021,"Jl. Mawar No. 116, Surabaya","Jl. Pajajaran No. 20, Yogyakarta",17.7,paket_besar,express,2024-04-16,2024-04-17,2024-04-17,delivered,354000,TRK2404160001
SHP03369,CUS0033,RTE068,"Jl. Pemuda No. 8, Balikpapan","Jl. Mawar No. 267, Banjarmasin",13.8,fragile,regular,2022-01-28,2022-01-31,2022-02-02,delivered,131100,TRK2201280009
SHP03370,CUS0341,RTE057,"Jl. Mawar No. 151, Denpasar","Jl. Cendrawasih No. 198, Mataram",7.0,paket_sedang,express,2024-09-21,2024-09-22,2024-09-23,delivered,126000,TRK2409210004
SHP03371,CUS0325,RTE055,"Jl. Hayam Wuruk No. 65, Makassar","Jl. Hayam Wuruk No. 176, Surabaya",33.2,paket_kecil,regular,2023-11-16,2023-11-20,2023-11-21,delivered,398400,TRK2311160006
SHP03372,CUS0433,RTE052,"Jl. Mawar No. 90, Makassar","Jl. Cempaka No. 92, Manado",28.7,dokumen,regular,2022-11-28,2022-12-03,2022-12-03,delivered,430500,TRK2211280002
SHP03373,CUS0431,RTE061,"Jl. Cempaka No. 139, Denpasar","Jl. Thamrin No. 222, Yogyakarta",33.3,dokumen,same_day,2023-06-17,2023-06-17,2023-06-17,delivered,1073925,TRK2306170001
SHP03374,CUS0530,RTE021,"Jl. Mawar No. 120, Surabaya","Jl. Kenanga No. 209, Yogyakarta",33.6,paket_sedang,regular,2022-10-04,2022-10-07,,in_transit,302400,TRK2210040003
SHP03375,CUS0208,RTE069,"Jl. Raya Bogor No. 269, Balikpapan","Jl. Imam Bonjol No. 71, Pontianak",7.8,paket_sedang,regular,2024-05-16,2024-05-20,2024-05-21,delivered,101400,TRK2405160004
SHP03376,CUS0432,RTE024,"Jl. Mangga No. 212, Surabaya","Jl. Cendrawasih No. 45, Bandung",3.1,paket_kecil,regular,2024-10-15,2024-10-19,2024-10-19,delivered,35650,TRK2410150004
SHP03377,CUS0568,RTE007,"Jl. Kenanga No. 160, Jakarta","Jl. Merdeka No. 252, Yogyakarta",32.6,dokumen,regular,2022-11-26,2022-11-29,,in_transit,342300,TRK2211260004
SHP03378,CUS0421,RTE019,"Jl. Melati No. 119, Jakarta","Jl. Kebon Jeruk No. 188, Banjarmasin",0.3,paket_kecil,regular,2022-06-08,2022-06-12,2022-06-12,delivered,4050,TRK2206080002
SHP03379,CUS0439,RTE053,"Jl. Pemuda No. 200, Makassar","Jl. Kebon Jeruk No. 19, Denpasar",29.3,paket_sedang,regular,2022-03-16,2022-03-20,2022-03-21,delivered,336950,TRK2203160005
SHP03380,CUS0086,RTE001,"Jl. Thamrin No. 55, Jakarta","Jl. Cendrawasih No. 201, Bandung",17.8,paket_sedang,regular,2023-09-25,2023-09-27,2023-09-27,delivered,142400,TRK2309250005
SHP03381,CUS0319,RTE032,"Jl. Thamrin No. 28, Bandung","Jl. Asia Afrika No. 243, Bogor",44.3,paket_besar,regular,2022-09-24,2022-09-26,2022-09-27,delivered,354400,TRK2209240006
SHP03382,CUS0503,RTE039,"Jl. Setiabudi No. 81, Bandung","Jl. Sudirman No. 162, Denpasar",9.1,paket_besar,regular,2025-01-31,2025-02-04,2025-02-05,delivered,122850,TRK2501310007
SHP03383,CUS0469,RTE026,"Jl. Thamrin No. 256, Surabaya","Jl. Setiabudi No. 102, Solo",8.0,paket_sedang,regular,2024-02-04,2024-02-06,2024-02-08,delivered,68000,TRK2402040001
SHP03384,CUS0410,RTE073,"Jl. Asia Afrika No. 24, Pekanbaru","Jl. Pajajaran No. 230, Medan",3.0,paket_sedang,express,2024-04-07,2024-04-08,2024-04-10,delivered,69000,TRK2404070001
SHP03385,CUS0068,RTE016,"Jl. Melati No. 48, Jakarta","Jl. Merdeka No. 130, Manado",0.1,paket_kecil,regular,2022-02-15,2022-02-22,,returned,2150,TRK2202150002
SHP03386,CUS0417,RTE035,"Jl. Pahlawan No. 76, Bandung","Jl. Mawar No. 216, Surabaya",45.4,paket_kecil,regular,2023-09-20,2023-09-24,2023-09-26,delivered,522100,TRK2309200006
SHP03387,CUS0424,RTE044,"Jl. Diponegoro No. 221, Semarang","Jl. Raya Bogor No. 183, Denpasar",3.1,paket_kecil,regular,2023-08-06,2023-08-10,2023-08-11,delivered,35650,TRK2308060004
SHP03388,CUS0503,RTE034,"Jl. Gatot Subroto No. 42, Bandung","Jl. Cendrawasih No. 8, Yogyakarta",7.9,paket_kecil,express,2023-12-23,2023-12-24,2023-12-24,delivered,177750,TRK2312230004
SHP03389,CUS0563,RTE069,"Jl. Pajajaran No. 256, Balikpapan","Jl. Hayam Wuruk No. 184, Pontianak",30.0,fragile,express,2023-10-11,2023-10-14,2023-10-15,delivered,960000,TRK2310110005
SHP03390,CUS0192,RTE008,"Jl. Ahmad Yani No. 36, Jakarta","Jl. Raya Bogor No. 177, Solo",44.1,paket_kecil,express,2022-12-04,2022-12-06,2022-12-08,delivered,1102500,TRK2212040002
SHP03391,CUS0051,RTE013,"Jl. Imam Bonjol No. 141, Jakarta","Jl. Pajajaran No. 119, Padang",1.1,paket_sedang,express,2022-10-02,2022-10-05,,returned,35750,TRK2210020005
SHP03392,CUS0507,RTE059,"Jl. Margonda No. 143, Denpasar","Jl. Pemuda No. 148, Lombok",11.4,paket_besar,regular,2023-09-26,2023-09-28,2023-09-28,delivered,91200,TRK2309260005
SHP03393,CUS0468,RTE068,"Jl. Cendrawasih No. 256, Balikpapan","Jl. Margonda No. 145, Banjarmasin",43.9,dokumen,express,2024-07-19,2024-07-21,,in_transit,943850,TRK2407190003
SHP03394,CUS0133,RTE034,"Jl. Kebon Jeruk No. 202, Bandung","Jl. Pajajaran No. 141, Yogyakarta",45.7,paket_sedang,same_day,2024-11-10,2024-11-10,2024-11-10,delivered,1542375,TRK2411100005
SHP03395,CUS0303,RTE014,"Jl. Mangga No. 6, Jakarta","Jl. Cendrawasih No. 231, Pekanbaru",31.4,paket_besar,regular,2022-02-14,2022-02-19,2022-02-18,delivered,439600,TRK2202140006
SHP03396,CUS0587,RTE057,"Jl. Kenanga No. 150, Denpasar","Jl. Pemuda No. 89, Mataram",30.7,paket_kecil,express,2023-05-23,2023-05-24,2023-05-24,delivered,552600,TRK2305230003
SHP03397,CUS0266,RTE017,"Jl. Asia Afrika No. 66, Jakarta","Jl. Anggrek No. 65, Balikpapan",21.2,paket_sedang,express,2024-08-20,2024-08-23,2024-08-28,delivered,763200,TRK2408200011
SHP03398,CUS0052,RTE024,"Jl. Pemuda No. 265, Surabaya","Jl. Mangga No. 37, Bandung",0.2,paket_sedang,express,2022-07-01,2022-07-03,2022-07-03,delivered,4700,TRK2207010004
SHP03399,CUS0542,RTE034,"Jl. Veteran No. 136, Bandung","Jl. Raya Bogor No. 180, Yogyakarta",44.6,paket_kecil,regular,2022-10-29,2022-11-01,2022-11-06,delivered,423700,TRK2210290004
SHP03400,CUS0229,RTE037,"Jl. Merdeka No. 136, Bandung","Jl. Ahmad Yani No. 29, Malang",35.9,paket_sedang,regular,2024-11-18,2024-11-22,2024-11-24,delivered,430800,TRK2411180002
SHP03401,CUS0425,RTE028,"Jl. Gatot Subroto No. 123, Surabaya","Jl. Mangga No. 169, Balikpapan",30.6,paket_kecil,regular,2024-07-10,2024-07-14,2024-07-15,delivered,382500,TRK2407100003
SHP03402,CUS0276,RTE042,"Jl. Cempaka No. 11, Semarang","Jl. Pajajaran No. 242, Malang",10.5,paket_sedang,regular,2022-11-16,2022-11-19,2022-11-20,delivered,99750,TRK2211160005
SHP03403,CUS0076,RTE013,"Jl. Gatot Subroto No. 94, Jakarta","Jl. Imam Bonjol No. 158, Padang",31.9,dokumen,express,2024-11-12,2024-11-15,,in_transit,1036750,TRK2411120002
SHP03404,CUS0081,RTE041,"Jl. Ahmad Yani No. 135, Semarang","Jl. Setiabudi No. 254, Solo",48.7,paket_sedang,regular,2024-08-09,2024-08-11,2024-08-12,delivered,365250,TRK2408090003
SHP03405,CUS0467,RTE007,"Jl. Melati No. 30, Jakarta","Jl. Gajah Mada No. 15, Yogyakarta",22.3,paket_sedang,express,2022-02-10,2022-02-12,2022-02-13,delivered,512900,TRK2202100003
SHP03406,CUS0134,RTE050,"Jl. Raya Bogor No. 112, Medan","Jl. Pahlawan No. 228, Jakarta",20.3,fragile,same_day,2023-02-19,2023-02-19,2023-02-19,delivered,1187550,TRK2302190002
SHP03407,CUS0343,RTE058,"Jl. Diponegoro No. 2, Denpasar","Jl. Setiabudi No. 254, Surabaya",30.4,dokumen,same_day,2024-10-02,2024-10-02,,in_transit,980400,TRK2410020003
SHP03408,CUS0042,RTE062,"Jl. Anggrek No. 124, Yogyakarta","Jl. Mawar No. 265, Solo",25.0,paket_sedang,regular,2023-01-26,2023-01-27,,in_transit,187500,TRK2301260002
SHP03409,CUS0446,RTE025,"Jl. Imam Bonjol No. 290, Surabaya","Jl. Asia Afrika No. 266, Makassar",15.1,paket_kecil,regular,2025-01-21,2025-01-25,2025-01-26,delivered,181200,TRK2501210003
SHP03410,CUS0520,RTE047,"Jl. Mawar No. 292, Medan","Jl. Diponegoro No. 270, Pekanbaru",8.4,paket_besar,same_day,2022-02-06,2022-02-06,2022-02-06,delivered,270900,TRK2202060006
SHP03411,CUS0361,RTE014,"Jl. Hayam Wuruk No. 296, Jakarta","Jl. Hayam Wuruk No. 85, Pekanbaru",24.1,paket_kecil,express,2024-10-08,2024-10-11,2024-10-16,delivered,759150,TRK2410080004
SHP03412,CUS0370,RTE043,"Jl. Pajajaran No. 115, Semarang","Jl. Merdeka No. 105, Surabaya",3.6,paket_sedang,express,2023-04-12,2023-04-13,2023-04-13,delivered,64800,TRK2304120004
SHP03413,CUS0219,RTE039,"Jl. Melati No. 169, Bandung","Jl. Imam Bonjol No. 33, Denpasar",30.9,paket_sedang,regular,2024-08-09,2024-08-13,,returned,417150,TRK2408090004
SHP03414,CUS0389,RTE047,"Jl. Kebon Jeruk No. 26, Medan","Jl. Diponegoro No. 58, Pekanbaru",40.2,paket_besar,regular,2022-12-18,2022-12-21,2022-12-22,delivered,381900,TRK2212180007
SHP03415,CUS0435,RTE040,"Jl. Raya Bogor No. 289, Semarang","Jl. Gajah Mada No. 268, Yogyakarta",33.5,paket_besar,regular,2022-04-26,2022-04-28,2022-04-30,delivered,251250,TRK2204260003
SHP03416,CUS0360,RTE016,"Jl. Kebon Jeruk No. 65, Jakarta","Jl. Hayam Wuruk No. 117, Manado",25.7,paket_sedang,express,2024-05-13,2024-05-16,2024-05-16,delivered,1349250,TRK2405130003
SHP03417,CUS0003,RTE043,"Jl. Merdeka No. 254, Semarang","Jl. Imam Bonjol No. 107, Surabaya",8.6,paket_sedang,express,2022-12-10,2022-12-11,,in_transit,154800,TRK2212100006
SHP03418,CUS0510,RTE037,"Jl. Raya Bogor No. 198, Bandung","Jl. Setiabudi No. 96, Malang",9.0,fragile,express,2024-09-01,2024-09-03,2024-09-03,delivered,198000,TRK2409010007
SHP03419,CUS0091,RTE010,"Jl. Pajajaran No. 179, Jakarta","Jl. Pahlawan No. 134, Denpasar",38.0,paket_kecil,express,2022-10-02,2022-10-05,2022-10-08,delivered,1254000,TRK2210020006
SHP03420,CUS0027,RTE057,"Jl. Hayam Wuruk No. 229, Denpasar","Jl. Cempaka No. 99, Mataram",36.7,paket_kecil,express,2023-09-06,2023-09-07,2023-09-07,delivered,660600,TRK2309060003
SHP03421,CUS0275,RTE015,"Jl. Mangga No. 290, Jakarta","Jl. Imam Bonjol No. 139, Makassar",15.8,paket_sedang,same_day,2024-02-27,2024-02-27,2024-02-27,delivered,770250,TRK2402270003
SHP03422,CUS0270,RTE026,"Jl. Kenanga No. 143, Surabaya","Jl. Sudirman No. 295, Solo",47.4,paket_besar,regular,2024-10-06,2024-10-08,2024-10-08,delivered,402900,TRK2410060008
SHP03423,CUS0077,RTE046,"Jl. Mawar No. 118, Medan","Jl. Raya Bogor No. 212, Padang",26.4,dokumen,regular,2022-05-01,2022-05-04,2022-05-04,delivered,290400,TRK2205010009
SHP03424,CUS0113,RTE070,"Jl. Diponegoro No. 179, Balikpapan","Jl. Gatot Subroto No. 61, Makassar",39.5,fragile,regular,2024-12-24,2024-12-28,2024-12-28,delivered,454250,TRK2412240003
SHP03425,CUS0134,RTE003,"Jl. Melati No. 182, Jakarta","Jl. Mangga No. 54, Tangerang",13.8,paket_besar,regular,2024-04-28,2024-04-29,2024-04-29,delivered,96600,TRK2404280005
SHP03426,CUS0080,RTE080,"Jl. Cendrawasih No. 207, Manado","Jl. Pajajaran No. 236, Gorontalo",34.3,paket_besar,regular,2023-11-13,2023-11-16,2023-11-16,delivered,325850,TRK2311130002
SHP03427,CUS0277,RTE031,"Jl. Ahmad Yani No. 1, Surabaya","Jl. Setiabudi No. 42, Pekanbaru",0.2,paket_kecil,express,2024-02-01,2024-02-04,,in_transit,8100,TRK2402010003
SHP03428,CUS0351,RTE059,"Jl. Imam Bonjol No. 156, Denpasar","Jl. Mawar No. 190, Lombok",21.0,paket_sedang,same_day,2024-03-19,2024-03-19,,lost,519750,TRK2403190002
SHP03429,CUS0372,RTE059,"Jl. Merdeka No. 72, Denpasar","Jl. Mangga No. 245, Lombok",24.0,paket_kecil,same_day,2022-05-01,2022-05-01,,in_transit,594000,TRK2205010010
SHP03430,CUS0346,RTE001,"Jl. Cendrawasih No. 267, Jakarta","Jl. Hayam Wuruk No. 11, Bandung",39.6,paket_besar,regular,2023-05-10,2023-05-12,,in_transit,316800,TRK2305100006
SHP03431,CUS0250,RTE007,"Jl. Cempaka No. 153, Jakarta","Jl. Cendrawasih No. 96, Yogyakarta",6.0,paket_besar,express,2022-02-17,2022-02-19,2022-02-22,delivered,138000,TRK2202170005
SHP03432,CUS0101,RTE049,"Jl. Hayam Wuruk No. 113, Medan","Jl. Mawar No. 113, Banda Aceh",41.8,paket_besar,regular,2023-02-22,2023-02-25,2023-02-27,delivered,438900,TRK2302220004
SHP03433,CUS0304,RTE022,"Jl. Kenanga No. 1, Surabaya","Jl. Melati No. 271, Semarang",3.6,paket_besar,regular,2022-11-02,2022-11-05,,returned,32400,TRK2211020005
SHP03434,CUS0593,RTE026,"Jl. Thamrin No. 295, Surabaya","Jl. Kebon Jeruk No. 194, Solo",5.7,paket_besar,express,2022-08-17,2022-08-18,2022-08-21,delivered,114000,TRK2208170005
SHP03435,CUS0052,RTE056,"Jl. Imam Bonjol No. 63, Makassar","Jl. Imam Bonjol No. 28, Kendari",11.1,paket_besar,regular,2022-04-29,2022-05-02,2022-05-02,delivered,105450,TRK2204290002
SHP03436,CUS0061,RTE035,"Jl. Asia Afrika No. 62, Bandung","Jl. Mawar No. 294, Surabaya",32.0,paket_sedang,regular,2024-06-01,2024-06-05,,in_transit,368000,TRK2406010003
SHP03437,CUS0208,RTE014,"Jl. Cempaka No. 295, Jakarta","Jl. Pemuda No. 212, Pekanbaru",22.2,paket_sedang,express,2024-03-04,2024-03-07,2024-03-08,delivered,699300,TRK2403040005
SHP03438,CUS0563,RTE060,"Jl. Ahmad Yani No. 216, Denpasar","Jl. Gatot Subroto No. 77, Makassar",7.6,paket_besar,express,2023-03-25,2023-03-28,2023-03-27,delivered,167200,TRK2303250005
SHP03439,CUS0502,RTE070,"Jl. Anggrek No. 160, Balikpapan","Jl. Margonda No. 241, Makassar",22.7,paket_sedang,express,2024-10-30,2024-11-01,2024-11-01,delivered,612900,TRK2410300002
SHP03440,CUS0222,RTE059,"Jl. Gajah Mada No. 207, Denpasar","Jl. Anggrek No. 201, Lombok",26.9,paket_sedang,regular,2024-07-04,2024-07-06,,lost,215200,TRK2407040002
SHP03441,CUS0260,RTE065,"Jl. Pahlawan No. 120, Yogyakarta","Jl. Sudirman No. 19, Surabaya",28.5,paket_sedang,regular,2023-06-12,2023-06-15,2023-06-16,delivered,256500,TRK2306120003
SHP03442,CUS0341,RTE076,"Jl. Gajah Mada No. 9, Palembang","Jl. Asia Afrika No. 100, Jakarta",42.6,paket_besar,regular,2024-02-27,2024-03-01,2024-03-02,delivered,404700,TRK2402270004
SHP03443,CUS0156,RTE012,"Jl. Gatot Subroto No. 168, Jakarta","Jl. Imam Bonjol No. 229, Palembang",38.3,paket_sedang,regular,2023-07-22,2023-07-25,2023-07-24,delivered,363850,TRK2307220003
SHP03444,CUS0164,RTE069,"Jl. Pahlawan No. 151, Balikpapan","Jl. Setiabudi No. 208, Pontianak",15.5,paket_sedang,regular,2023-05-07,2023-05-11,2023-05-11,delivered,201500,TRK2305070003
SHP03445,CUS0431,RTE042,"Jl. Thamrin No. 291, Semarang","Jl. Ahmad Yani No. 86, Malang",33.2,paket_besar,express,2022-08-05,2022-08-06,2022-08-06,delivered,614200,TRK2208050003
SHP03446,CUS0584,RTE053,"Jl. Kebon Jeruk No. 121, Makassar","Jl. Melati No. 276, Denpasar",4.4,paket_kecil,express,2022-05-09,2022-05-11,2022-05-11,delivered,121000,TRK2205090002
SHP03447,CUS0525,RTE010,"Jl. Margonda No. 124, Jakarta","Jl. Imam Bonjol No. 298, Denpasar",40.2,dokumen,regular,2022-04-09,2022-04-13,2022-04-13,delivered,562800,TRK2204090006
SHP03448,CUS0313,RTE037,"Jl. Cempaka No. 135, Bandung","Jl. Thamrin No. 178, Malang",34.1,paket_sedang,regular,2022-07-21,2022-07-25,2022-07-26,delivered,409200,TRK2207210004
SHP03449,CUS0229,RTE079,"Jl. Ahmad Yani No. 80, Pontianak","Jl. Melati No. 287, Jakarta",28.3,dokumen,same_day,2022-05-29,2022-05-29,2022-05-30,delivered,955125,TRK2205290003
SHP03450,CUS0165,RTE056,"Jl. Kenanga No. 28, Makassar","Jl. Sudirman No. 257, Kendari",42.2,paket_sedang,express,2022-04-13,2022-04-14,2022-04-15,delivered,801800,TRK2204130003
SHP03451,CUS0536,RTE010,"Jl. Pemuda No. 158, Jakarta","Jl. Gatot Subroto No. 220, Denpasar",44.8,paket_sedang,same_day,2024-03-07,2024-03-07,2024-03-07,delivered,2217600,TRK2403070004
SHP03452,CUS0489,RTE060,"Jl. Raya Bogor No. 78, Denpasar","Jl. Cempaka No. 143, Makassar",8.2,dokumen,express,2022-04-13,2022-04-16,2022-04-17,delivered,180400,TRK2204130004
SHP03453,CUS0031,RTE044,"Jl. Pajajaran No. 266, Semarang","Jl. Pajajaran No. 177, Denpasar",27.8,paket_kecil,express,2022-01-24,2022-01-26,2022-01-26,delivered,722800,TRK2201240006
SHP03454,CUS0492,RTE063,"Jl. Margonda No. 166, Yogyakarta","Jl. Margonda No. 248, Malang",8.9,fragile,regular,2023-04-18,2023-04-21,2023-04-21,delivered,84550,TRK2304180006
SHP03455,CUS0086,RTE047,"Jl. Gatot Subroto No. 267, Medan","Jl. Cendrawasih No. 48, Pekanbaru",22.4,paket_sedang,express,2024-06-10,2024-06-12,2024-06-12,delivered,481600,TRK2406100005
SHP03456,CUS0156,RTE040,"Jl. Cempaka No. 156, Semarang","Jl. Kebon Jeruk No. 240, Yogyakarta",21.0,paket_sedang,regular,2023-07-08,2023-07-10,2023-07-11,delivered,157500,TRK2307080001
SHP03457,CUS0355,RTE065,"Jl. Merdeka No. 93, Yogyakarta","Jl. Gajah Mada No. 39, Surabaya",30.0,dokumen,regular,2022-10-07,2022-10-10,2022-10-13,delivered,270000,TRK2210070004
SHP03458,CUS0414,RTE030,"Jl. Merdeka No. 135, Surabaya","Jl. Cempaka No. 69, Palembang",49.2,paket_sedang,same_day,2024-09-22,2024-09-22,2024-09-23,delivered,1992600,TRK2409220005
SHP03459,CUS0485,RTE008,"Jl. Kenanga No. 168, Jakarta","Jl. Mangga No. 157, Solo",42.5,paket_kecil,express,2022-12-19,2022-12-21,2022-12-21,delivered,1062500,TRK2212190005
SHP03460,CUS0370,RTE048,"Jl. Ahmad Yani No. 102, Medan","Jl. Margonda No. 143, Palembang",12.9,paket_besar,regular,2023-05-09,2023-05-14,2023-05-15,delivered,193500,TRK2305090004
SHP03461,CUS0005,RTE016,"Jl. Asia Afrika No. 161, Jakarta","Jl. Kebon Jeruk No. 174, Manado",23.9,paket_sedang,same_day,2022-07-24,2022-07-24,,in_transit,1882125,TRK2207240008
SHP03462,CUS0380,RTE014,"Jl. Merdeka No. 280, Jakarta","Jl. Setiabudi No. 186, Pekanbaru",49.1,paket_besar,regular,2022-11-18,2022-11-23,,returned,687400,TRK2211180005
SHP03463,CUS0210,RTE061,"Jl. Gajah Mada No. 8, Denpasar","Jl. Anggrek No. 111, Yogyakarta",30.5,paket_kecil,regular,2023-10-17,2023-10-20,2023-10-23,delivered,335500,TRK2310170006
SHP03464,CUS0328,RTE020,"Jl. Raya Bogor No. 113, Surabaya","Jl. Diponegoro No. 143, Malang",11.8,paket_sedang,regular,2023-02-23,2023-02-24,,returned,88500,TRK2302230006
SHP03465,CUS0583,RTE045,"Jl. Pajajaran No. 248, Semarang","Jl. Mangga No. 222, Medan",16.4,paket_sedang,express,2022-01-14,2022-01-17,,returned,738000,TRK2201140003
SHP03466,CUS0503,RTE026,"Jl. Veteran No. 192, Surabaya","Jl. Sudirman No. 7, Solo",21.1,paket_kecil,express,2023-10-30,2023-10-31,,delivered,422000,TRK2310300003
SHP03467,CUS0334,RTE067,"Jl. Thamrin No. 157, Balikpapan","Jl. Anggrek No. 88, Samarinda",30.7,paket_kecil,express,2025-01-13,2025-01-14,2025-01-14,delivered,521900,TRK2501130004
SHP03468,CUS0389,RTE024,"Jl. Gajah Mada No. 178, Surabaya","Jl. Anggrek No. 226, Bandung",37.5,paket_sedang,same_day,2024-07-14,2024-07-14,2024-07-14,delivered,1321875,TRK2407140002
SHP03469,CUS0439,RTE021,"Jl. Kebon Jeruk No. 185, Surabaya","Jl. Anggrek No. 238, Yogyakarta",36.2,paket_kecil,express,2022-05-04,2022-05-05,,delivered,724000,TRK2205040004
SHP03470,CUS0377,RTE046,"Jl. Kenanga No. 69, Medan","Jl. Raya Bogor No. 70, Padang",21.0,paket_besar,same_day,2022-06-19,2022-06-19,2022-06-24,delivered,756000,TRK2206190001
SHP03471,CUS0472,RTE048,"Jl. Sudirman No. 33, Medan","Jl. Gatot Subroto No. 190, Palembang",10.0,paket_kecil,regular,2022-02-20,2022-02-25,2022-03-02,delivered,150000,TRK2202200002
SHP03472,CUS0221,RTE039,"Jl. Setiabudi No. 49, Bandung","Jl. Pemuda No. 228, Denpasar",23.9,paket_kecil,regular,2025-01-20,2025-01-24,2025-01-25,delivered,322650,TRK2501200002
SHP03473,CUS0432,RTE028,"Jl. Pajajaran No. 250, Surabaya","Jl. Gatot Subroto No. 122, Balikpapan",49.4,fragile,express,2025-01-05,2025-01-07,2025-01-08,delivered,1185600,TRK2501050004
SHP03474,CUS0538,RTE004,"Jl. Margonda No. 171, Jakarta","Jl. Veteran No. 260, Bekasi",9.3,fragile,express,2022-06-04,2022-06-05,2022-06-07,delivered,144150,TRK2206040005
SHP03475,CUS0154,RTE029,"Jl. Raya Bogor No. 200, Surabaya","Jl. Hayam Wuruk No. 232, Manado",34.4,paket_kecil,regular,2024-09-23,2024-09-28,,returned,584800,TRK2409230005
SHP03476,CUS0399,RTE035,"Jl. Pemuda No. 171, Bandung","Jl. Asia Afrika No. 82, Surabaya",31.4,fragile,regular,2022-12-13,2022-12-17,,in_transit,361100,TRK2212130007
SHP03477,CUS0157,RTE002,"Jl. Kenanga No. 106, Jakarta","Jl. Ahmad Yani No. 209, Bogor",41.6,paket_sedang,regular,2024-03-02,2024-03-03,2024-03-03,delivered,312000,TRK2403020004
SHP03478,CUS0531,RTE008,"Jl. Mawar No. 39, Jakarta","Jl. Kenanga No. 193, Solo",2.3,paket_besar,express,2023-02-19,2023-02-21,2023-02-22,delivered,57500,TRK2302190003
SHP03479,CUS0270,RTE044,"Jl. Gatot Subroto No. 19, Semarang","Jl. Imam Bonjol No. 271, Denpasar",10.1,paket_besar,express,2022-10-16,2022-10-18,2022-10-18,delivered,262600,TRK2210160004
SHP03480,CUS0150,RTE075,"Jl. Anggrek No. 194, Palembang","Jl. Sudirman No. 157, Padang",34.7,paket_sedang,regular,2024-10-11,2024-10-15,2024-10-17,delivered,468450,TRK2410110003
SHP03481,CUS0109,RTE008,"Jl. Veteran No. 216, Jakarta","Jl. Kebon Jeruk No. 98, Solo",31.7,paket_kecil,express,2023-11-14,2023-11-16,2023-11-17,delivered,792500,TRK2311140003
SHP03482,CUS0426,RTE023,"Jl. Hayam Wuruk No. 18, Surabaya","Jl. Raya Bogor No. 298, Denpasar",19.2,paket_kecil,regular,2023-03-15,2023-03-18,2023-03-18,delivered,182400,TRK2303150006
SHP03483,CUS0561,RTE068,"Jl. Kenanga No. 299, Balikpapan","Jl. Raya Bogor No. 1, Banjarmasin",33.9,fragile,express,2024-11-28,2024-11-30,2024-12-03,delivered,728850,TRK2411280002
SHP03484,CUS0032,RTE068,"Jl. Gatot Subroto No. 47, Balikpapan","Jl. Sudirman No. 236, Banjarmasin",5.1,paket_sedang,regular,2023-02-23,2023-02-26,,in_transit,48450,TRK2302230007
SHP03485,CUS0410,RTE004,"Jl. Veteran No. 212, Jakarta","Jl. Anggrek No. 16, Bekasi",25.4,paket_kecil,express,2024-11-01,2024-11-02,2024-11-02,delivered,393700,TRK2411010008
SHP03486,CUS0279,RTE027,"Jl. Melati No. 69, Surabaya","Jl. Setiabudi No. 58, Medan",42.0,paket_kecil,same_day,2024-10-09,2024-10-09,2024-10-14,delivered,2709000,TRK2410090003
SHP03487,CUS0427,RTE028,"Jl. Kenanga No. 115, Surabaya","Jl. Setiabudi No. 38, Balikpapan",35.8,dokumen,express,2022-04-23,2022-04-25,,in_transit,859200,TRK2204230002
SHP03488,CUS0312,RTE030,"Jl. Anggrek No. 153, Surabaya","Jl. Margonda No. 124, Palembang",2.4,paket_sedang,express,2024-09-26,2024-09-29,2024-09-29,delivered,64800,TRK2409260003
SHP03489,CUS0385,RTE066,"Jl. Margonda No. 134, Yogyakarta","Jl. Pahlawan No. 61, Bandung",27.8,paket_sedang,regular,2022-05-15,2022-05-18,2022-05-20,delivered,264100,TRK2205150003
SHP03490,CUS0484,RTE036,"Jl. Mawar No. 86, Bandung","Jl. Cempaka No. 47, Solo",35.7,paket_sedang,regular,2022-08-03,2022-08-06,2022-08-06,delivered,339150,TRK2208030003
SHP03491,CUS0396,RTE046,"Jl. Cempaka No. 226, Medan","Jl. Pemuda No. 199, Padang",0.5,dokumen,express,2023-03-12,2023-03-14,2023-03-14,delivered,12000,TRK2303120003
SHP03492,CUS0074,RTE063,"Jl. Anggrek No. 59, Yogyakarta","Jl. Mawar No. 9, Malang",15.5,paket_besar,regular,2024-10-08,2024-10-11,2024-10-14,delivered,147250,TRK2410080005
SHP03493,CUS0539,RTE070,"Jl. Kenanga No. 48, Balikpapan","Jl. Gatot Subroto No. 273, Makassar",15.9,paket_besar,regular,2024-04-28,2024-05-02,2024-05-02,delivered,182850,TRK2404280006
SHP03494,CUS0268,RTE015,"Jl. Imam Bonjol No. 177, Jakarta","Jl. Diponegoro No. 233, Makassar",8.5,paket_kecil,express,2022-07-30,2022-08-02,,lost,276250,TRK2207300004
SHP03495,CUS0010,RTE074,"Jl. Gajah Mada No. 116, Palembang","Jl. Asia Afrika No. 22, Lampung",1.0,paket_besar,regular,2024-07-30,2024-08-02,2024-08-03,delivered,9500,TRK2407300003
SHP03496,CUS0186,RTE042,"Jl. Gatot Subroto No. 116, Semarang","Jl. Imam Bonjol No. 87, Malang",7.9,paket_sedang,regular,2022-06-03,2022-06-06,2022-06-06,delivered,75050,TRK2206030007
SHP03497,CUS0460,RTE005,"Jl. Pahlawan No. 16, Jakarta","Jl. Mangga No. 287, Semarang",44.4,dokumen,express,2023-10-01,2023-10-02,,returned,976800,TRK2310010002
SHP03498,CUS0006,RTE010,"Jl. Setiabudi No. 142, Jakarta","Jl. Imam Bonjol No. 199, Denpasar",4.2,paket_besar,regular,2022-03-15,2022-03-19,,returned,58800,TRK2203150004
SHP03499,CUS0477,RTE064,"Jl. Diponegoro No. 252, Yogyakarta","Jl. Pahlawan No. 19, Semarang",31.7,paket_kecil,regular,2022-01-15,2022-01-17,2022-01-17,delivered,237750,TRK2201150004
SHP03500,CUS0210,RTE045,"Jl. Veteran No. 124, Semarang","Jl. Merdeka No. 186, Medan",1.5,fragile,same_day,2023-01-19,2023-01-19,2023-01-19,delivered,101250,TRK2301190003
SHP03501,CUS0334,RTE009,"Jl. Thamrin No. 160, Jakarta","Jl. Mangga No. 140, Malang",19.0,paket_kecil,regular,2022-03-14,2022-03-18,,in_transit,228000,TRK2203140005
SHP03502,CUS0372,RTE010,"Jl. Pajajaran No. 174, Jakarta","Jl. Asia Afrika No. 106, Denpasar",11.1,paket_kecil,express,2024-03-21,2024-03-24,,lost,366300,TRK2403210003
SHP03503,CUS0454,RTE026,"Jl. Thamrin No. 77, Surabaya","Jl. Pemuda No. 1, Solo",23.9,dokumen,regular,2023-11-24,2023-11-26,2023-11-27,delivered,203150,TRK2311240001
SHP03504,CUS0430,RTE054,"Jl. Hayam Wuruk No. 123, Makassar","Jl. Veteran No. 289, Balikpapan",2.6,paket_besar,regular,2024-11-25,2024-11-29,,in_transit,29900,TRK2411250005
SHP03505,CUS0371,RTE062,"Jl. Ahmad Yani No. 103, Yogyakarta","Jl. Veteran No. 52, Solo",29.4,paket_besar,regular,2022-01-24,2022-01-25,2022-01-24,delivered,220500,TRK2201240007
SHP03506,CUS0566,RTE039,"Jl. Asia Afrika No. 201, Bandung","Jl. Diponegoro No. 194, Denpasar",24.5,dokumen,same_day,2023-09-28,2023-09-28,2023-09-28,delivered,1176000,TRK2309280003
SHP03507,CUS0247,RTE016,"Jl. Ahmad Yani No. 201, Jakarta","Jl. Gajah Mada No. 3, Manado",48.3,paket_besar,regular,2023-06-08,2023-06-15,2023-06-17,delivered,1038450,TRK2306080006
SHP03508,CUS0380,RTE047,"Jl. Anggrek No. 149, Medan","Jl. Imam Bonjol No. 148, Pekanbaru",32.2,dokumen,express,2022-08-05,2022-08-07,2022-08-09,delivered,692300,TRK2208050004
SHP03509,CUS0022,RTE018,"Jl. Merdeka No. 87, Jakarta","Jl. Sudirman No. 49, Pontianak",18.8,paket_kecil,express,2024-12-05,2024-12-08,2024-12-09,delivered,441800,TRK2412050001
SHP03510,CUS0008,RTE052,"Jl. Pajajaran No. 9, Makassar","Jl. Cempaka No. 58, Manado",42.6,paket_besar,regular,2024-07-23,2024-07-28,2024-08-02,delivered,639000,TRK2407230005
SHP03511,CUS0123,RTE075,"Jl. Pahlawan No. 200, Palembang","Jl. Mawar No. 243, Padang",31.7,paket_besar,regular,2024-04-01,2024-04-05,2024-04-05,delivered,427950,TRK2404010003
SHP03512,CUS0401,RTE021,"Jl. Raya Bogor No. 75, Surabaya","Jl. Raya Bogor No. 264, Yogyakarta",31.4,paket_kecil,regular,2024-06-02,2024-06-05,,returned,282600,TRK2406020003
SHP03513,CUS0355,RTE055,"Jl. Kenanga No. 286, Makassar","Jl. Setiabudi No. 256, Surabaya",39.3,paket_kecil,regular,2022-01-08,2022-01-12,2022-01-12,delivered,471600,TRK2201080002
SHP03514,CUS0570,RTE063,"Jl. Gatot Subroto No. 16, Yogyakarta","Jl. Veteran No. 197, Malang",39.2,paket_kecil,regular,2024-09-26,2024-09-29,,delivered,372400,TRK2409260004
SHP03515,CUS0386,RTE038,"Jl. Gatot Subroto No. 130, Bandung","Jl. Pemuda No. 74, Cirebon",36.2,paket_besar,same_day,2024-08-18,2024-08-18,2024-08-18,delivered,923100,TRK2408180005
SHP03516,CUS0597,RTE057,"Jl. Pemuda No. 173, Denpasar","Jl. Merdeka No. 33, Mataram",43.2,paket_kecil,regular,2023-12-29,2023-12-31,2023-12-30,delivered,345600,TRK2312290001
SHP03517,CUS0574,RTE007,"Jl. Thamrin No. 75, Jakarta","Jl. Kebon Jeruk No. 10, Yogyakarta",49.0,paket_besar,regular,2023-09-17,2023-09-20,,in_transit,514500,TRK2309170005
SHP03518,CUS0482,RTE026,"Jl. Hayam Wuruk No. 218, Surabaya","Jl. Ahmad Yani No. 70, Solo",40.6,paket_sedang,express,2023-06-05,2023-06-06,2023-06-06,delivered,812000,TRK2306050003
SHP03519,CUS0096,RTE005,"Jl. Cempaka No. 13, Jakarta","Jl. Mangga No. 267, Semarang",47.0,paket_kecil,regular,2024-12-04,2024-12-07,,in_transit,446500,TRK2412040003
SHP03520,CUS0120,RTE034,"Jl. Margonda No. 221, Bandung","Jl. Raya Bogor No. 153, Yogyakarta",22.2,paket_kecil,regular,2024-05-06,2024-05-09,2024-05-08,delivered,210900,TRK2405060003
SHP03521,CUS0303,RTE015,"Jl. Melati No. 31, Jakarta","Jl. Cendrawasih No. 7, Makassar",8.5,paket_kecil,regular,2023-10-24,2023-10-29,,in_transit,140250,TRK2310240009
SHP03522,CUS0208,RTE011,"Jl. Merdeka No. 131, Jakarta","Jl. Pajajaran No. 48, Medan",22.6,paket_kecil,regular,2025-01-23,2025-01-28,2025-01-27,delivered,406800,TRK2501230004
SHP03523,CUS0590,RTE045,"Jl. Pemuda No. 36, Semarang","Jl. Melati No. 190, Medan",13.4,dokumen,regular,2023-05-22,2023-05-28,2023-06-02,delivered,268000,TRK2305220003
SHP03524,CUS0460,RTE079,"Jl. Thamrin No. 180, Pontianak","Jl. Setiabudi No. 282, Jakarta",13.5,paket_kecil,regular,2024-07-01,2024-07-05,2024-07-05,delivered,155250,TRK2407010004
SHP03525,CUS0210,RTE028,"Jl. Setiabudi No. 208, Surabaya","Jl. Cempaka No. 53, Balikpapan",1.4,fragile,same_day,2025-01-17,2025-01-17,2025-01-17,delivered,50400,TRK2501170004
SHP03526,CUS0600,RTE055,"Jl. Kebon Jeruk No. 182, Makassar","Jl. Cendrawasih No. 56, Surabaya",6.9,dokumen,regular,2023-08-07,2023-08-11,,in_transit,82800,TRK2308070004
SHP03527,CUS0396,RTE036,"Jl. Pajajaran No. 210, Bandung","Jl. Melati No. 193, Solo",13.1,paket_sedang,regular,2024-02-23,2024-02-26,2024-02-26,delivered,124450,TRK2402230004
SHP03528,CUS0049,RTE072,"Jl. Ahmad Yani No. 181, Pekanbaru","Jl. Thamrin No. 40, Palembang",32.5,fragile,regular,2023-05-23,2023-05-27,2023-05-29,delivered,373750,TRK2305230004
SHP03529,CUS0588,RTE075,"Jl. Mangga No. 80, Palembang","Jl. Gajah Mada No. 240, Padang",44.2,paket_besar,express,2022-12-16,2022-12-19,2022-12-20,delivered,1237600,TRK2212160006
SHP03530,CUS0123,RTE002,"Jl. Diponegoro No. 267, Jakarta","Jl. Gajah Mada No. 172, Bogor",38.3,paket_kecil,regular,2024-12-18,2024-12-19,2024-12-20,delivered,287250,TRK2412180005
SHP03531,CUS0157,RTE042,"Jl. Raya Bogor No. 171, Semarang","Jl. Diponegoro No. 6, Malang",12.4,fragile,express,2025-01-14,2025-01-15,2025-01-17,delivered,229400,TRK2501140004
SHP03532,CUS0346,RTE073,"Jl. Asia Afrika No. 275, Pekanbaru","Jl. Setiabudi No. 63, Medan",43.1,paket_sedang,express,2022-03-14,2022-03-15,2022-03-17,delivered,991300,TRK2203140006
SHP03533,CUS0191,RTE068,"Jl. Merdeka No. 22, Balikpapan","Jl. Hayam Wuruk No. 100, Banjarmasin",0.9,paket_sedang,regular,2022-01-31,2022-02-03,2022-02-05,delivered,8550,TRK2201310002
SHP03534,CUS0555,RTE029,"Jl. Thamrin No. 117, Surabaya","Jl. Kenanga No. 270, Manado",14.5,paket_kecil,regular,2024-08-30,2024-09-04,2024-09-05,delivered,246500,TRK2408300003
SHP03535,CUS0412,RTE076,"Jl. Diponegoro No. 34, Palembang","Jl. Mangga No. 63, Jakarta",36.7,paket_kecil,express,2022-07-27,2022-07-29,2022-07-30,delivered,678950,TRK2207270003
SHP03536,CUS0036,RTE078,"Jl. Gajah Mada No. 249, Pontianak","Jl. Pemuda No. 157, Balikpapan",17.5,paket_besar,regular,2024-06-12,2024-06-16,2024-06-17,delivered,227500,TRK2406120003
SHP03537,CUS0120,RTE040,"Jl. Veteran No. 262, Semarang","Jl. Mawar No. 223, Yogyakarta",23.6,paket_sedang,regular,2023-05-19,2023-05-21,,returned,177000,TRK2305190003
SHP03538,CUS0120,RTE041,"Jl. Pajajaran No. 191, Semarang","Jl. Cendrawasih No. 254, Solo",21.3,paket_kecil,regular,2022-12-01,2022-12-03,2022-12-04,delivered,159750,TRK2212010003
SHP03539,CUS0185,RTE053,"Jl. Veteran No. 85, Makassar","Jl. Margonda No. 244, Denpasar",11.0,fragile,regular,2024-09-28,2024-10-02,,returned,126500,TRK2409280007
SHP03540,CUS0044,RTE025,"Jl. Raya Bogor No. 41, Surabaya","Jl. Mangga No. 21, Makassar",16.4,paket_sedang,regular,2022-08-12,2022-08-16,2022-08-19,delivered,196800,TRK2208120002
SHP03541,CUS0272,RTE009,"Jl. Raya Bogor No. 120, Jakarta","Jl. Pemuda No. 98, Malang",1.2,paket_sedang,express,2023-04-18,2023-04-20,2023-04-20,delivered,34200,TRK2304180007
SHP03542,CUS0592,RTE065,"Jl. Mawar No. 197, Yogyakarta","Jl. Margonda No. 281, Surabaya",4.4,paket_sedang,regular,2022-03-10,2022-03-13,2022-03-16,delivered,39600,TRK2203100005
SHP03543,CUS0089,RTE075,"Jl. Asia Afrika No. 242, Palembang","Jl. Sudirman No. 82, Padang",34.1,paket_kecil,regular,2024-05-26,2024-05-30,2024-06-01,delivered,460350,TRK2405260004
SHP03544,CUS0453,RTE033,"Jl. Pajajaran No. 111, Bandung","Jl. Mawar No. 128, Semarang",26.8,dokumen,regular,2024-12-12,2024-12-15,,returned,254600,TRK2412120005
SHP03545,CUS0270,RTE025,"Jl. Pemuda No. 39, Surabaya","Jl. Merdeka No. 177, Makassar",43.0,paket_sedang,regular,2024-06-14,2024-06-18,2024-06-20,delivered,516000,TRK2406140003
SHP03546,CUS0147,RTE053,"Jl. Asia Afrika No. 34, Makassar","Jl. Asia Afrika No. 147, Denpasar",23.1,fragile,regular,2022-02-21,2022-02-25,2022-02-25,delivered,265650,TRK2202210002
SHP03547,CUS0262,RTE060,"Jl. Kenanga No. 247, Denpasar","Jl. Setiabudi No. 118, Makassar",36.7,paket_kecil,regular,2023-10-25,2023-10-29,2023-11-01,delivered,422050,TRK2310250009
SHP03548,CUS0428,RTE040,"Jl. Mawar No. 100, Semarang","Jl. Gatot Subroto No. 51, Yogyakarta",38.9,paket_sedang,regular,2022-12-27,2022-12-29,2022-12-29,delivered,291750,TRK2212270006
SHP03549,CUS0237,RTE061,"Jl. Kebon Jeruk No. 10, Denpasar","Jl. Sudirman No. 280, Yogyakarta",43.4,paket_sedang,express,2023-07-04,2023-07-06,2023-07-06,delivered,933100,TRK2307040004
SHP03550,CUS0200,RTE006,"Jl. Asia Afrika No. 153, Jakarta","Jl. Kenanga No. 188, Surabaya",23.7,paket_besar,regular,2024-04-08,2024-04-12,,in_transit,272550,TRK2404080004
SHP03551,CUS0383,RTE056,"Jl. Sudirman No. 266, Makassar","Jl. Anggrek No. 25, Kendari",44.5,paket_besar,regular,2022-05-21,2022-05-24,2022-05-25,delivered,422750,TRK2205210004
SHP03552,CUS0039,RTE017,"Jl. Pemuda No. 146, Jakarta","Jl. Imam Bonjol No. 95, Balikpapan",27.8,paket_besar,regular,2022-05-15,2022-05-20,2022-05-21,delivered,417000,TRK2205150004
SHP03553,CUS0269,RTE049,"Jl. Thamrin No. 280, Medan","Jl. Mawar No. 112, Banda Aceh",38.2,paket_sedang,regular,2022-06-10,2022-06-13,2022-06-13,delivered,401100,TRK2206100002
SHP03554,CUS0200,RTE012,"Jl. Anggrek No. 44, Jakarta","Jl. Merdeka No. 232, Palembang",45.6,paket_besar,express,2023-02-17,2023-02-18,2023-02-19,delivered,889200,TRK2302170002
SHP03555,CUS0008,RTE040,"Jl. Hayam Wuruk No. 4, Semarang","Jl. Kebon Jeruk No. 118, Yogyakarta",0.3,paket_besar,express,2023-04-16,2023-04-17,,returned,4800,TRK2304160004
SHP03556,CUS0284,RTE073,"Jl. Asia Afrika No. 42, Pekanbaru","Jl. Imam Bonjol No. 147, Medan",24.6,paket_kecil,regular,2024-09-04,2024-09-07,2024-09-07,delivered,233700,TRK2409040003
SHP03557,CUS0417,RTE072,"Jl. Asia Afrika No. 105, Pekanbaru","Jl. Veteran No. 244, Palembang",32.5,paket_besar,regular,2024-09-25,2024-09-29,2024-10-01,delivered,373750,TRK2409250002
SHP03558,CUS0572,RTE014,"Jl. Kenanga No. 39, Jakarta","Jl. Gajah Mada No. 177, Pekanbaru",44.9,paket_sedang,regular,2024-01-18,2024-01-23,2024-01-24,delivered,628600,TRK2401180005
SHP03559,CUS0548,RTE032,"Jl. Thamrin No. 90, Bandung","Jl. Gatot Subroto No. 103, Bogor",19.9,dokumen,regular,2023-05-04,2023-05-06,2023-05-06,delivered,159200,TRK2305040004
SHP03560,CUS0319,RTE010,"Jl. Pajajaran No. 243, Jakarta","Jl. Setiabudi No. 267, Denpasar",22.8,dokumen,express,2024-10-06,2024-10-09,2024-10-09,delivered,752400,TRK2410060009
SHP03561,CUS0015,RTE061,"Jl. Pahlawan No. 212, Denpasar","Jl. Margonda No. 129, Yogyakarta",26.6,dokumen,regular,2022-03-04,2022-03-07,2022-03-07,delivered,292600,TRK2203040002
SHP03562,CUS0091,RTE054,"Jl. Melati No. 275, Makassar","Jl. Gatot Subroto No. 89, Balikpapan",26.6,paket_sedang,regular,2023-03-30,2023-04-03,2023-04-04,delivered,305900,TRK2303300003
SHP03563,CUS0554,RTE043,"Jl. Kebon Jeruk No. 291, Semarang","Jl. Veteran No. 30, Surabaya",38.9,paket_besar,regular,2024-07-06,2024-07-09,2024-07-10,delivered,350100,TRK2407060003
SHP03564,CUS0530,RTE013,"Jl. Ahmad Yani No. 218, Jakarta","Jl. Mangga No. 179, Padang",12.6,paket_kecil,same_day,2024-05-13,2024-05-13,2024-05-14,delivered,614250,TRK2405130004
SHP03565,CUS0153,RTE032,"Jl. Setiabudi No. 90, Bandung","Jl. Thamrin No. 225, Bogor",8.5,paket_kecil,express,2024-04-28,2024-04-29,2024-04-29,delivered,136000,TRK2404280007
SHP03566,CUS0088,RTE044,"Jl. Cendrawasih No. 82, Semarang","Jl. Veteran No. 27, Denpasar",40.9,paket_kecil,express,2022-03-02,2022-03-04,2022-03-04,delivered,1063400,TRK2203020004
SHP03567,CUS0590,RTE036,"Jl. Imam Bonjol No. 252, Bandung","Jl. Thamrin No. 44, Solo",13.9,fragile,regular,2022-01-02,2022-01-05,,delivered,132050,TRK2201020007
SHP03568,CUS0262,RTE038,"Jl. Mawar No. 54, Bandung","Jl. Pahlawan No. 20, Cirebon",49.4,paket_kecil,regular,2022-09-20,2022-09-22,,in_transit,395200,TRK2209200003
SHP03569,CUS0292,RTE071,"Jl. Mawar No. 158, Pekanbaru","Jl. Anggrek No. 169, Padang",20.2,paket_kecil,regular,2025-01-20,2025-01-22,2025-01-23,delivered,171700,TRK2501200003
SHP03570,CUS0570,RTE055,"Jl. Margonda No. 36, Makassar","Jl. Melati No. 114, Surabaya",40.2,paket_kecil,regular,2024-07-29,2024-08-02,2024-08-07,delivered,482400,TRK2407290004
SHP03571,CUS0026,RTE054,"Jl. Setiabudi No. 97, Makassar","Jl. Cempaka No. 170, Balikpapan",32.1,paket_besar,regular,2022-04-11,2022-04-15,2022-04-15,delivered,369150,TRK2204110006
SHP03572,CUS0486,RTE038,"Jl. Gatot Subroto No. 212, Bandung","Jl. Mangga No. 281, Cirebon",12.6,paket_kecil,regular,2024-04-08,2024-04-10,2024-04-13,delivered,100800,TRK2404080005
SHP03573,CUS0250,RTE032,"Jl. Melati No. 191, Bandung","Jl. Cendrawasih No. 44, Bogor",45.3,paket_sedang,regular,2023-03-30,2023-04-01,2023-04-01,delivered,362400,TRK2303300004
SHP03574,CUS0464,RTE062,"Jl. Margonda No. 254, Yogyakarta","Jl. Anggrek No. 186, Solo",28.2,paket_sedang,regular,2023-11-26,2023-11-27,,lost,211500,TRK2311260003
SHP03575,CUS0518,RTE030,"Jl. Cendrawasih No. 38, Surabaya","Jl. Kenanga No. 263, Palembang",45.6,paket_kecil,regular,2023-10-02,2023-10-07,2023-10-08,delivered,638400,TRK2310020002
SHP03576,CUS0580,RTE022,"Jl. Merdeka No. 194, Surabaya","Jl. Thamrin No. 145, Semarang",6.6,paket_kecil,regular,2023-01-09,2023-01-12,2023-01-12,delivered,59400,TRK2301090004
SHP03577,CUS0400,RTE064,"Jl. Kebon Jeruk No. 32, Yogyakarta","Jl. Diponegoro No. 62, Semarang",49.3,paket_besar,regular,2023-11-13,2023-11-15,2023-11-17,delivered,369750,TRK2311130003
SHP03578,CUS0569,RTE070,"Jl. Gatot Subroto No. 204, Balikpapan","Jl. Setiabudi No. 56, Makassar",36.2,fragile,regular,2024-04-21,2024-04-25,2024-04-25,delivered,416300,TRK2404210003
SHP03579,CUS0166,RTE076,"Jl. Pemuda No. 2, Palembang","Jl. Veteran No. 261, Jakarta",49.6,paket_besar,regular,2023-09-15,2023-09-18,,returned,471200,TRK2309150004
SHP03580,CUS0220,RTE063,"Jl. Ahmad Yani No. 47, Yogyakarta","Jl. Kebon Jeruk No. 81, Malang",21.9,paket_besar,express,2022-01-20,2022-01-21,2022-01-22,delivered,438000,TRK2201200002
SHP03581,CUS0385,RTE041,"Jl. Hayam Wuruk No. 62, Semarang","Jl. Sudirman No. 269, Solo",20.7,paket_besar,express,2024-08-05,2024-08-06,,delivered,331200,TRK2408050005
SHP03582,CUS0004,RTE064,"Jl. Pajajaran No. 258, Yogyakarta","Jl. Merdeka No. 106, Semarang",34.0,paket_kecil,express,2023-09-15,2023-09-16,2023-09-15,delivered,493000,TRK2309150005
SHP03583,CUS0483,RTE047,"Jl. Mangga No. 149, Medan","Jl. Pahlawan No. 184, Pekanbaru",45.1,dokumen,regular,2024-02-04,2024-02-07,,in_transit,428450,TRK2402040002
SHP03584,CUS0460,RTE047,"Jl. Gajah Mada No. 164, Medan","Jl. Melati No. 155, Pekanbaru",26.1,paket_kecil,regular,2022-05-26,2022-05-29,2022-06-03,delivered,247950,TRK2205260005
SHP03585,CUS0508,RTE001,"Jl. Hayam Wuruk No. 202, Jakarta","Jl. Thamrin No. 173, Bandung",49.5,paket_sedang,express,2023-08-05,2023-08-06,2023-08-06,delivered,841500,TRK2308050003
SHP03586,CUS0586,RTE052,"Jl. Sudirman No. 15, Makassar","Jl. Pajajaran No. 221, Manado",46.4,paket_besar,regular,2022-05-17,2022-05-22,,in_transit,696000,TRK2205170002
SHP03587,CUS0352,RTE025,"Jl. Gatot Subroto No. 226, Surabaya","Jl. Imam Bonjol No. 208, Makassar",1.1,paket_sedang,regular,2023-08-21,2023-08-25,2023-08-26,delivered,13200,TRK2308210002
SHP03588,CUS0386,RTE077,"Jl. Mawar No. 47, Pontianak","Jl. Anggrek No. 44, Singkawang",14.7,paket_kecil,express,2024-03-03,2024-03-04,2024-03-07,delivered,257250,TRK2403030006
SHP03589,CUS0463,RTE043,"Jl. Mawar No. 171, Semarang","Jl. Gajah Mada No. 135, Surabaya",19.7,dokumen,express,2023-01-26,2023-01-27,2023-01-27,delivered,354600,TRK2301260003
SHP03590,CUS0185,RTE054,"Jl. Sudirman No. 191, Makassar","Jl. Merdeka No. 121, Balikpapan",43.6,paket_sedang,express,2023-09-28,2023-09-30,2023-10-01,delivered,1002800,TRK2309280004
SHP03591,CUS0446,RTE076,"Jl. Imam Bonjol No. 194, Palembang","Jl. Pajajaran No. 26, Jakarta",27.4,paket_besar,same_day,2022-08-25,2022-08-25,2022-08-26,delivered,760350,TRK2208250003
SHP03592,CUS0328,RTE067,"Jl. Kenanga No. 19, Balikpapan","Jl. Pemuda No. 56, Samarinda",14.5,dokumen,regular,2023-04-02,2023-04-04,,in_transit,108750,TRK2304020004
SHP03593,CUS0314,RTE068,"Jl. Mawar No. 134, Balikpapan","Jl. Hayam Wuruk No. 54, Banjarmasin",7.0,paket_besar,regular,2023-05-09,2023-05-12,2023-05-15,delivered,66500,TRK2305090005
SHP03594,CUS0058,RTE022,"Jl. Pahlawan No. 107, Surabaya","Jl. Sudirman No. 150, Semarang",14.8,fragile,regular,2022-12-01,2022-12-04,,in_transit,133200,TRK2212010004
SHP03595,CUS0087,RTE026,"Jl. Ahmad Yani No. 166, Surabaya","Jl. Hayam Wuruk No. 226, Solo",30.4,paket_sedang,regular,2024-08-31,2024-09-02,2024-09-02,delivered,258400,TRK2408310004
SHP03596,CUS0411,RTE050,"Jl. Setiabudi No. 286, Medan","Jl. Melati No. 68, Jakarta",46.9,dokumen,express,2023-03-06,2023-03-09,2023-03-12,delivered,1829100,TRK2303060001
SHP03597,CUS0357,RTE058,"Jl. Anggrek No. 102, Denpasar","Jl. Mawar No. 38, Surabaya",32.4,paket_kecil,regular,2023-08-07,2023-08-10,2023-08-10,delivered,307800,TRK2308070005
SHP03598,CUS0409,RTE063,"Jl. Mawar No. 248, Yogyakarta","Jl. Imam Bonjol No. 250, Malang",30.3,paket_besar,express,2023-02-18,2023-02-19,2023-02-21,delivered,606000,TRK2302180004
SHP03599,CUS0136,RTE035,"Jl. Cempaka No. 197, Bandung","Jl. Melati No. 112, Surabaya",23.4,paket_sedang,express,2023-10-05,2023-10-08,2023-10-08,delivered,620100,TRK2310050004
SHP03600,CUS0463,RTE075,"Jl. Asia Afrika No. 68, Palembang","Jl. Sudirman No. 157, Padang",16.8,paket_sedang,regular,2025-01-07,2025-01-11,2025-01-13,delivered,226800,TRK2501070005
SHP03601,CUS0285,RTE039,"Jl. Merdeka No. 287, Bandung","Jl. Pajajaran No. 271, Denpasar",7.0,paket_besar,regular,2024-04-06,2024-04-10,2024-04-11,delivered,94500,TRK2404060003
SHP03602,CUS0124,RTE031,"Jl. Raya Bogor No. 199, Surabaya","Jl. Imam Bonjol No. 250, Pekanbaru",13.5,paket_sedang,regular,2024-11-02,2024-11-07,2024-11-08,delivered,229500,TRK2411020007
SHP03603,CUS0598,RTE051,"Jl. Cempaka No. 5, Medan","Jl. Anggrek No. 246, Batam",26.0,paket_kecil,regular,2023-09-01,2023-09-05,2023-09-05,delivered,312000,TRK2309010002
SHP03604,CUS0246,RTE042,"Jl. Mangga No. 20, Semarang","Jl. Pajajaran No. 147, Malang",30.5,paket_sedang,regular,2023-06-18,2023-06-21,2023-06-22,delivered,289750,TRK2306180002
SHP03605,CUS0191,RTE059,"Jl. Thamrin No. 232, Denpasar","Jl. Diponegoro No. 186, Lombok",15.1,paket_kecil,regular,2024-09-10,2024-09-12,2024-09-13,delivered,120800,TRK2409100003
SHP03606,CUS0066,RTE008,"Jl. Cempaka No. 172, Jakarta","Jl. Ahmad Yani No. 236, Solo",41.4,paket_kecil,express,2023-07-22,2023-07-24,2023-07-27,delivered,1035000,TRK2307220004
SHP03607,CUS0468,RTE041,"Jl. Gatot Subroto No. 126, Semarang","Jl. Cempaka No. 64, Solo",46.6,paket_kecil,regular,2023-05-05,2023-05-07,2023-05-07,delivered,349500,TRK2305050004
SHP03608,CUS0173,RTE072,"Jl. Sudirman No. 117, Pekanbaru","Jl. Hayam Wuruk No. 212, Palembang",26.2,paket_sedang,express,2022-08-24,2022-08-27,2022-08-28,delivered,602600,TRK2208240002
SHP03609,CUS0020,RTE072,"Jl. Kebon Jeruk No. 191, Pekanbaru","Jl. Kenanga No. 254, Palembang",24.1,dokumen,same_day,2024-08-19,2024-08-19,2024-08-19,delivered,831450,TRK2408190005
SHP03610,CUS0109,RTE025,"Jl. Mangga No. 111, Surabaya","Jl. Cempaka No. 89, Makassar",49.3,paket_kecil,regular,2024-09-06,2024-09-10,,lost,591600,TRK2409060005
SHP03611,CUS0312,RTE051,"Jl. Veteran No. 48, Medan","Jl. Setiabudi No. 246, Batam",38.9,dokumen,regular,2023-01-07,2023-01-11,2023-01-11,delivered,466800,TRK2301070004
SHP03612,CUS0451,RTE068,"Jl. Cendrawasih No. 36, Balikpapan","Jl. Imam Bonjol No. 120, Banjarmasin",39.8,paket_besar,regular,2023-03-02,2023-03-05,2023-03-07,delivered,378100,TRK2303020005
SHP03613,CUS0123,RTE031,"Jl. Sudirman No. 102, Surabaya","Jl. Diponegoro No. 210, Pekanbaru",6.6,paket_sedang,express,2024-11-22,2024-11-25,2024-11-25,delivered,267300,TRK2411220004
SHP03614,CUS0028,RTE079,"Jl. Ahmad Yani No. 207, Pontianak","Jl. Imam Bonjol No. 188, Jakarta",40.5,paket_kecil,express,2024-07-15,2024-07-18,2024-07-17,delivered,911250,TRK2407150002
SHP03615,CUS0321,RTE029,"Jl. Imam Bonjol No. 153, Surabaya","Jl. Ahmad Yani No. 128, Manado",40.9,fragile,express,2023-11-21,2023-11-24,,returned,1431500,TRK2311210002
SHP03616,CUS0295,RTE014,"Jl. Diponegoro No. 56, Jakarta","Jl. Kebon Jeruk No. 239, Pekanbaru",19.1,dokumen,express,2022-03-06,2022-03-09,2022-03-11,delivered,601650,TRK2203060005
SHP03617,CUS0181,RTE068,"Jl. Cempaka No. 128, Balikpapan","Jl. Ahmad Yani No. 260, Banjarmasin",8.3,dokumen,regular,2022-11-30,2022-12-03,2022-12-05,delivered,78850,TRK2211300002
SHP03618,CUS0364,RTE032,"Jl. Imam Bonjol No. 165, Bandung","Jl. Sudirman No. 148, Bogor",31.7,paket_kecil,regular,2024-05-07,2024-05-09,2024-05-10,delivered,253600,TRK2405070002
SHP03619,CUS0040,RTE011,"Jl. Cempaka No. 87, Jakarta","Jl. Merdeka No. 97, Medan",4.6,fragile,regular,2023-09-08,2023-09-13,2023-09-12,delivered,82800,TRK2309080003
SHP03620,CUS0279,RTE016,"Jl. Hayam Wuruk No. 234, Jakarta","Jl. Hayam Wuruk No. 264, Manado",34.5,paket_sedang,regular,2024-08-04,2024-08-11,,in_transit,741750,TRK2408040002
SHP03621,CUS0434,RTE067,"Jl. Cendrawasih No. 48, Balikpapan","Jl. Kebon Jeruk No. 90, Samarinda",24.1,paket_besar,same_day,2023-02-09,2023-02-09,2023-02-11,delivered,614550,TRK2302090004
SHP03622,CUS0232,RTE031,"Jl. Hayam Wuruk No. 224, Surabaya","Jl. Cempaka No. 160, Pekanbaru",45.2,dokumen,express,2023-07-03,2023-07-06,2023-07-06,delivered,1830600,TRK2307030004
SHP03623,CUS0329,RTE058,"Jl. Imam Bonjol No. 194, Denpasar","Jl. Gatot Subroto No. 213, Surabaya",43.5,paket_besar,regular,2024-01-16,2024-01-19,,in_transit,413250,TRK2401160006
SHP03624,CUS0055,RTE054,"Jl. Pemuda No. 34, Makassar","Jl. Sudirman No. 110, Balikpapan",4.0,paket_kecil,express,2024-09-24,2024-09-26,2024-09-29,delivered,92000,TRK2409240001
SHP03625,CUS0185,RTE053,"Jl. Gajah Mada No. 72, Makassar","Jl. Merdeka No. 131, Denpasar",31.8,paket_sedang,express,2024-01-12,2024-01-14,2024-01-14,delivered,874500,TRK2401120003
SHP03626,CUS0066,RTE017,"Jl. Raya Bogor No. 32, Jakarta","Jl. Veteran No. 278, Balikpapan",14.1,fragile,regular,2022-12-22,2022-12-27,2022-12-27,delivered,211500,TRK2212220004
SHP03627,CUS0310,RTE007,"Jl. Gatot Subroto No. 263, Jakarta","Jl. Cempaka No. 89, Yogyakarta",35.3,paket_sedang,express,2022-08-23,2022-08-25,2022-08-28,delivered,811900,TRK2208230003
SHP03628,CUS0216,RTE043,"Jl. Merdeka No. 174, Semarang","Jl. Kebon Jeruk No. 135, Surabaya",41.3,paket_kecil,same_day,2024-05-30,2024-05-30,,returned,1115100,TRK2405300005
SHP03629,CUS0129,RTE069,"Jl. Raya Bogor No. 217, Balikpapan","Jl. Pajajaran No. 2, Pontianak",24.9,fragile,regular,2023-05-24,2023-05-28,2023-05-30,delivered,323700,TRK2305240004
SHP03630,CUS0519,RTE037,"Jl. Margonda No. 233, Bandung","Jl. Hayam Wuruk No. 38, Malang",12.3,paket_besar,same_day,2022-03-30,2022-03-30,2022-03-31,delivered,405900,TRK2203300004
SHP03631,CUS0280,RTE080,"Jl. Gatot Subroto No. 258, Manado","Jl. Pajajaran No. 163, Gorontalo",1.0,paket_sedang,express,2022-10-11,2022-10-13,2022-10-14,delivered,22000,TRK2210110004
SHP03632,CUS0054,RTE045,"Jl. Raya Bogor No. 162, Semarang","Jl. Setiabudi No. 138, Medan",20.9,paket_kecil,regular,2022-05-02,2022-05-08,2022-05-08,delivered,418000,TRK2205020006
SHP03633,CUS0024,RTE056,"Jl. Asia Afrika No. 50, Makassar","Jl. Cempaka No. 179, Kendari",38.6,paket_sedang,express,2024-06-19,2024-06-20,2024-06-20,delivered,733400,TRK2406190002
SHP03634,CUS0245,RTE001,"Jl. Veteran No. 61, Jakarta","Jl. Hayam Wuruk No. 274, Bandung",13.7,paket_kecil,same_day,2023-05-28,2023-05-28,2023-05-28,delivered,349350,TRK2305280003
SHP03635,CUS0131,RTE071,"Jl. Sudirman No. 165, Pekanbaru","Jl. Ahmad Yani No. 9, Padang",3.2,fragile,same_day,2023-03-08,2023-03-08,2023-03-08,delivered,98400,TRK2303080003
SHP03636,CUS0364,RTE007,"Jl. Melati No. 287, Jakarta","Jl. Melati No. 125, Yogyakarta",0.9,paket_besar,express,2023-01-22,2023-01-24,,in_transit,20700,TRK2301220003
SHP03637,CUS0596,RTE004,"Jl. Thamrin No. 123, Jakarta","Jl. Setiabudi No. 140, Bekasi",31.7,paket_besar,regular,2023-01-17,2023-01-18,2023-01-20,delivered,221900,TRK2301170006
SHP03638,CUS0163,RTE050,"Jl. Diponegoro No. 13, Medan","Jl. Hayam Wuruk No. 187, Jakarta",38.5,paket_kecil,regular,2024-02-23,2024-02-28,2024-03-01,delivered,693000,TRK2402230005
SHP03639,CUS0518,RTE039,"Jl. Cempaka No. 255, Bandung","Jl. Gajah Mada No. 197, Denpasar",39.9,paket_besar,regular,2025-01-23,2025-01-27,,returned,538650,TRK2501230005
SHP03640,CUS0225,RTE030,"Jl. Cempaka No. 125, Surabaya","Jl. Cempaka No. 298, Palembang",38.7,paket_kecil,regular,2023-12-21,2023-12-26,2023-12-26,delivered,541800,TRK2312210004
SHP03641,CUS0553,RTE065,"Jl. Anggrek No. 181, Yogyakarta","Jl. Setiabudi No. 228, Surabaya",27.4,paket_sedang,regular,2024-12-20,2024-12-23,2024-12-26,delivered,246600,TRK2412200004
SHP03642,CUS0016,RTE073,"Jl. Hayam Wuruk No. 247, Pekanbaru","Jl. Pahlawan No. 261, Medan",12.2,paket_sedang,regular,2022-01-25,2022-01-28,2022-01-29,delivered,115900,TRK2201250008
SHP03643,CUS0073,RTE072,"Jl. Cempaka No. 288, Pekanbaru","Jl. Cendrawasih No. 186, Palembang",31.6,paket_sedang,same_day,2024-12-06,2024-12-06,2024-12-06,delivered,1090200,TRK2412060005
SHP03644,CUS0019,RTE058,"Jl. Setiabudi No. 150, Denpasar","Jl. Hayam Wuruk No. 215, Surabaya",8.0,paket_kecil,same_day,2024-02-12,2024-02-12,2024-02-13,delivered,258000,TRK2402120009
SHP03645,CUS0004,RTE027,"Jl. Pahlawan No. 230, Surabaya","Jl. Asia Afrika No. 274, Medan",40.4,paket_sedang,regular,2024-12-01,2024-12-07,,in_transit,848400,TRK2412010004
SHP03646,CUS0463,RTE043,"Jl. Thamrin No. 297, Semarang","Jl. Kenanga No. 17, Surabaya",33.3,dokumen,regular,2022-09-17,2022-09-20,,in_transit,299700,TRK2209170008
SHP03647,CUS0047,RTE033,"Jl. Imam Bonjol No. 300, Bandung","Jl. Thamrin No. 237, Semarang",49.0,paket_kecil,regular,2024-03-27,2024-03-30,2024-04-01,delivered,465500,TRK2403270005
SHP03648,CUS0546,RTE033,"Jl. Melati No. 254, Bandung","Jl. Merdeka No. 86, Semarang",2.2,paket_kecil,regular,2023-07-05,2023-07-08,2023-07-07,delivered,20900,TRK2307050003
SHP03649,CUS0490,RTE031,"Jl. Kebon Jeruk No. 52, Surabaya","Jl. Mangga No. 248, Pekanbaru",4.1,paket_sedang,express,2022-01-01,2022-01-04,2022-01-04,delivered,166050,TRK2201010002
SHP03650,CUS0186,RTE008,"Jl. Setiabudi No. 101, Jakarta","Jl. Setiabudi No. 204, Solo",24.5,paket_kecil,express,2022-05-28,2022-05-30,,returned,612500,TRK2205280003
SHP03651,CUS0405,RTE080,"Jl. Kebon Jeruk No. 130, Manado","Jl. Diponegoro No. 222, Gorontalo",4.2,paket_sedang,regular,2024-04-30,2024-05-03,2024-05-04,delivered,39900,TRK2404300003
SHP03652,CUS0282,RTE062,"Jl. Gatot Subroto No. 15, Yogyakarta","Jl. Melati No. 294, Solo",11.1,paket_kecil,regular,2024-05-10,2024-05-11,,in_transit,83250,TRK2405100004
SHP03653,CUS0376,RTE018,"Jl. Margonda No. 13, Jakarta","Jl. Kenanga No. 127, Pontianak",5.4,paket_sedang,same_day,2023-01-30,2023-01-30,2023-01-30,delivered,190350,TRK2301300006
SHP03654,CUS0006,RTE010,"Jl. Pajajaran No. 198, Jakarta","Jl. Gatot Subroto No. 269, Denpasar",11.1,dokumen,regular,2022-04-06,2022-04-10,2022-04-10,delivered,155400,TRK2204060004
SHP03655,CUS0505,RTE038,"Jl. Gatot Subroto No. 197, Bandung","Jl. Imam Bonjol No. 138, Cirebon",10.6,dokumen,regular,2022-02-19,2022-02-21,2022-02-23,delivered,84800,TRK2202190007
SHP03656,CUS0152,RTE072,"Jl. Raya Bogor No. 121, Pekanbaru","Jl. Asia Afrika No. 204, Palembang",24.6,paket_kecil,regular,2024-02-22,2024-02-26,2024-02-28,delivered,282900,TRK2402220002
SHP03657,CUS0259,RTE036,"Jl. Melati No. 60, Bandung","Jl. Thamrin No. 195, Solo",2.5,paket_kecil,regular,2024-07-19,2024-07-22,,returned,23750,TRK2407190004
SHP03658,CUS0243,RTE063,"Jl. Mawar No. 271, Yogyakarta","Jl. Kenanga No. 85, Malang",3.7,paket_kecil,regular,2022-03-22,2022-03-25,2022-03-25,delivered,35150,TRK2203220007
SHP03659,CUS0165,RTE078,"Jl. Sudirman No. 258, Pontianak","Jl. Raya Bogor No. 132, Balikpapan",23.6,paket_besar,express,2022-04-06,2022-04-08,2022-04-10,delivered,660800,TRK2204060005
SHP03660,CUS0098,RTE059,"Jl. Thamrin No. 177, Denpasar","Jl. Setiabudi No. 201, Lombok",13.6,paket_sedang,express,2024-05-27,2024-05-28,2024-05-30,delivered,224400,TRK2405270002
SHP03661,CUS0553,RTE048,"Jl. Mawar No. 187, Medan","Jl. Mawar No. 11, Palembang",44.3,paket_besar,regular,2024-03-27,2024-04-01,,in_transit,664500,TRK2403270006
SHP03662,CUS0473,RTE041,"Jl. Kebon Jeruk No. 144, Semarang","Jl. Setiabudi No. 251, Solo",46.6,fragile,regular,2023-03-22,2023-03-24,2023-03-26,delivered,349500,TRK2303220006
SHP03663,CUS0495,RTE068,"Jl. Pemuda No. 277, Balikpapan","Jl. Margonda No. 206, Banjarmasin",15.8,paket_kecil,regular,2025-01-06,2025-01-09,2025-01-08,delivered,150100,TRK2501060008
SHP03664,CUS0324,RTE028,"Jl. Merdeka No. 136, Surabaya","Jl. Merdeka No. 13, Balikpapan",13.3,paket_besar,regular,2022-02-23,2022-02-27,2022-03-01,delivered,166250,TRK2202230007
SHP03665,CUS0034,RTE001,"Jl. Sudirman No. 79, Jakarta","Jl. Imam Bonjol No. 240, Bandung",17.5,paket_kecil,regular,2023-02-19,2023-02-21,2023-02-23,delivered,140000,TRK2302190004
SHP03666,CUS0445,RTE038,"Jl. Margonda No. 46, Bandung","Jl. Cendrawasih No. 108, Cirebon",26.5,paket_kecil,regular,2024-08-22,2024-08-24,2024-08-27,delivered,212000,TRK2408220005
SHP03667,CUS0145,RTE026,"Jl. Thamrin No. 99, Surabaya","Jl. Gajah Mada No. 260, Solo",8.3,paket_sedang,regular,2024-03-06,2024-03-08,2024-03-13,delivered,70550,TRK2403060003
SHP03668,CUS0255,RTE004,"Jl. Kenanga No. 28, Jakarta","Jl. Pajajaran No. 133, Bekasi",27.7,fragile,express,2022-01-27,2022-01-28,2022-01-29,delivered,429350,TRK2201270005
SHP03669,CUS0528,RTE055,"Jl. Margonda No. 41, Makassar","Jl. Asia Afrika No. 86, Surabaya",38.6,paket_sedang,regular,2023-09-16,2023-09-20,2023-09-22,delivered,463200,TRK2309160003
SHP03670,CUS0238,RTE008,"Jl. Imam Bonjol No. 164, Jakarta","Jl. Raya Bogor No. 238, Solo",46.1,paket_kecil,regular,2022-10-01,2022-10-04,2022-10-04,delivered,484050,TRK2210010005
SHP03671,CUS0415,RTE067,"Jl. Asia Afrika No. 1, Balikpapan","Jl. Mangga No. 272, Samarinda",45.0,fragile,express,2024-07-18,2024-07-19,,in_transit,765000,TRK2407180005
SHP03672,CUS0426,RTE055,"Jl. Veteran No. 189, Makassar","Jl. Diponegoro No. 44, Surabaya",16.8,fragile,express,2023-02-18,2023-02-21,2023-02-23,delivered,453600,TRK2302180005
SHP03673,CUS0463,RTE015,"Jl. Gatot Subroto No. 7, Jakarta","Jl. Mawar No. 4, Makassar",46.8,paket_sedang,express,2024-06-06,2024-06-09,2024-06-09,delivered,1521000,TRK2406060003
SHP03674,CUS0315,RTE013,"Jl. Pemuda No. 243, Jakarta","Jl. Veteran No. 180, Padang",43.8,paket_besar,regular,2025-01-29,2025-02-03,2025-02-04,delivered,678900,TRK2501290002
SHP03675,CUS0197,RTE060,"Jl. Pemuda No. 96, Denpasar","Jl. Hayam Wuruk No. 89, Makassar",15.9,paket_sedang,regular,2025-01-07,2025-01-11,2025-01-12,delivered,182850,TRK2501070006
SHP03676,CUS0584,RTE063,"Jl. Margonda No. 247, Yogyakarta","Jl. Setiabudi No. 114, Malang",34.1,paket_sedang,regular,2024-03-05,2024-03-08,2024-03-09,delivered,323950,TRK2403050004
SHP03677,CUS0396,RTE005,"Jl. Veteran No. 83, Jakarta","Jl. Raya Bogor No. 128, Semarang",32.9,paket_besar,regular,2022-07-24,2022-07-27,2022-07-27,delivered,312550,TRK2207240009
SHP03678,CUS0018,RTE079,"Jl. Gajah Mada No. 32, Pontianak","Jl. Raya Bogor No. 226, Jakarta",39.8,paket_besar,regular,2022-07-19,2022-07-23,2022-07-24,delivered,457700,TRK2207190004
SHP03679,CUS0390,RTE029,"Jl. Diponegoro No. 115, Surabaya","Jl. Thamrin No. 158, Manado",24.4,paket_sedang,regular,2024-05-07,2024-05-12,2024-05-12,delivered,414800,TRK2405070003
SHP03680,CUS0094,RTE047,"Jl. Kebon Jeruk No. 177, Medan","Jl. Raya Bogor No. 118, Pekanbaru",11.6,paket_besar,same_day,2023-08-20,2023-08-20,2023-08-20,delivered,374100,TRK2308200006
SHP03681,CUS0129,RTE075,"Jl. Raya Bogor No. 9, Palembang","Jl. Cendrawasih No. 95, Padang",27.4,paket_besar,regular,2023-10-20,2023-10-24,2023-10-26,delivered,369900,TRK2310200006
SHP03682,CUS0419,RTE051,"Jl. Thamrin No. 99, Medan","Jl. Sudirman No. 295, Batam",26.8,paket_kecil,regular,2024-12-05,2024-12-09,2024-12-09,delivered,321600,TRK2412050002
SHP03683,CUS0205,RTE036,"Jl. Mangga No. 105, Bandung","Jl. Cendrawasih No. 128, Solo",16.2,paket_sedang,express,2024-12-05,2024-12-07,,in_transit,340200,TRK2412050003
SHP03684,CUS0511,RTE057,"Jl. Cempaka No. 128, Denpasar","Jl. Pemuda No. 250, Mataram",7.3,fragile,regular,2022-07-12,2022-07-14,2022-07-16,delivered,58400,TRK2207120006
SHP03685,CUS0475,RTE050,"Jl. Diponegoro No. 49, Medan","Jl. Kenanga No. 252, Jakarta",37.3,paket_kecil,express,2024-04-13,2024-04-16,2024-04-16,delivered,1454700,TRK2404130004
SHP03686,CUS0309,RTE017,"Jl. Cempaka No. 103, Jakarta","Jl. Diponegoro No. 201, Balikpapan",26.5,paket_besar,express,2024-09-16,2024-09-19,2024-09-18,delivered,954000,TRK2409160005
SHP03687,CUS0177,RTE075,"Jl. Hayam Wuruk No. 54, Palembang","Jl. Cendrawasih No. 87, Padang",28.1,paket_sedang,express,2023-10-02,2023-10-05,,in_transit,786800,TRK2310020003
SHP03688,CUS0357,RTE034,"Jl. Anggrek No. 80, Bandung","Jl. Imam Bonjol No. 72, Yogyakarta",22.0,fragile,regular,2022-07-29,2022-08-01,2022-08-04,delivered,209000,TRK2207290006
SHP03689,CUS0192,RTE044,"Jl. Anggrek No. 50, Semarang","Jl. Diponegoro No. 287, Denpasar",45.6,paket_kecil,regular,2023-04-02,2023-04-06,2023-04-06,delivered,524400,TRK2304020005
SHP03690,CUS0263,RTE014,"Jl. Cempaka No. 227, Jakarta","Jl. Pajajaran No. 130, Pekanbaru",13.1,fragile,regular,2023-11-30,2023-12-05,2023-12-07,delivered,183400,TRK2311300003
SHP03691,CUS0133,RTE039,"Jl. Imam Bonjol No. 206, Bandung","Jl. Anggrek No. 170, Denpasar",47.0,paket_kecil,express,2022-12-31,2023-01-02,2023-01-02,delivered,1504000,TRK2212310003
SHP03692,CUS0380,RTE010,"Jl. Mawar No. 54, Jakarta","Jl. Veteran No. 191, Denpasar",34.4,paket_kecil,express,2023-09-01,2023-09-04,2023-09-04,delivered,1135200,TRK2309010003
SHP03693,CUS0466,RTE004,"Jl. Margonda No. 168, Jakarta","Jl. Sudirman No. 12, Bekasi",17.8,paket_besar,regular,2023-11-13,2023-11-14,2023-11-16,delivered,124600,TRK2311130004
SHP03694,CUS0045,RTE063,"Jl. Cendrawasih No. 215, Yogyakarta","Jl. Pemuda No. 274, Malang",23.0,paket_kecil,regular,2025-01-22,2025-01-25,,returned,218500,TRK2501220005
SHP03695,CUS0256,RTE016,"Jl. Pahlawan No. 234, Jakarta","Jl. Cendrawasih No. 24, Manado",24.8,paket_besar,regular,2023-12-19,2023-12-26,2023-12-27,delivered,533200,TRK2312190003
SHP03696,CUS0554,RTE023,"Jl. Kebon Jeruk No. 66, Surabaya","Jl. Ahmad Yani No. 186, Denpasar",6.4,paket_besar,same_day,2025-01-13,2025-01-13,2025-01-14,delivered,201600,TRK2501130005
SHP03697,CUS0397,RTE002,"Jl. Raya Bogor No. 97, Jakarta","Jl. Gajah Mada No. 128, Bogor",15.5,paket_sedang,express,2023-12-24,2023-12-25,2023-12-25,delivered,248000,TRK2312240004
SHP03698,CUS0110,RTE034,"Jl. Asia Afrika No. 53, Bandung","Jl. Kebon Jeruk No. 297, Yogyakarta",32.8,dokumen,regular,2023-08-23,2023-08-26,2023-08-27,delivered,311600,TRK2308230002
SHP03699,CUS0474,RTE029,"Jl. Mangga No. 41, Surabaya","Jl. Kebon Jeruk No. 87, Manado",41.4,paket_sedang,express,2023-04-27,2023-04-30,2023-05-03,delivered,1449000,TRK2304270003
SHP03700,CUS0321,RTE067,"Jl. Ahmad Yani No. 145, Balikpapan","Jl. Kenanga No. 5, Samarinda",33.7,paket_kecil,express,2022-05-31,2022-06-01,2022-06-01,delivered,572900,TRK2205310005
SHP03701,CUS0454,RTE063,"Jl. Margonda No. 54, Yogyakarta","Jl. Hayam Wuruk No. 198, Malang",32.4,fragile,regular,2022-01-10,2022-01-13,2022-01-15,delivered,307800,TRK2201100005
SHP03702,CUS0099,RTE058,"Jl. Pemuda No. 139, Denpasar","Jl. Melati No. 292, Surabaya",45.5,paket_kecil,express,2022-01-05,2022-01-06,2022-01-07,delivered,978250,TRK2201050006
SHP03703,CUS0030,RTE069,"Jl. Cempaka No. 82, Balikpapan","Jl. Pahlawan No. 290, Pontianak",31.8,paket_besar,regular,2022-07-18,2022-07-22,2022-07-23,delivered,413400,TRK2207180002
SHP03704,CUS0399,RTE042,"Jl. Kenanga No. 152, Semarang","Jl. Thamrin No. 80, Malang",34.8,paket_kecil,regular,2023-05-31,2023-06-03,2023-06-03,delivered,330600,TRK2305310005
SHP03705,CUS0426,RTE041,"Jl. Kenanga No. 232, Semarang","Jl. Diponegoro No. 269, Solo",0.8,paket_kecil,express,2024-02-28,2024-02-29,2024-02-29,delivered,12800,TRK2402280005
SHP03706,CUS0183,RTE053,"Jl. Thamrin No. 7, Makassar","Jl. Kenanga No. 5, Denpasar",18.3,paket_sedang,express,2022-09-04,2022-09-06,2022-09-09,delivered,503250,TRK2209040008
SHP03707,CUS0565,RTE066,"Jl. Sudirman No. 4, Yogyakarta","Jl. Margonda No. 127, Bandung",0.1,paket_kecil,regular,2024-07-23,2024-07-26,2024-07-27,delivered,950,TRK2407230006
SHP03708,CUS0560,RTE051,"Jl. Anggrek No. 246, Medan","Jl. Kebon Jeruk No. 83, Batam",39.3,paket_sedang,express,2022-11-13,2022-11-15,2022-11-15,delivered,1002150,TRK2211130003
SHP03709,CUS0196,RTE002,"Jl. Mawar No. 37, Jakarta","Jl. Thamrin No. 278, Bogor",3.2,paket_besar,express,2022-12-15,2022-12-16,2022-12-19,delivered,51200,TRK2212150005
SHP03710,CUS0210,RTE076,"Jl. Mawar No. 194, Palembang","Jl. Kebon Jeruk No. 201, Jakarta",8.5,paket_kecil,regular,2023-12-15,2023-12-18,2023-12-21,delivered,80750,TRK2312150003
SHP03711,CUS0070,RTE075,"Jl. Kenanga No. 31, Palembang","Jl. Mawar No. 2, Padang",41.9,paket_sedang,regular,2024-07-19,2024-07-23,,in_transit,565650,TRK2407190005
SHP03712,CUS0138,RTE080,"Jl. Raya Bogor No. 86, Manado","Jl. Margonda No. 158, Gorontalo",42.5,fragile,express,2024-04-17,2024-04-19,2024-04-19,delivered,935000,TRK2404170004
SHP03713,CUS0551,RTE031,"Jl. Pemuda No. 299, Surabaya","Jl. Pahlawan No. 200, Pekanbaru",10.1,paket_sedang,express,2025-01-12,2025-01-15,2025-01-16,delivered,409050,TRK2501120004
SHP03714,CUS0276,RTE079,"Jl. Hayam Wuruk No. 180, Pontianak","Jl. Cempaka No. 46, Jakarta",2.7,paket_kecil,same_day,2023-04-16,2023-04-16,2023-04-19,delivered,91125,TRK2304160005
SHP03715,CUS0369,RTE047,"Jl. Anggrek No. 259, Medan","Jl. Gajah Mada No. 234, Pekanbaru",42.3,paket_kecil,express,2023-03-29,2023-03-31,2023-03-31,delivered,909450,TRK2303290001
SHP03716,CUS0221,RTE067,"Jl. Cempaka No. 50, Balikpapan","Jl. Cendrawasih No. 42, Samarinda",33.2,dokumen,regular,2024-09-26,2024-09-28,2024-09-28,delivered,249000,TRK2409260005
SHP03717,CUS0019,RTE020,"Jl. Mangga No. 210, Surabaya","Jl. Gatot Subroto No. 140, Malang",36.0,paket_sedang,same_day,2022-04-27,2022-04-27,2022-05-02,delivered,864000,TRK2204270004
SHP03718,CUS0305,RTE009,"Jl. Cendrawasih No. 240, Jakarta","Jl. Mangga No. 168, Malang",31.4,paket_kecil,regular,2023-01-19,2023-01-23,2023-01-24,delivered,376800,TRK2301190004
SHP03719,CUS0521,RTE079,"Jl. Raya Bogor No. 50, Pontianak","Jl. Ahmad Yani No. 169, Jakarta",42.6,fragile,regular,2022-05-26,2022-05-30,2022-05-31,delivered,489900,TRK2205260006
SHP03720,CUS0124,RTE061,"Jl. Kebon Jeruk No. 83, Denpasar","Jl. Anggrek No. 144, Yogyakarta",16.9,paket_sedang,express,2024-09-17,2024-09-19,2024-09-19,delivered,363350,TRK2409170004
SHP03721,CUS0264,RTE006,"Jl. Thamrin No. 296, Jakarta","Jl. Pahlawan No. 216, Surabaya",9.3,fragile,express,2024-03-25,2024-03-27,2024-03-27,delivered,213900,TRK2403250003
SHP03722,CUS0554,RTE003,"Jl. Melati No. 95, Jakarta","Jl. Sudirman No. 29, Tangerang",27.9,paket_sedang,regular,2024-07-24,2024-07-25,,lost,195300,TRK2407240006
SHP03723,CUS0022,RTE011,"Jl. Mangga No. 255, Jakarta","Jl. Pemuda No. 108, Medan",48.2,paket_sedang,regular,2024-07-03,2024-07-08,2024-07-08,delivered,867600,TRK2407030005
SHP03724,CUS0151,RTE079,"Jl. Diponegoro No. 170, Pontianak","Jl. Gajah Mada No. 192, Jakarta",43.7,paket_sedang,regular,2025-01-25,2025-01-29,2025-01-29,delivered,502550,TRK2501250005
SHP03725,CUS0014,RTE001,"Jl. Asia Afrika No. 174, Jakarta","Jl. Margonda No. 288, Bandung",5.6,paket_besar,regular,2022-11-09,2022-11-11,,returned,44800,TRK2211090007
SHP03726,CUS0280,RTE024,"Jl. Pemuda No. 147, Surabaya","Jl. Melati No. 20, Bandung",0.3,fragile,regular,2022-08-26,2022-08-30,,lost,3450,TRK2208260005
SHP03727,CUS0586,RTE006,"Jl. Imam Bonjol No. 230, Jakarta","Jl. Diponegoro No. 158, Surabaya",34.8,paket_besar,regular,2024-01-07,2024-01-11,2024-01-13,delivered,400200,TRK2401070003
SHP03728,CUS0485,RTE063,"Jl. Pahlawan No. 148, Yogyakarta","Jl. Kenanga No. 246, Malang",24.3,paket_sedang,regular,2022-04-22,2022-04-25,2022-04-28,delivered,230850,TRK2204220005
SHP03729,CUS0545,RTE028,"Jl. Hayam Wuruk No. 226, Surabaya","Jl. Diponegoro No. 275, Balikpapan",30.2,fragile,regular,2022-04-27,2022-05-01,2022-04-30,delivered,377500,TRK2204270005
SHP03730,CUS0428,RTE032,"Jl. Ahmad Yani No. 236, Bandung","Jl. Pemuda No. 42, Bogor",25.3,paket_besar,same_day,2022-10-03,2022-10-03,,in_transit,607200,TRK2210030006
SHP03731,CUS0047,RTE020,"Jl. Pahlawan No. 100, Surabaya","Jl. Sudirman No. 162, Malang",39.1,paket_sedang,regular,2024-07-24,2024-07-25,2024-07-25,delivered,293250,TRK2407240007
SHP03732,CUS0444,RTE072,"Jl. Setiabudi No. 96, Pekanbaru","Jl. Anggrek No. 246, Palembang",19.0,fragile,regular,2024-01-02,2024-01-06,2024-01-06,delivered,218500,TRK2401020003
SHP03733,CUS0340,RTE066,"Jl. Cendrawasih No. 286, Yogyakarta","Jl. Hayam Wuruk No. 197, Bandung",43.9,paket_kecil,same_day,2024-05-22,2024-05-22,2024-05-24,delivered,1481625,TRK2405220004
SHP03734,CUS0274,RTE065,"Jl. Melati No. 269, Yogyakarta","Jl. Pahlawan No. 206, Surabaya",15.6,fragile,express,2022-08-17,2022-08-18,2022-08-18,delivered,265200,TRK2208170006
SHP03735,CUS0053,RTE007,"Jl. Pahlawan No. 176, Jakarta","Jl. Gajah Mada No. 134, Yogyakarta",20.3,paket_kecil,regular,2023-05-04,2023-05-07,2023-05-07,delivered,213150,TRK2305040005
SHP03736,CUS0522,RTE045,"Jl. Diponegoro No. 300, Semarang","Jl. Ahmad Yani No. 261, Medan",14.4,paket_sedang,regular,2022-08-31,2022-09-06,2022-09-07,delivered,288000,TRK2208310006
SHP03737,CUS0319,RTE048,"Jl. Thamrin No. 169, Medan","Jl. Raya Bogor No. 198, Palembang",10.7,paket_kecil,regular,2024-05-25,2024-05-30,2024-05-31,delivered,160500,TRK2405250005
SHP03738,CUS0343,RTE014,"Jl. Gatot Subroto No. 268, Jakarta","Jl. Asia Afrika No. 202, Pekanbaru",32.5,paket_kecil,express,2024-06-21,2024-06-24,,in_transit,1023750,TRK2406210004
SHP03739,CUS0373,RTE079,"Jl. Gajah Mada No. 167, Pontianak","Jl. Mangga No. 144, Jakarta",8.3,paket_sedang,regular,2023-01-27,2023-01-31,2023-01-31,delivered,95450,TRK2301270005
SHP03740,CUS0156,RTE037,"Jl. Gatot Subroto No. 236, Bandung","Jl. Mawar No. 45, Malang",4.1,dokumen,regular,2024-02-12,2024-02-16,2024-02-16,delivered,49200,TRK2402120010
SHP03741,CUS0472,RTE038,"Jl. Merdeka No. 195, Bandung","Jl. Thamrin No. 136, Cirebon",27.3,fragile,express,2024-11-30,2024-12-01,2024-12-01,delivered,464100,TRK2411300003
SHP03742,CUS0159,RTE057,"Jl. Asia Afrika No. 133, Denpasar","Jl. Veteran No. 213, Mataram",28.7,paket_kecil,regular,2023-02-25,2023-02-27,,in_transit,229600,TRK2302250002
SHP03743,CUS0314,RTE062,"Jl. Imam Bonjol No. 265, Yogyakarta","Jl. Kenanga No. 299, Solo",10.7,paket_sedang,regular,2024-03-11,2024-03-12,2024-03-13,delivered,80250,TRK2403110004
SHP03744,CUS0093,RTE068,"Jl. Raya Bogor No. 247, Balikpapan","Jl. Mawar No. 197, Banjarmasin",15.4,paket_besar,express,2022-04-25,2022-04-27,2022-04-28,delivered,331100,TRK2204250005
SHP03745,CUS0194,RTE011,"Jl. Cempaka No. 213, Jakarta","Jl. Kebon Jeruk No. 163, Medan",8.2,dokumen,express,2024-07-04,2024-07-07,2024-07-09,delivered,307500,TRK2407040003
SHP03746,CUS0038,RTE004,"Jl. Hayam Wuruk No. 100, Jakarta","Jl. Raya Bogor No. 34, Bekasi",6.8,paket_sedang,regular,2023-10-15,2023-10-16,,returned,47600,TRK2310150002
SHP03747,CUS0502,RTE039,"Jl. Thamrin No. 72, Bandung","Jl. Kebon Jeruk No. 273, Denpasar",37.6,paket_kecil,regular,2024-01-23,2024-01-27,2024-01-28,delivered,507600,TRK2401230004
SHP03748,CUS0453,RTE055,"Jl. Mangga No. 165, Makassar","Jl. Gajah Mada No. 290, Surabaya",43.6,dokumen,regular,2024-05-01,2024-05-05,2024-05-06,delivered,523200,TRK2405010006
SHP03749,CUS0233,RTE005,"Jl. Melati No. 266, Jakarta","Jl. Veteran No. 231, Semarang",43.4,paket_kecil,express,2023-05-11,2023-05-12,2023-05-12,delivered,954800,TRK2305110002
SHP03750,CUS0315,RTE014,"Jl. Pahlawan No. 121, Jakarta","Jl. Setiabudi No. 134, Pekanbaru",16.5,paket_besar,regular,2022-12-28,2023-01-02,,in_transit,231000,TRK2212280005
SHP03751,CUS0379,RTE067,"Jl. Thamrin No. 93, Balikpapan","Jl. Pemuda No. 178, Samarinda",16.0,paket_sedang,regular,2024-02-24,2024-02-26,,returned,120000,TRK2402240002
SHP03752,CUS0184,RTE060,"Jl. Ahmad Yani No. 107, Denpasar","Jl. Hayam Wuruk No. 53, Makassar",45.5,paket_kecil,regular,2024-11-19,2024-11-23,,in_transit,523250,TRK2411190004
SHP03753,CUS0422,RTE026,"Jl. Diponegoro No. 254, Surabaya","Jl. Margonda No. 29, Solo",7.8,dokumen,regular,2022-03-10,2022-03-12,2022-03-12,delivered,66300,TRK2203100006
SHP03754,CUS0077,RTE006,"Jl. Imam Bonjol No. 2, Jakarta","Jl. Setiabudi No. 249, Surabaya",19.5,paket_besar,regular,2023-03-02,2023-03-06,2023-03-06,delivered,224250,TRK2303020006
SHP03755,CUS0426,RTE001,"Jl. Pahlawan No. 193, Jakarta","Jl. Merdeka No. 126, Bandung",36.3,paket_kecil,regular,2024-04-06,2024-04-08,,returned,290400,TRK2404060004
SHP03756,CUS0184,RTE076,"Jl. Kenanga No. 254, Palembang","Jl. Thamrin No. 88, Jakarta",16.6,dokumen,same_day,2022-06-30,2022-06-30,,returned,460650,TRK2206300004
SHP03757,CUS0276,RTE030,"Jl. Gajah Mada No. 49, Surabaya","Jl. Melati No. 67, Palembang",32.5,paket_sedang,express,2024-01-20,2024-01-23,2024-01-22,delivered,877500,TRK2401200003
SHP03758,CUS0320,RTE069,"Jl. Gajah Mada No. 87, Balikpapan","Jl. Imam Bonjol No. 27, Pontianak",31.7,paket_besar,same_day,2023-05-19,2023-05-19,2023-05-19,delivered,1521600,TRK2305190004
SHP03759,CUS0482,RTE020,"Jl. Pahlawan No. 132, Surabaya","Jl. Thamrin No. 164, Malang",46.4,fragile,regular,2022-04-04,2022-04-05,2022-04-07,delivered,348000,TRK2204040004
SHP03760,CUS0079,RTE015,"Jl. Veteran No. 9, Jakarta","Jl. Sudirman No. 137, Makassar",18.3,paket_sedang,express,2022-10-04,2022-10-07,,in_transit,594750,TRK2210040004
SHP03761,CUS0485,RTE047,"Jl. Kebon Jeruk No. 85, Medan","Jl. Merdeka No. 138, Pekanbaru",2.7,paket_sedang,same_day,2024-02-06,2024-02-06,2024-02-06,delivered,87075,TRK2402060003
SHP03762,CUS0231,RTE029,"Jl. Hayam Wuruk No. 188, Surabaya","Jl. Gajah Mada No. 206, Manado",12.1,paket_kecil,express,2022-05-10,2022-05-13,2022-05-14,delivered,423500,TRK2205100003
SHP03763,CUS0158,RTE072,"Jl. Ahmad Yani No. 108, Pekanbaru","Jl. Cempaka No. 289, Palembang",38.9,paket_kecil,regular,2022-03-28,2022-04-01,2022-03-31,delivered,447350,TRK2203280003
SHP03764,CUS0354,RTE047,"Jl. Melati No. 107, Medan","Jl. Merdeka No. 269, Pekanbaru",0.3,paket_sedang,same_day,2022-09-15,2022-09-15,2022-09-15,delivered,9675,TRK2209150004
SHP03765,CUS0398,RTE001,"Jl. Mangga No. 148, Jakarta","Jl. Sudirman No. 156, Bandung",12.7,paket_besar,regular,2022-02-23,2022-02-25,2022-02-25,delivered,101600,TRK2202230008
SHP03766,CUS0323,RTE002,"Jl. Hayam Wuruk No. 212, Jakarta","Jl. Raya Bogor No. 201, Bogor",17.4,paket_kecil,express,2022-03-21,2022-03-22,2022-03-23,delivered,278400,TRK2203210006
SHP03767,CUS0331,RTE069,"Jl. Imam Bonjol No. 255, Balikpapan","Jl. Pajajaran No. 69, Pontianak",8.3,paket_kecil,regular,2022-03-28,2022-04-01,2022-04-01,delivered,107900,TRK2203280004
SHP03768,CUS0019,RTE008,"Jl. Imam Bonjol No. 123, Jakarta","Jl. Margonda No. 33, Solo",28.8,paket_besar,regular,2024-08-19,2024-08-22,2024-08-24,delivered,302400,TRK2408190006
SHP03769,CUS0104,RTE032,"Jl. Imam Bonjol No. 124, Bandung","Jl. Hayam Wuruk No. 41, Bogor",38.1,paket_besar,regular,2023-09-09,2023-09-11,2023-09-16,delivered,304800,TRK2309090003
SHP03770,CUS0151,RTE007,"Jl. Diponegoro No. 281, Jakarta","Jl. Imam Bonjol No. 56, Yogyakarta",6.8,paket_kecil,regular,2024-04-22,2024-04-25,2024-04-26,delivered,71400,TRK2404220006
SHP03771,CUS0124,RTE035,"Jl. Sudirman No. 68, Bandung","Jl. Kebon Jeruk No. 148, Surabaya",46.5,paket_kecil,regular,2023-06-20,2023-06-24,,lost,534750,TRK2306200005
SHP03772,CUS0160,RTE022,"Jl. Pemuda No. 123, Surabaya","Jl. Sudirman No. 77, Semarang",11.6,paket_kecil,express,2022-04-25,2022-04-26,2022-04-25,delivered,208800,TRK2204250006
SHP03773,CUS0099,RTE025,"Jl. Diponegoro No. 230, Surabaya","Jl. Anggrek No. 88, Makassar",27.3,paket_sedang,regular,2023-04-28,2023-05-02,2023-05-02,delivered,327600,TRK2304280002
SHP03774,CUS0501,RTE073,"Jl. Asia Afrika No. 120, Pekanbaru","Jl. Hayam Wuruk No. 118, Medan",38.0,paket_sedang,regular,2022-08-27,2022-08-30,2022-08-31,delivered,361000,TRK2208270003
SHP03775,CUS0497,RTE053,"Jl. Pahlawan No. 144, Makassar","Jl. Pajajaran No. 266, Denpasar",13.8,paket_besar,regular,2023-08-09,2023-08-13,2023-08-13,delivered,158700,TRK2308090005
SHP03776,CUS0551,RTE077,"Jl. Mawar No. 235, Pontianak","Jl. Mangga No. 186, Singkawang",10.9,dokumen,regular,2022-01-08,2022-01-10,2022-01-11,delivered,87200,TRK2201080003
SHP03777,CUS0001,RTE060,"Jl. Thamrin No. 28, Denpasar","Jl. Imam Bonjol No. 126, Makassar",44.8,paket_kecil,regular,2022-09-21,2022-09-25,2022-09-26,delivered,515200,TRK2209210007
SHP03778,CUS0193,RTE016,"Jl. Pajajaran No. 172, Jakarta","Jl. Cendrawasih No. 241, Manado",42.0,paket_kecil,regular,2024-09-30,2024-10-07,2024-10-09,delivered,903000,TRK2409300004
SHP03779,CUS0203,RTE055,"Jl. Pahlawan No. 75, Makassar","Jl. Pemuda No. 165, Surabaya",40.6,paket_sedang,express,2024-08-21,2024-08-24,2024-08-26,delivered,1096200,TRK2408210005
SHP03780,CUS0466,RTE026,"Jl. Kenanga No. 94, Surabaya","Jl. Margonda No. 154, Solo",9.8,paket_sedang,regular,2023-07-27,2023-07-29,,in_transit,83300,TRK2307270006
SHP03781,CUS0443,RTE022,"Jl. Cempaka No. 82, Surabaya","Jl. Pahlawan No. 96, Semarang",49.6,fragile,regular,2023-02-08,2023-02-11,2023-02-12,delivered,446400,TRK2302080005
SHP03782,CUS0085,RTE026,"Jl. Anggrek No. 167, Surabaya","Jl. Pahlawan No. 84, Solo",11.0,paket_sedang,regular,2024-02-28,2024-03-01,2024-03-01,delivered,93500,TRK2402280006
SHP03783,CUS0029,RTE075,"Jl. Margonda No. 150, Palembang","Jl. Thamrin No. 50, Padang",49.9,paket_kecil,regular,2023-09-30,2023-10-04,2023-10-04,delivered,673650,TRK2309300002
SHP03784,CUS0165,RTE024,"Jl. Mangga No. 80, Surabaya","Jl. Ahmad Yani No. 190, Bandung",19.5,paket_sedang,express,2023-03-28,2023-03-30,2023-03-31,delivered,458250,TRK2303280003
SHP03785,CUS0233,RTE045,"Jl. Thamrin No. 144, Semarang","Jl. Cendrawasih No. 81, Medan",34.7,paket_sedang,regular,2023-02-07,2023-02-13,2023-02-14,delivered,694000,TRK2302070004
SHP03786,CUS0471,RTE036,"Jl. Asia Afrika No. 181, Bandung","Jl. Merdeka No. 176, Solo",27.7,paket_besar,regular,2023-03-01,2023-03-04,,lost,263150,TRK2303010005
SHP03787,CUS0535,RTE058,"Jl. Anggrek No. 299, Denpasar","Jl. Gajah Mada No. 41, Surabaya",36.6,paket_besar,express,2022-02-14,2022-02-15,2022-02-15,delivered,786900,TRK2202140007
SHP03788,CUS0034,RTE075,"Jl. Kebon Jeruk No. 138, Palembang","Jl. Hayam Wuruk No. 288, Padang",24.2,paket_sedang,regular,2024-11-07,2024-11-11,2024-11-12,delivered,326700,TRK2411070001
SHP03789,CUS0190,RTE045,"Jl. Melati No. 67, Semarang","Jl. Veteran No. 94, Medan",37.1,paket_sedang,regular,2022-01-12,2022-01-18,2022-01-19,delivered,742000,TRK2201120003
SHP03790,CUS0573,RTE054,"Jl. Gatot Subroto No. 286, Makassar","Jl. Cendrawasih No. 156, Balikpapan",25.2,paket_kecil,express,2024-07-23,2024-07-25,2024-07-25,delivered,579600,TRK2407230007
SHP03791,CUS0359,RTE022,"Jl. Pajajaran No. 51, Surabaya","Jl. Ahmad Yani No. 281, Semarang",12.6,paket_kecil,express,2024-02-19,2024-02-20,2024-02-23,delivered,226800,TRK2402190002
SHP03792,CUS0043,RTE072,"Jl. Kebon Jeruk No. 196, Pekanbaru","Jl. Mangga No. 70, Palembang",33.3,paket_kecil,express,2022-01-02,2022-01-05,,lost,765900,TRK2201020008
SHP03793,CUS0177,RTE043,"Jl. Diponegoro No. 189, Semarang","Jl. Kebon Jeruk No. 136, Surabaya",44.6,paket_kecil,regular,2022-05-08,2022-05-11,2022-05-14,delivered,401400,TRK2205080003
SHP03794,CUS0377,RTE046,"Jl. Pajajaran No. 211, Medan","Jl. Pahlawan No. 156, Padang",48.9,paket_kecil,express,2024-04-15,2024-04-17,2024-04-17,delivered,1173600,TRK2404150006
SHP03795,CUS0520,RTE004,"Jl. Kebon Jeruk No. 292, Jakarta","Jl. Ahmad Yani No. 26, Bekasi",37.0,paket_sedang,regular,2024-09-17,2024-09-18,2024-09-17,delivered,259000,TRK2409170005
SHP03796,CUS0206,RTE055,"Jl. Ahmad Yani No. 88, Makassar","Jl. Pemuda No. 167, Surabaya",38.0,fragile,regular,2022-02-18,2022-02-22,2022-02-22,delivered,456000,TRK2202180004
SHP03797,CUS0278,RTE029,"Jl. Diponegoro No. 209, Surabaya","Jl. Kebon Jeruk No. 35, Manado",14.8,paket_kecil,regular,2023-03-02,2023-03-07,,in_transit,251600,TRK2303020007
SHP03798,CUS0490,RTE010,"Jl. Gajah Mada No. 77, Jakarta","Jl. Margonda No. 137, Denpasar",9.6,paket_kecil,express,2022-05-14,2022-05-17,,in_transit,316800,TRK2205140003
SHP03799,CUS0344,RTE053,"Jl. Kenanga No. 127, Makassar","Jl. Kebon Jeruk No. 16, Denpasar",31.0,paket_besar,regular,2023-05-09,2023-05-13,2023-05-15,delivered,356500,TRK2305090006
SHP03800,CUS0080,RTE024,"Jl. Pahlawan No. 187, Surabaya","Jl. Pahlawan No. 206, Bandung",13.9,paket_sedang,regular,2025-01-29,2025-02-02,,in_transit,159850,TRK2501290003
SHP03801,CUS0475,RTE008,"Jl. Cendrawasih No. 225, Jakarta","Jl. Kebon Jeruk No. 196, Solo",14.6,paket_kecil,regular,2023-04-22,2023-04-25,2023-04-24,delivered,153300,TRK2304220006
SHP03802,CUS0031,RTE059,"Jl. Anggrek No. 41, Denpasar","Jl. Pajajaran No. 21, Lombok",36.6,paket_besar,regular,2022-10-04,2022-10-06,2022-10-06,delivered,292800,TRK2210040005
SHP03803,CUS0297,RTE068,"Jl. Setiabudi No. 5, Balikpapan","Jl. Gajah Mada No. 201, Banjarmasin",30.3,paket_kecil,regular,2022-08-03,2022-08-06,2022-08-06,delivered,287850,TRK2208030004
SHP03804,CUS0522,RTE062,"Jl. Pemuda No. 11, Yogyakarta","Jl. Sudirman No. 144, Solo",12.9,dokumen,regular,2022-05-07,2022-05-08,2022-05-08,delivered,96750,TRK2205070001
SHP03805,CUS0197,RTE010,"Jl. Pajajaran No. 151, Jakarta","Jl. Mangga No. 89, Denpasar",50.0,paket_kecil,express,2023-03-02,2023-03-05,2023-03-04,delivered,1650000,TRK2303020008
SHP03806,CUS0425,RTE038,"Jl. Thamrin No. 136, Bandung","Jl. Gatot Subroto No. 67, Cirebon",3.8,paket_sedang,express,2023-07-17,2023-07-18,2023-07-19,delivered,64600,TRK2307170003
SHP03807,CUS0212,RTE010,"Jl. Sudirman No. 179, Jakarta","Jl. Gajah Mada No. 5, Denpasar",10.9,paket_kecil,express,2024-11-17,2024-11-20,2024-11-21,delivered,359700,TRK2411170005
SHP03808,CUS0325,RTE005,"Jl. Imam Bonjol No. 213, Jakarta","Jl. Sudirman No. 221, Semarang",22.3,paket_besar,express,2022-08-26,2022-08-27,,in_transit,490600,TRK2208260006
SHP03809,CUS0274,RTE015,"Jl. Ahmad Yani No. 268, Jakarta","Jl. Veteran No. 177, Makassar",46.9,paket_kecil,regular,2023-12-21,2023-12-26,2023-12-26,delivered,773850,TRK2312210005
SHP03810,CUS0135,RTE059,"Jl. Melati No. 27, Denpasar","Jl. Raya Bogor No. 80, Lombok",3.3,paket_besar,express,2024-03-06,2024-03-07,,in_transit,54450,TRK2403060004
SHP03811,CUS0118,RTE014,"Jl. Hayam Wuruk No. 63, Jakarta","Jl. Asia Afrika No. 41, Pekanbaru",45.4,paket_sedang,same_day,2024-08-22,2024-08-22,2024-08-24,delivered,2145150,TRK2408220006
SHP03812,CUS0263,RTE027,"Jl. Setiabudi No. 190, Surabaya","Jl. Cempaka No. 99, Medan",13.2,dokumen,regular,2024-05-13,2024-05-19,2024-05-24,delivered,277200,TRK2405130005
SHP03813,CUS0011,RTE033,"Jl. Margonda No. 256, Bandung","Jl. Pahlawan No. 163, Semarang",17.5,paket_kecil,express,2022-03-15,2022-03-17,2022-03-18,delivered,332500,TRK2203150005
SHP03814,CUS0512,RTE010,"Jl. Pahlawan No. 75, Jakarta","Jl. Sudirman No. 225, Denpasar",7.3,paket_besar,express,2023-09-20,2023-09-23,2023-09-23,delivered,240900,TRK2309200007
SHP03815,CUS0182,RTE039,"Jl. Sudirman No. 281, Bandung","Jl. Anggrek No. 224, Denpasar",36.0,dokumen,express,2024-05-27,2024-05-29,2024-05-30,delivered,1152000,TRK2405270003
SHP03816,CUS0132,RTE041,"Jl. Setiabudi No. 118, Semarang","Jl. Veteran No. 209, Solo",2.0,paket_sedang,express,2023-05-02,2023-05-03,2023-05-05,delivered,32000,TRK2305020002
SHP03817,CUS0101,RTE035,"Jl. Setiabudi No. 31, Bandung","Jl. Sudirman No. 259, Surabaya",5.8,paket_besar,express,2024-07-14,2024-07-17,,in_transit,153700,TRK2407140003
SHP03818,CUS0114,RTE076,"Jl. Diponegoro No. 95, Palembang","Jl. Anggrek No. 267, Jakarta",22.4,paket_besar,same_day,2022-06-07,2022-06-07,2022-06-07,delivered,621600,TRK2206070006
SHP03819,CUS0264,RTE080,"Jl. Diponegoro No. 183, Manado","Jl. Ahmad Yani No. 99, Gorontalo",15.0,paket_kecil,regular,2022-11-01,2022-11-04,2022-11-04,delivered,142500,TRK2211010006
SHP03820,CUS0267,RTE023,"Jl. Melati No. 125, Surabaya","Jl. Kenanga No. 222, Denpasar",31.3,paket_besar,regular,2023-07-25,2023-07-28,2023-07-29,delivered,297350,TRK2307250003
SHP03821,CUS0086,RTE005,"Jl. Hayam Wuruk No. 36, Jakarta","Jl. Setiabudi No. 88, Semarang",28.3,paket_besar,express,2024-08-17,2024-08-18,,in_transit,622600,TRK2408170005
SHP03822,CUS0152,RTE035,"Jl. Merdeka No. 10, Bandung","Jl. Pajajaran No. 219, Surabaya",24.7,paket_sedang,express,2023-04-24,2023-04-27,2023-04-28,delivered,654550,TRK2304240002
SHP03823,CUS0467,RTE059,"Jl. Anggrek No. 35, Denpasar","Jl. Sudirman No. 253, Lombok",0.3,paket_sedang,regular,2023-05-30,2023-06-01,2023-06-06,delivered,2400,TRK2305300002
SHP03824,CUS0516,RTE079,"Jl. Veteran No. 184, Pontianak","Jl. Gatot Subroto No. 113, Jakarta",9.6,paket_besar,regular,2024-07-19,2024-07-23,2024-07-24,delivered,110400,TRK2407190006
SHP03825,CUS0057,RTE072,"Jl. Pahlawan No. 128, Pekanbaru","Jl. Cendrawasih No. 198, Palembang",4.3,paket_besar,express,2022-12-02,2022-12-05,,in_transit,98900,TRK2212020003
SHP03826,CUS0017,RTE011,"Jl. Mawar No. 78, Jakarta","Jl. Mangga No. 167, Medan",36.7,paket_sedang,regular,2024-04-01,2024-04-06,2024-04-06,delivered,660600,TRK2404010004
SHP03827,CUS0576,RTE054,"Jl. Mangga No. 217, Makassar","Jl. Setiabudi No. 57, Balikpapan",48.9,paket_besar,regular,2023-07-09,2023-07-13,2023-07-12,delivered,562350,TRK2307090003
SHP03828,CUS0246,RTE080,"Jl. Sudirman No. 291, Manado","Jl. Pahlawan No. 245, Gorontalo",19.6,paket_sedang,same_day,2024-04-23,2024-04-23,2024-04-23,delivered,646800,TRK2404230008
SHP03829,CUS0542,RTE054,"Jl. Veteran No. 106, Makassar","Jl. Merdeka No. 299, Balikpapan",29.8,fragile,regular,2024-03-12,2024-03-16,,in_transit,342700,TRK2403120006
SHP03830,CUS0401,RTE052,"Jl. Kebon Jeruk No. 253, Makassar","Jl. Cendrawasih No. 5, Manado",39.6,paket_kecil,regular,2024-12-13,2024-12-18,2024-12-19,delivered,594000,TRK2412130003
SHP03831,CUS0038,RTE044,"Jl. Thamrin No. 28, Semarang","Jl. Kenanga No. 112, Denpasar",2.2,paket_sedang,regular,2024-01-09,2024-01-13,2024-01-12,delivered,25300,TRK2401090003
SHP03832,CUS0518,RTE005,"Jl. Gajah Mada No. 190, Jakarta","Jl. Cendrawasih No. 152, Semarang",15.7,dokumen,express,2023-08-13,2023-08-14,2023-08-16,delivered,345400,TRK2308130005
SHP03833,CUS0130,RTE034,"Jl. Merdeka No. 214, Bandung","Jl. Gatot Subroto No. 201, Yogyakarta",2.5,dokumen,regular,2022-03-28,2022-03-31,2022-03-31,delivered,23750,TRK2203280005
SHP03834,CUS0095,RTE075,"Jl. Asia Afrika No. 259, Palembang","Jl. Asia Afrika No. 159, Padang",30.6,paket_sedang,regular,2024-10-07,2024-10-11,2024-10-12,delivered,413100,TRK2410070002
SHP03835,CUS0015,RTE031,"Jl. Diponegoro No. 48, Surabaya","Jl. Mawar No. 227, Pekanbaru",14.0,paket_besar,express,2022-07-11,2022-07-14,2022-07-19,delivered,567000,TRK2207110003
SHP03836,CUS0490,RTE056,"Jl. Mawar No. 171, Makassar","Jl. Gajah Mada No. 12, Kendari",48.5,fragile,regular,2023-07-26,2023-07-29,2023-07-29,delivered,460750,TRK2307260003
SHP03837,CUS0506,RTE044,"Jl. Kebon Jeruk No. 102, Semarang","Jl. Pajajaran No. 54, Denpasar",16.7,paket_sedang,express,2022-09-28,2022-09-30,2022-10-03,delivered,434200,TRK2209280004
SHP03838,CUS0330,RTE007,"Jl. Margonda No. 276, Jakarta","Jl. Veteran No. 287, Yogyakarta",19.7,fragile,express,2022-05-01,2022-05-03,2022-05-03,delivered,453100,TRK2205010011
SHP03839,CUS0508,RTE038,"Jl. Kenanga No. 220, Bandung","Jl. Mawar No. 185, Cirebon",44.1,paket_sedang,regular,2023-02-21,2023-02-23,2023-02-25,delivered,352800,TRK2302210006
SHP03840,CUS0333,RTE010,"Jl. Hayam Wuruk No. 128, Jakarta","Jl. Ahmad Yani No. 253, Denpasar",14.3,paket_sedang,regular,2024-10-13,2024-10-17,2024-10-16,delivered,200200,TRK2410130005
SHP03841,CUS0108,RTE022,"Jl. Thamrin No. 235, Surabaya","Jl. Kenanga No. 23, Semarang",38.2,paket_besar,regular,2024-10-05,2024-10-08,2024-10-09,delivered,343800,TRK2410050003
SHP03842,CUS0003,RTE015,"Jl. Sudirman No. 128, Jakarta","Jl. Kebon Jeruk No. 74, Makassar",40.1,dokumen,regular,2023-05-06,2023-05-11,2023-05-11,delivered,661650,TRK2305060002
SHP03843,CUS0100,RTE052,"Jl. Sudirman No. 13, Makassar","Jl. Mangga No. 238, Manado",17.4,paket_besar,express,2023-12-26,2023-12-29,2023-12-29,delivered,495900,TRK2312260005
SHP03844,CUS0411,RTE052,"Jl. Gatot Subroto No. 289, Makassar","Jl. Sudirman No. 256, Manado",44.0,paket_kecil,regular,2022-04-09,2022-04-14,2022-04-14,delivered,660000,TRK2204090007
SHP03845,CUS0296,RTE052,"Jl. Margonda No. 39, Makassar","Jl. Cendrawasih No. 73, Manado",6.3,paket_kecil,regular,2024-06-28,2024-07-03,2024-07-03,delivered,94500,TRK2406280005
SHP03846,CUS0108,RTE003,"Jl. Hayam Wuruk No. 138, Jakarta","Jl. Setiabudi No. 20, Tangerang",8.6,paket_kecil,same_day,2023-01-04,2023-01-04,,in_transit,180600,TRK2301040003
SHP03847,CUS0536,RTE039,"Jl. Cendrawasih No. 183, Bandung","Jl. Pajajaran No. 170, Denpasar",29.3,fragile,same_day,2024-12-22,2024-12-22,2024-12-23,delivered,1406400,TRK2412220007
SHP03848,CUS0393,RTE070,"Jl. Anggrek No. 206, Balikpapan","Jl. Ahmad Yani No. 295, Makassar",44.9,paket_besar,express,2024-07-10,2024-07-12,2024-07-17,delivered,1212300,TRK2407100004
SHP03849,CUS0361,RTE025,"Jl. Cempaka No. 33, Surabaya","Jl. Kenanga No. 22, Makassar",8.9,paket_sedang,express,2024-06-21,2024-06-23,2024-06-23,delivered,218050,TRK2406210005
SHP03850,CUS0312,RTE039,"Jl. Ahmad Yani No. 115, Bandung","Jl. Pajajaran No. 115, Denpasar",33.5,paket_besar,regular,2024-02-13,2024-02-17,,returned,452250,TRK2402130006
SHP03851,CUS0038,RTE080,"Jl. Thamrin No. 263, Manado","Jl. Hayam Wuruk No. 225, Gorontalo",17.0,paket_besar,regular,2023-09-19,2023-09-22,2023-09-22,delivered,161500,TRK2309190003
SHP03852,CUS0222,RTE014,"Jl. Anggrek No. 112, Jakarta","Jl. Kebon Jeruk No. 131, Pekanbaru",9.1,paket_sedang,regular,2022-11-21,2022-11-26,2022-11-26,delivered,127400,TRK2211210005
SHP03853,CUS0170,RTE063,"Jl. Kenanga No. 176, Yogyakarta","Jl. Pahlawan No. 104, Malang",14.8,paket_besar,express,2022-06-10,2022-06-11,2022-06-11,delivered,296000,TRK2206100003
SHP03854,CUS0164,RTE015,"Jl. Setiabudi No. 219, Jakarta","Jl. Melati No. 207, Makassar",36.8,paket_besar,express,2024-04-17,2024-04-20,2024-04-19,delivered,1196000,TRK2404170005
SHP03855,CUS0021,RTE049,"Jl. Cendrawasih No. 163, Medan","Jl. Anggrek No. 229, Banda Aceh",25.2,paket_kecil,regular,2022-09-23,2022-09-26,2022-09-28,delivered,264600,TRK2209230003
SHP03856,CUS0432,RTE047,"Jl. Kenanga No. 67, Medan","Jl. Setiabudi No. 296, Pekanbaru",11.0,paket_besar,regular,2022-03-27,2022-03-30,2022-03-31,delivered,104500,TRK2203270006
SHP03857,CUS0308,RTE038,"Jl. Kebon Jeruk No. 173, Bandung","Jl. Sudirman No. 120, Cirebon",44.1,paket_sedang,regular,2024-12-15,2024-12-17,2024-12-20,delivered,352800,TRK2412150003
SHP03858,CUS0204,RTE033,"Jl. Imam Bonjol No. 200, Bandung","Jl. Cempaka No. 12, Semarang",26.2,fragile,regular,2024-12-23,2024-12-26,2024-12-26,delivered,248900,TRK2412230002
SHP03859,CUS0045,RTE018,"Jl. Cempaka No. 208, Jakarta","Jl. Hayam Wuruk No. 116, Pontianak",9.2,paket_sedang,regular,2022-06-07,2022-06-11,2022-06-11,delivered,105800,TRK2206070007
SHP03860,CUS0207,RTE003,"Jl. Melati No. 9, Jakarta","Jl. Mawar No. 54, Tangerang",30.9,paket_besar,same_day,2024-12-15,2024-12-15,,in_transit,648900,TRK2412150004
SHP03861,CUS0509,RTE067,"Jl. Cendrawasih No. 12, Balikpapan","Jl. Gatot Subroto No. 184, Samarinda",3.2,paket_besar,express,2023-04-08,2023-04-09,2023-04-12,delivered,54400,TRK2304080001
SHP03862,CUS0245,RTE036,"Jl. Hayam Wuruk No. 37, Bandung","Jl. Pahlawan No. 271, Solo",7.5,fragile,same_day,2023-05-31,2023-05-31,2023-05-31,delivered,236250,TRK2305310006
SHP03863,CUS0090,RTE066,"Jl. Merdeka No. 103, Yogyakarta","Jl. Setiabudi No. 255, Bandung",28.0,paket_kecil,express,2024-10-03,2024-10-04,2024-10-06,delivered,630000,TRK2410030004
SHP03864,CUS0315,RTE019,"Jl. Gajah Mada No. 13, Jakarta","Jl. Mawar No. 158, Banjarmasin",11.2,paket_besar,regular,2023-02-14,2023-02-18,2023-02-19,delivered,151200,TRK2302140007
SHP03865,CUS0061,RTE008,"Jl. Mawar No. 261, Jakarta","Jl. Cendrawasih No. 229, Solo",22.4,paket_kecil,regular,2022-03-12,2022-03-15,2022-03-17,delivered,235200,TRK2203120004
SHP03866,CUS0195,RTE041,"Jl. Melati No. 197, Semarang","Jl. Margonda No. 31, Solo",32.7,paket_kecil,regular,2023-03-04,2023-03-06,2023-03-06,delivered,245250,TRK2303040002
SHP03867,CUS0399,RTE009,"Jl. Ahmad Yani No. 93, Jakarta","Jl. Ahmad Yani No. 242, Malang",14.1,fragile,same_day,2022-07-10,2022-07-10,2022-07-12,delivered,602775,TRK2207100004
SHP03868,CUS0230,RTE020,"Jl. Cempaka No. 162, Surabaya","Jl. Cendrawasih No. 213, Malang",35.5,paket_sedang,express,2022-11-17,2022-11-18,2022-11-23,delivered,568000,TRK2211170007
SHP03869,CUS0271,RTE031,"Jl. Cendrawasih No. 155, Surabaya","Jl. Kenanga No. 176, Pekanbaru",3.9,paket_sedang,express,2024-07-09,2024-07-12,,returned,157950,TRK2407090003
SHP03870,CUS0371,RTE064,"Jl. Melati No. 104, Yogyakarta","Jl. Thamrin No. 199, Semarang",3.5,paket_besar,regular,2022-03-02,2022-03-04,,in_transit,26250,TRK2203020005
SHP03871,CUS0082,RTE064,"Jl. Raya Bogor No. 131, Yogyakarta","Jl. Setiabudi No. 45, Semarang",29.8,paket_kecil,same_day,2022-05-04,2022-05-04,2022-05-04,delivered,648150,TRK2205040005
SHP03872,CUS0159,RTE042,"Jl. Cendrawasih No. 262, Semarang","Jl. Merdeka No. 169, Malang",46.4,paket_sedang,regular,2022-09-16,2022-09-19,,in_transit,440800,TRK2209160004
SHP03873,CUS0457,RTE067,"Jl. Veteran No. 286, Balikpapan","Jl. Melati No. 245, Samarinda",24.0,paket_kecil,regular,2022-10-02,2022-10-04,,lost,180000,TRK2210020007
SHP03874,CUS0230,RTE039,"Jl. Melati No. 63, Bandung","Jl. Pemuda No. 177, Denpasar",5.8,paket_kecil,regular,2022-01-14,2022-01-18,,in_transit,78300,TRK2201140004
SHP03875,CUS0131,RTE069,"Jl. Kebon Jeruk No. 84, Balikpapan","Jl. Cendrawasih No. 183, Pontianak",39.9,paket_sedang,regular,2023-12-02,2023-12-06,2023-12-06,delivered,518700,TRK2312020004
SHP03876,CUS0229,RTE049,"Jl. Melati No. 186, Medan","Jl. Imam Bonjol No. 92, Banda Aceh",22.8,paket_besar,regular,2023-06-14,2023-06-17,2023-06-16,delivered,239400,TRK2306140005
SHP03877,CUS0313,RTE075,"Jl. Kebon Jeruk No. 262, Palembang","Jl. Setiabudi No. 294, Padang",12.4,paket_sedang,express,2024-01-04,2024-01-07,2024-01-07,delivered,347200,TRK2401040004
SHP03878,CUS0409,RTE039,"Jl. Kebon Jeruk No. 87, Bandung","Jl. Pahlawan No. 26, Denpasar",42.8,paket_kecil,regular,2023-11-11,2023-11-15,,in_transit,577800,TRK2311110001
SHP03879,CUS0264,RTE034,"Jl. Melati No. 204, Bandung","Jl. Gajah Mada No. 259, Yogyakarta",43.8,paket_sedang,express,2022-01-23,2022-01-24,,lost,985500,TRK2201230006
SHP03880,CUS0070,RTE072,"Jl. Pajajaran No. 240, Pekanbaru","Jl. Imam Bonjol No. 85, Palembang",41.8,dokumen,regular,2024-11-13,2024-11-17,2024-11-18,delivered,480700,TRK2411130005
SHP03881,CUS0151,RTE067,"Jl. Mawar No. 33, Balikpapan","Jl. Gajah Mada No. 266, Samarinda",11.7,paket_sedang,express,2023-06-30,2023-07-01,2023-07-01,delivered,198900,TRK2306300003
SHP03882,CUS0135,RTE075,"Jl. Cempaka No. 239, Palembang","Jl. Margonda No. 123, Padang",27.5,paket_kecil,regular,2023-07-29,2023-08-02,2023-08-02,delivered,371250,TRK2307290004
SHP03883,CUS0266,RTE069,"Jl. Setiabudi No. 4, Balikpapan","Jl. Pemuda No. 218, Pontianak",25.8,paket_kecil,same_day,2022-04-06,2022-04-06,2022-04-07,delivered,1238400,TRK2204060006
SHP03884,CUS0463,RTE052,"Jl. Merdeka No. 131, Makassar","Jl. Raya Bogor No. 90, Manado",24.4,paket_kecil,regular,2022-08-01,2022-08-06,,returned,366000,TRK2208010004
SHP03885,CUS0115,RTE045,"Jl. Mawar No. 282, Semarang","Jl. Mawar No. 100, Medan",24.1,fragile,regular,2023-12-01,2023-12-07,2023-12-10,delivered,482000,TRK2312010006
SHP03886,CUS0126,RTE052,"Jl. Pahlawan No. 34, Makassar","Jl. Pajajaran No. 251, Manado",10.7,fragile,regular,2023-04-26,2023-05-01,,in_transit,160500,TRK2304260006
SHP03887,CUS0541,RTE064,"Jl. Merdeka No. 33, Yogyakarta","Jl. Pemuda No. 11, Semarang",35.0,fragile,regular,2022-08-29,2022-08-31,2022-08-31,delivered,262500,TRK2208290002
SHP03888,CUS0426,RTE016,"Jl. Cendrawasih No. 87, Jakarta","Jl. Pemuda No. 204, Manado",30.9,paket_sedang,same_day,2024-06-02,2024-06-02,,in_transit,2433375,TRK2406020004
SHP03889,CUS0492,RTE051,"Jl. Pahlawan No. 39, Medan","Jl. Anggrek No. 71, Batam",9.1,paket_sedang,express,2023-01-07,2023-01-09,2023-01-09,delivered,232050,TRK2301070005
SHP03890,CUS0506,RTE052,"Jl. Kebon Jeruk No. 283, Makassar","Jl. Cendrawasih No. 226, Manado",2.2,paket_sedang,regular,2024-03-14,2024-03-19,2024-03-21,delivered,33000,TRK2403140004
SHP03891,CUS0095,RTE035,"Jl. Anggrek No. 293, Bandung","Jl. Gajah Mada No. 236, Surabaya",30.5,paket_kecil,express,2024-01-29,2024-02-01,,in_transit,808250,TRK2401290005
SHP03892,CUS0177,RTE025,"Jl. Hayam Wuruk No. 78, Surabaya","Jl. Cempaka No. 258, Makassar",2.9,fragile,express,2023-01-23,2023-01-25,2023-01-25,delivered,71050,TRK2301230004
SHP03893,CUS0072,RTE029,"Jl. Setiabudi No. 227, Surabaya","Jl. Veteran No. 129, Manado",17.1,paket_kecil,regular,2024-09-06,2024-09-11,2024-09-13,delivered,290700,TRK2409060006
SHP03894,CUS0099,RTE009,"Jl. Gajah Mada No. 162, Jakarta","Jl. Anggrek No. 96, Malang",42.9,fragile,express,2022-08-20,2022-08-22,2022-08-24,delivered,1222650,TRK2208200003
SHP03895,CUS0342,RTE011,"Jl. Mawar No. 48, Jakarta","Jl. Cempaka No. 1, Medan",22.6,dokumen,regular,2024-08-24,2024-08-29,,returned,406800,TRK2408240006
SHP03896,CUS0438,RTE078,"Jl. Merdeka No. 60, Pontianak","Jl. Merdeka No. 50, Balikpapan",39.7,paket_kecil,regular,2023-10-03,2023-10-07,,returned,516100,TRK2310030002
SHP03897,CUS0250,RTE071,"Jl. Merdeka No. 99, Pekanbaru","Jl. Imam Bonjol No. 152, Padang",8.2,paket_kecil,regular,2023-04-02,2023-04-04,2023-04-09,delivered,69700,TRK2304020006
SHP03898,CUS0251,RTE032,"Jl. Margonda No. 90, Bandung","Jl. Pajajaran No. 46, Bogor",1.7,paket_kecil,regular,2024-04-06,2024-04-08,2024-04-09,delivered,13600,TRK2404060005
SHP03899,CUS0071,RTE038,"Jl. Mangga No. 184, Bandung","Jl. Mangga No. 230, Cirebon",23.6,paket_kecil,express,2024-09-10,2024-09-11,2024-09-10,delivered,401200,TRK2409100004
SHP03900,CUS0439,RTE069,"Jl. Raya Bogor No. 65, Balikpapan","Jl. Gajah Mada No. 283, Pontianak",9.9,dokumen,regular,2023-03-20,2023-03-24,,lost,128700,TRK2303200004
SHP03901,CUS0338,RTE040,"Jl. Gajah Mada No. 199, Semarang","Jl. Merdeka No. 203, Yogyakarta",43.8,paket_sedang,express,2023-04-17,2023-04-18,2023-04-18,delivered,700800,TRK2304170004
SHP03902,CUS0444,RTE031,"Jl. Cendrawasih No. 154, Surabaya","Jl. Raya Bogor No. 160, Pekanbaru",36.0,paket_besar,express,2022-08-28,2022-08-31,,in_transit,1458000,TRK2208280007
SHP03903,CUS0032,RTE052,"Jl. Merdeka No. 68, Makassar","Jl. Cendrawasih No. 230, Manado",38.1,paket_sedang,express,2022-02-25,2022-02-28,,in_transit,1085850,TRK2202250005
SHP03904,CUS0387,RTE003,"Jl. Ahmad Yani No. 72, Jakarta","Jl. Mangga No. 151, Tangerang",7.4,paket_sedang,regular,2022-06-06,2022-06-07,2022-06-07,delivered,51800,TRK2206060006
SHP03905,CUS0180,RTE035,"Jl. Mawar No. 135, Bandung","Jl. Merdeka No. 175, Surabaya",2.6,paket_sedang,express,2025-01-13,2025-01-16,2025-01-19,delivered,68900,TRK2501130006
SHP03906,CUS0062,RTE074,"Jl. Mangga No. 107, Palembang","Jl. Anggrek No. 246, Lampung",6.8,paket_kecil,regular,2022-02-07,2022-02-10,,delivered,64600,TRK2202070003
SHP03907,CUS0221,RTE066,"Jl. Diponegoro No. 259, Yogyakarta","Jl. Merdeka No. 21, Bandung",5.3,paket_besar,same_day,2024-01-23,2024-01-23,2024-01-24,delivered,178875,TRK2401230005
SHP03908,CUS0306,RTE063,"Jl. Cendrawasih No. 41, Yogyakarta","Jl. Cendrawasih No. 287, Malang",49.4,dokumen,express,2024-03-06,2024-03-07,,in_transit,988000,TRK2403060005
SHP03909,CUS0526,RTE005,"Jl. Veteran No. 20, Jakarta","Jl. Pemuda No. 16, Semarang",0.4,fragile,express,2023-07-08,2023-07-09,,returned,8800,TRK2307080002
SHP03910,CUS0431,RTE067,"Jl. Sudirman No. 41, Balikpapan","Jl. Margonda No. 103, Samarinda",6.0,paket_besar,regular,2023-03-09,2023-03-11,2023-03-14,delivered,45000,TRK2303090003
SHP03911,CUS0427,RTE001,"Jl. Gajah Mada No. 253, Jakarta","Jl. Ahmad Yani No. 101, Bandung",9.4,paket_besar,regular,2022-09-03,2022-09-05,2022-09-08,delivered,75200,TRK2209030004
SHP03912,CUS0353,RTE035,"Jl. Mangga No. 171, Bandung","Jl. Cempaka No. 67, Surabaya",28.9,paket_besar,express,2022-08-09,2022-08-12,2022-08-13,delivered,765850,TRK2208090005
SHP03913,CUS0049,RTE078,"Jl. Gatot Subroto No. 121, Pontianak","Jl. Imam Bonjol No. 150, Balikpapan",3.4,paket_sedang,regular,2022-09-21,2022-09-25,,lost,44200,TRK2209210008
SHP03914,CUS0019,RTE048,"Jl. Mangga No. 155, Medan","Jl. Kenanga No. 105, Palembang",39.3,dokumen,express,2022-02-25,2022-02-28,,lost,1179000,TRK2202250006
SHP03915,CUS0077,RTE054,"Jl. Anggrek No. 7, Makassar","Jl. Asia Afrika No. 43, Balikpapan",17.1,fragile,express,2023-03-20,2023-03-22,2023-03-27,delivered,393300,TRK2303200005
SHP03916,CUS0427,RTE003,"Jl. Cempaka No. 198, Jakarta","Jl. Pemuda No. 108, Tangerang",30.5,paket_kecil,regular,2023-07-01,2023-07-02,,lost,213500,TRK2307010005
SHP03917,CUS0505,RTE027,"Jl. Diponegoro No. 31, Surabaya","Jl. Sudirman No. 299, Medan",20.8,fragile,regular,2023-02-07,2023-02-13,2023-02-13,delivered,436800,TRK2302070005
SHP03918,CUS0030,RTE046,"Jl. Veteran No. 92, Medan","Jl. Setiabudi No. 177, Padang",48.3,paket_besar,regular,2025-01-24,2025-01-27,2025-01-29,delivered,531300,TRK2501240004
SHP03919,CUS0576,RTE070,"Jl. Sudirman No. 154, Balikpapan","Jl. Cempaka No. 254, Makassar",2.3,paket_sedang,express,2023-11-08,2023-11-10,2023-11-10,delivered,62100,TRK2311080005
SHP03920,CUS0100,RTE052,"Jl. Mangga No. 108, Makassar","Jl. Pahlawan No. 145, Manado",1.7,paket_kecil,same_day,2024-07-11,2024-07-11,,in_transit,72675,TRK2407110004
SHP03921,CUS0297,RTE013,"Jl. Gatot Subroto No. 290, Jakarta","Jl. Merdeka No. 190, Padang",10.0,dokumen,regular,2023-04-26,2023-05-01,2023-05-02,delivered,155000,TRK2304260007
SHP03922,CUS0594,RTE010,"Jl. Margonda No. 203, Jakarta","Jl. Setiabudi No. 205, Denpasar",24.9,paket_sedang,express,2024-01-08,2024-01-11,,in_transit,821700,TRK2401080006
SHP03923,CUS0159,RTE010,"Jl. Anggrek No. 171, Jakarta","Jl. Raya Bogor No. 259, Denpasar",42.5,paket_kecil,same_day,2022-03-29,2022-03-29,2022-03-29,delivered,2103750,TRK2203290002
SHP03924,CUS0194,RTE078,"Jl. Ahmad Yani No. 74, Pontianak","Jl. Mangga No. 8, Balikpapan",1.7,paket_besar,express,2024-12-23,2024-12-25,2024-12-26,delivered,47600,TRK2412230003
SHP03925,CUS0147,RTE042,"Jl. Setiabudi No. 277, Semarang","Jl. Kebon Jeruk No. 167, Malang",24.3,paket_besar,express,2025-01-19,2025-01-20,2025-01-19,delivered,449550,TRK2501190004
SHP03926,CUS0490,RTE004,"Jl. Merdeka No. 232, Jakarta","Jl. Melati No. 106, Bekasi",37.6,paket_kecil,regular,2024-04-18,2024-04-19,,in_transit,263200,TRK2404180004
SHP03927,CUS0581,RTE040,"Jl. Anggrek No. 182, Semarang","Jl. Merdeka No. 32, Yogyakarta",22.9,paket_sedang,express,2022-06-09,2022-06-10,,in_transit,366400,TRK2206090005
SHP03928,CUS0194,RTE033,"Jl. Sudirman No. 179, Bandung","Jl. Margonda No. 61, Semarang",46.2,dokumen,regular,2022-05-28,2022-05-31,,returned,438900,TRK2205280004
SHP03929,CUS0567,RTE013,"Jl. Veteran No. 198, Jakarta","Jl. Gatot Subroto No. 254, Padang",43.9,dokumen,regular,2024-11-20,2024-11-25,2024-11-27,delivered,680450,TRK2411200004
SHP03930,CUS0312,RTE014,"Jl. Pajajaran No. 70, Jakarta","Jl. Raya Bogor No. 99, Pekanbaru",33.3,paket_sedang,regular,2022-01-18,2022-01-23,,returned,466200,TRK2201180005
SHP03931,CUS0597,RTE037,"Jl. Raya Bogor No. 167, Bandung","Jl. Pahlawan No. 163, Malang",16.4,paket_kecil,express,2024-02-28,2024-03-01,2024-03-01,delivered,360800,TRK2402280007
SHP03932,CUS0370,RTE056,"Jl. Gatot Subroto No. 140, Makassar","Jl. Ahmad Yani No. 52, Kendari",46.8,paket_sedang,same_day,2025-01-15,2025-01-15,2025-01-15,delivered,1333800,TRK2501150004
SHP03933,CUS0065,RTE008,"Jl. Cempaka No. 98, Jakarta","Jl. Raya Bogor No. 67, Solo",6.1,paket_kecil,regular,2022-08-09,2022-08-12,2022-08-13,delivered,64050,TRK2208090006
SHP03934,CUS0442,RTE015,"Jl. Asia Afrika No. 50, Jakarta","Jl. Pemuda No. 264, Makassar",48.5,paket_kecil,same_day,2022-03-19,2022-03-19,2022-03-20,delivered,2364375,TRK2203190004
SHP03935,CUS0352,RTE018,"Jl. Raya Bogor No. 211, Jakarta","Jl. Gatot Subroto No. 68, Pontianak",6.3,paket_besar,regular,2023-09-04,2023-09-08,2023-09-09,delivered,72450,TRK2309040002
SHP03936,CUS0062,RTE001,"Jl. Gatot Subroto No. 33, Jakarta","Jl. Pahlawan No. 107, Bandung",11.0,paket_sedang,regular,2024-05-09,2024-05-11,2024-05-12,delivered,88000,TRK2405090003
SHP03937,CUS0391,RTE044,"Jl. Gajah Mada No. 200, Semarang","Jl. Kebon Jeruk No. 238, Denpasar",45.3,paket_kecil,express,2023-01-29,2023-01-31,2023-01-31,delivered,1177800,TRK2301290002
SHP03938,CUS0315,RTE013,"Jl. Pemuda No. 124, Jakarta","Jl. Pemuda No. 145, Padang",19.7,paket_kecil,express,2022-02-16,2022-02-19,,in_transit,640250,TRK2202160007
SHP03939,CUS0499,RTE034,"Jl. Raya Bogor No. 29, Bandung","Jl. Hayam Wuruk No. 103, Yogyakarta",25.7,fragile,same_day,2022-01-28,2022-01-28,,lost,867375,TRK2201280010
SHP03940,CUS0351,RTE079,"Jl. Gajah Mada No. 4, Pontianak","Jl. Cempaka No. 139, Jakarta",8.2,paket_sedang,regular,2025-01-17,2025-01-21,2025-01-21,delivered,94300,TRK2501170005
SHP03941,CUS0157,RTE043,"Jl. Mawar No. 252, Semarang","Jl. Pahlawan No. 44, Surabaya",1.4,paket_sedang,regular,2024-08-14,2024-08-17,2024-08-17,delivered,12600,TRK2408140003
SHP03942,CUS0126,RTE007,"Jl. Gajah Mada No. 299, Jakarta","Jl. Gatot Subroto No. 180, Yogyakarta",37.1,fragile,express,2024-11-08,2024-11-10,,returned,853300,TRK2411080006
SHP03943,CUS0087,RTE048,"Jl. Hayam Wuruk No. 173, Medan","Jl. Gatot Subroto No. 283, Palembang",15.7,paket_kecil,regular,2022-12-09,2022-12-14,,in_transit,235500,TRK2212090004
SHP03944,CUS0435,RTE033,"Jl. Veteran No. 163, Bandung","Jl. Diponegoro No. 71, Semarang",4.9,paket_kecil,express,2023-09-18,2023-09-20,2023-09-20,delivered,93100,TRK2309180004
SHP03945,CUS0538,RTE062,"Jl. Kebon Jeruk No. 88, Yogyakarta","Jl. Mangga No. 274, Solo",3.1,paket_kecil,regular,2022-06-05,2022-06-06,2022-06-07,delivered,23250,TRK2206050003
SHP03946,CUS0470,RTE023,"Jl. Imam Bonjol No. 161, Surabaya","Jl. Setiabudi No. 55, Denpasar",32.7,paket_kecil,regular,2022-10-26,2022-10-29,,in_transit,310650,TRK2210260006
SHP03947,CUS0034,RTE040,"Jl. Kebon Jeruk No. 172, Semarang","Jl. Melati No. 265, Yogyakarta",37.7,fragile,regular,2022-08-07,2022-08-09,2022-08-09,delivered,282750,TRK2208070004
SHP03948,CUS0389,RTE018,"Jl. Pajajaran No. 191, Jakarta","Jl. Veteran No. 32, Pontianak",11.0,paket_besar,regular,2022-05-14,2022-05-18,2022-05-18,delivered,126500,TRK2205140004
SHP03949,CUS0016,RTE015,"Jl. Asia Afrika No. 108, Jakarta","Jl. Gatot Subroto No. 145, Makassar",21.3,paket_besar,regular,2022-06-21,2022-06-26,,lost,351450,TRK2206210006
SHP03950,CUS0289,RTE032,"Jl. Mawar No. 245, Bandung","Jl. Anggrek No. 15, Bogor",48.2,paket_kecil,express,2022-10-10,2022-10-11,2022-10-13,delivered,771200,TRK2210100004
SHP03951,CUS0490,RTE061,"Jl. Sudirman No. 65, Denpasar","Jl. Cendrawasih No. 28, Yogyakarta",37.1,paket_sedang,regular,2024-08-26,2024-08-29,2024-08-30,delivered,408100,TRK2408260005
SHP03952,CUS0531,RTE058,"Jl. Margonda No. 95, Denpasar","Jl. Gajah Mada No. 207, Surabaya",33.6,paket_sedang,same_day,2023-09-19,2023-09-19,2023-09-19,delivered,1083600,TRK2309190004
SHP03953,CUS0217,RTE045,"Jl. Sudirman No. 230, Semarang","Jl. Margonda No. 223, Medan",39.3,paket_sedang,regular,2024-07-14,2024-07-20,,in_transit,786000,TRK2407140004
SHP03954,CUS0172,RTE058,"Jl. Margonda No. 207, Denpasar","Jl. Merdeka No. 112, Surabaya",28.3,paket_sedang,regular,2024-06-26,2024-06-29,2024-06-29,delivered,268850,TRK2406260002
SHP03955,CUS0109,RTE079,"Jl. Pemuda No. 256, Pontianak","Jl. Hayam Wuruk No. 25, Jakarta",32.9,paket_besar,express,2023-01-12,2023-01-15,2023-01-15,delivered,740250,TRK2301120003
SHP03956,CUS0098,RTE009,"Jl. Diponegoro No. 248, Jakarta","Jl. Sudirman No. 145, Malang",7.2,fragile,regular,2023-04-03,2023-04-07,2023-04-07,delivered,86400,TRK2304030004
SHP03957,CUS0142,RTE027,"Jl. Setiabudi No. 283, Surabaya","Jl. Gatot Subroto No. 156, Medan",11.7,paket_kecil,regular,2024-06-02,2024-06-08,2024-06-13,delivered,245700,TRK2406020005
SHP03958,CUS0483,RTE040,"Jl. Raya Bogor No. 158, Semarang","Jl. Cendrawasih No. 299, Yogyakarta",24.4,paket_sedang,regular,2024-12-15,2024-12-17,2024-12-19,delivered,183000,TRK2412150005
SHP03959,CUS0594,RTE043,"Jl. Gatot Subroto No. 57, Semarang","Jl. Asia Afrika No. 190, Surabaya",24.8,fragile,regular,2023-05-07,2023-05-10,,returned,223200,TRK2305070004
SHP03960,CUS0597,RTE008,"Jl. Merdeka No. 254, Jakarta","Jl. Asia Afrika No. 165, Solo",32.4,fragile,express,2024-03-31,2024-04-02,,in_transit,810000,TRK2403310002
SHP03961,CUS0011,RTE024,"Jl. Imam Bonjol No. 155, Surabaya","Jl. Diponegoro No. 108, Bandung",20.2,paket_kecil,regular,2023-11-26,2023-11-30,,in_transit,232300,TRK2311260004
SHP03962,CUS0522,RTE069,"Jl. Pajajaran No. 147, Balikpapan","Jl. Margonda No. 193, Pontianak",37.1,paket_besar,regular,2022-05-22,2022-05-26,2022-05-28,delivered,482300,TRK2205220003
SHP03963,CUS0473,RTE071,"Jl. Melati No. 178, Pekanbaru","Jl. Sudirman No. 266, Padang",33.5,paket_kecil,express,2024-07-30,2024-07-31,,returned,686750,TRK2407300004
SHP03964,CUS0068,RTE009,"Jl. Melati No. 271, Jakarta","Jl. Ahmad Yani No. 158, Malang",14.0,dokumen,same_day,2024-09-25,2024-09-25,2024-09-27,delivered,598500,TRK2409250003
SHP03965,CUS0522,RTE078,"Jl. Ahmad Yani No. 88, Pontianak","Jl. Ahmad Yani No. 158, Balikpapan",46.9,paket_sedang,regular,2024-04-11,2024-04-15,2024-04-15,delivered,609700,TRK2404110002
SHP03966,CUS0054,RTE037,"Jl. Pemuda No. 276, Bandung","Jl. Setiabudi No. 204, Malang",39.3,paket_besar,regular,2022-09-02,2022-09-06,2022-09-07,delivered,471600,TRK2209020005
SHP03967,CUS0078,RTE053,"Jl. Gatot Subroto No. 270, Makassar","Jl. Pahlawan No. 251, Denpasar",35.9,paket_sedang,regular,2024-07-01,2024-07-05,2024-07-06,delivered,412850,TRK2407010005
SHP03968,CUS0428,RTE057,"Jl. Anggrek No. 150, Denpasar","Jl. Gajah Mada No. 65, Mataram",23.2,paket_kecil,regular,2022-07-29,2022-07-31,2022-08-01,delivered,185600,TRK2207290007
SHP03969,CUS0533,RTE014,"Jl. Hayam Wuruk No. 213, Jakarta","Jl. Melati No. 168, Pekanbaru",42.8,paket_kecil,regular,2023-11-18,2023-11-23,2023-11-23,delivered,599200,TRK2311180004
SHP03970,CUS0361,RTE044,"Jl. Raya Bogor No. 225, Semarang","Jl. Cempaka No. 234, Denpasar",31.9,dokumen,regular,2022-05-05,2022-05-09,2022-05-10,delivered,366850,TRK2205050006
SHP03971,CUS0453,RTE008,"Jl. Pemuda No. 192, Jakarta","Jl. Hayam Wuruk No. 108, Solo",1.4,dokumen,express,2023-02-06,2023-02-08,,returned,35000,TRK2302060004
SHP03972,CUS0107,RTE034,"Jl. Asia Afrika No. 78, Bandung","Jl. Melati No. 89, Yogyakarta",48.1,paket_sedang,regular,2023-01-11,2023-01-14,2023-01-15,delivered,456950,TRK2301110004
SHP03973,CUS0568,RTE046,"Jl. Imam Bonjol No. 230, Medan","Jl. Margonda No. 66, Padang",13.0,paket_kecil,regular,2022-11-29,2022-12-02,2022-12-02,delivered,143000,TRK2211290001
SHP03974,CUS0108,RTE064,"Jl. Melati No. 148, Yogyakarta","Jl. Kebon Jeruk No. 273, Semarang",17.8,paket_kecil,express,2024-04-06,2024-04-07,2024-04-07,delivered,258100,TRK2404060006
SHP03975,CUS0160,RTE035,"Jl. Merdeka No. 225, Bandung","Jl. Pemuda No. 80, Surabaya",25.3,paket_kecil,regular,2022-02-18,2022-02-22,2022-02-22,delivered,290950,TRK2202180005
SHP03976,CUS0053,RTE036,"Jl. Gatot Subroto No. 2, Bandung","Jl. Cendrawasih No. 150, Solo",45.2,paket_sedang,regular,2022-11-28,2022-12-01,2022-12-01,delivered,429400,TRK2211280003
SHP03977,CUS0161,RTE008,"Jl. Raya Bogor No. 55, Jakarta","Jl. Pajajaran No. 143, Solo",25.7,paket_sedang,express,2024-04-22,2024-04-24,2024-04-25,delivered,642500,TRK2404220007
SHP03978,CUS0238,RTE057,"Jl. Pahlawan No. 192, Denpasar","Jl. Thamrin No. 29, Mataram",28.7,fragile,regular,2023-12-03,2023-12-05,,in_transit,229600,TRK2312030002
SHP03979,CUS0400,RTE080,"Jl. Merdeka No. 92, Manado","Jl. Thamrin No. 192, Gorontalo",36.7,paket_sedang,regular,2022-03-27,2022-03-30,2022-03-30,delivered,348650,TRK2203270007
SHP03980,CUS0582,RTE050,"Jl. Kebon Jeruk No. 59, Medan","Jl. Raya Bogor No. 172, Jakarta",45.8,paket_sedang,regular,2023-12-21,2023-12-26,2023-12-26,delivered,824400,TRK2312210006
SHP03981,CUS0407,RTE033,"Jl. Mangga No. 136, Bandung","Jl. Gatot Subroto No. 53, Semarang",45.3,dokumen,regular,2022-12-16,2022-12-19,2022-12-18,delivered,430350,TRK2212160007
SHP03982,CUS0584,RTE049,"Jl. Melati No. 207, Medan","Jl. Pajajaran No. 18, Banda Aceh",14.9,fragile,regular,2022-10-22,2022-10-25,2022-10-25,delivered,156450,TRK2210220003
SHP03983,CUS0191,RTE013,"Jl. Gajah Mada No. 62, Jakarta","Jl. Margonda No. 239, Padang",15.8,paket_sedang,express,2023-01-02,2023-01-05,,returned,513500,TRK2301020005
SHP03984,CUS0591,RTE053,"Jl. Sudirman No. 173, Makassar","Jl. Anggrek No. 221, Denpasar",17.7,dokumen,regular,2023-03-10,2023-03-14,2023-03-14,delivered,203550,TRK2303100001
SHP03985,CUS0183,RTE023,"Jl. Thamrin No. 254, Surabaya","Jl. Thamrin No. 147, Denpasar",10.9,paket_besar,regular,2024-07-21,2024-07-24,2024-07-25,delivered,103550,TRK2407210001
SHP03986,CUS0170,RTE019,"Jl. Kenanga No. 239, Jakarta","Jl. Ahmad Yani No. 171, Banjarmasin",45.6,paket_sedang,same_day,2024-03-30,2024-03-30,2024-03-31,delivered,2017800,TRK2403300004
SHP03987,CUS0301,RTE022,"Jl. Kenanga No. 204, Surabaya","Jl. Thamrin No. 43, Semarang",24.4,paket_kecil,express,2024-08-22,2024-08-23,2024-08-24,delivered,439200,TRK2408220007
SHP03988,CUS0543,RTE058,"Jl. Merdeka No. 258, Denpasar","Jl. Setiabudi No. 265, Surabaya",3.0,paket_kecil,regular,2022-03-09,2022-03-12,2022-03-13,delivered,28500,TRK2203090008
SHP03989,CUS0177,RTE075,"Jl. Diponegoro No. 107, Palembang","Jl. Anggrek No. 114, Padang",18.3,fragile,regular,2023-03-07,2023-03-11,2023-03-12,delivered,247050,TRK2303070003
SHP03990,CUS0344,RTE006,"Jl. Ahmad Yani No. 147, Jakarta","Jl. Anggrek No. 16, Surabaya",19.9,paket_kecil,regular,2023-06-25,2023-06-29,,returned,228850,TRK2306250002
SHP03991,CUS0286,RTE071,"Jl. Raya Bogor No. 205, Pekanbaru","Jl. Kenanga No. 129, Padang",20.5,paket_kecil,regular,2022-12-13,2022-12-15,2022-12-15,delivered,174250,TRK2212130008
SHP03992,CUS0406,RTE047,"Jl. Hayam Wuruk No. 160, Medan","Jl. Diponegoro No. 240, Pekanbaru",29.3,paket_kecil,express,2024-08-18,2024-08-20,2024-08-20,delivered,629950,TRK2408180006
SHP03993,CUS0124,RTE039,"Jl. Raya Bogor No. 196, Bandung","Jl. Gatot Subroto No. 198, Denpasar",30.7,paket_besar,regular,2023-10-01,2023-10-05,2023-10-06,delivered,414450,TRK2310010003
SHP03994,CUS0390,RTE010,"Jl. Thamrin No. 77, Jakarta","Jl. Cempaka No. 219, Denpasar",33.1,paket_sedang,regular,2023-06-24,2023-06-28,,in_transit,463400,TRK2306240004
SHP03995,CUS0301,RTE011,"Jl. Mangga No. 23, Jakarta","Jl. Setiabudi No. 136, Medan",10.0,paket_sedang,regular,2022-12-08,2022-12-13,2022-12-14,delivered,180000,TRK2212080007
SHP03996,CUS0425,RTE059,"Jl. Thamrin No. 170, Denpasar","Jl. Sudirman No. 106, Lombok",16.1,paket_besar,regular,2023-05-02,2023-05-04,2023-05-07,delivered,128800,TRK2305020003
SHP03997,CUS0192,RTE036,"Jl. Imam Bonjol No. 138, Bandung","Jl. Setiabudi No. 167, Solo",49.1,paket_besar,regular,2023-08-26,2023-08-29,2023-08-30,delivered,466450,TRK2308260004
SHP03998,CUS0366,RTE012,"Jl. Gatot Subroto No. 300, Jakarta","Jl. Mangga No. 17, Palembang",45.6,paket_kecil,regular,2023-04-27,2023-04-30,,in_transit,433200,TRK2304270004
SHP03999,CUS0181,RTE024,"Jl. Raya Bogor No. 207, Surabaya","Jl. Melati No. 37, Bandung",38.0,dokumen,express,2024-11-07,2024-11-09,2024-11-09,delivered,893000,TRK2411070002
SHP04000,CUS0185,RTE045,"Jl. Cempaka No. 88, Semarang","Jl. Raya Bogor No. 233, Medan",9.0,fragile,regular,2024-04-10,2024-04-16,2024-04-17,delivered,180000,TRK2404100002
